✓ [coupang] 테팔 인덕션 매직핸즈 스테인리스 컬렉션 트라이미 프라이팬세트 3개 | 우리 76,800 → 네이버 비슷(76,300)
✓ [coupang] 굽네 닭가슴살 후랑크 120g 마늘 3개입 + 청양고추 2개입 + 블 | 우리 22,500 → 네이버 추천(33,600)
✓ [gmarket] 고추장아찌 무침 국내산100% 500g 여수김치명가에서 제조한 새콤달 | 우리 14,630 → 네이버 비슷(14,620)
✓ [gmarket] (20%+10%) 테리파머 호텔수건 고중량 200g 10장 수건 타월 | 우리 27,880 → 네이버 비추(21,700)
✓ [gmarket] 아토베리어365 크림 80ml + 증정 | 우리 21,450 → 네이버 비추(16,370)
✓ [gmarket] 삼성 비스포크AI스팀 물걸레 올인원 로봇청소기 VR70F00AGG 새 | 우리 1,410,000 → 네이버 비슷(1,410,000)
✓ [gmarket] (6/22~6/24) 오향담은 순살족발 300g x4팩 앞다리살100 | 우리 18,990 → 네이버 비슷(18,990)
✓ [gmarket] 1+1 포블리 플리츠 탱글 수축백 미니멀 감성 에코백 | 우리 7,900 → 네이버 비슷(7,890)
✓ [gmarket] ( 평균 13브릭스 엄선 ) 국내산 고당도 꿀 수박 6-8KG급 | 우리 17,390 → 네이버 비추(14,160)
✓ [gmarket] 이맛쌀 20kg | 우리 60,440 → 네이버 비슷(59,980)
✓ [gmarket] 햇반 백미 윤기가득쌀밥 210g 36개 | 우리 40,050 → 네이버 비추(32,700)
✓ [gmarket] (신선집중/15%+NH10%)생생스토리 스테비아 대추 방울 토망고 5 | 우리 13,520 → 네이버 비추(11,750)
✓ [11st] 은행튀김&대추칩 150g 2팩 | 우리 9,920 → 네이버 비슷(9,920)
✓ [11st] 헬리코박터 프로젝트 윌 오리지널 에코 180ml 10개 | 우리 15,920 → 네이버 비슷(15,920)
✓ [11st] [품질보장] 바다해 국내가공 백진미채 대용량 1kg | 우리 23,340 → 네이버 추천(43,980)
✓ [11st] 단 1회 착유 고기중독 단1회착유 통참깨 진심 참기름 350ml+35 | 우리 12,890 → 네이버 추천(14,010)
✓ [11st] 지리산 물하나 무/유라벨 랜덤 2L, 24개 | 우리 11,200 → 네이버 비슷(11,200)
✓ [11st] 연세유업 공식운영 [최종 9,980원] 연세 요거트 딸기 80g x  | 우리 23,200 → 네이버 비추(12,400)
✓ [11st] [에치와이] 헬리코박터 프로젝트 윌 오리지널 에코 180ml, 10개 | 우리 15,920 → 네이버 비슷(15,920)

판정 19/98 (19%) · DB기록 98건
✓ [coupang] 테팔 인덕션 매직핸즈 스테인리스 컬렉션 트라이미 프라이팬세트 3개 | 우리 76,800 → 네이버 비슷(76,300)
✓ [coupang] 굽네 닭가슴살 후랑크 120g 마늘 3개입 + 청양고추 2개입 + 블 | 우리 22,500 → 네이버 추천(33,600)
✓ [gmarket] (20%+10%) 테리파머 호텔수건 고중량 200g 10장 수건 타월 | 우리 27,880 → 네이버 비추(21,700)
✓ [gmarket] 아토베리어365 크림 80ml + 증정 | 우리 21,450 → 네이버 비추(16,370)
✓ [gmarket] 습기제로 제습제 총 24입 (8입3개) | 우리 16,900 → 네이버 추천(20,000)
✓ [gmarket] HACCP 국내산 펌핑 헛개차/보리차 진액 1000g ㅣ전용 디스펜서 | 우리 23,720 → 네이버 비슷(23,710)
✓ [gmarket] (한식대가PICK) 햇살바다 시원 깔끔 조개탕 500g X 5팩 (해 | 우리 16,830 → 네이버 비슷(16,830)
✓ [gmarket] 1+1 포블리 플리츠 탱글 수축백 미니멀 감성 에코백 | 우리 7,900 → 네이버 비슷(7,890)
✓ [gmarket] ( 평균 13브릭스 엄선 ) 국내산 고당도 꿀 수박 6-8KG급 | 우리 17,390 → 네이버 비추(14,160)
✓ [gmarket] 이맛쌀 20kg | 우리 60,440 → 네이버 비슷(59,980)
✓ [gmarket] 햇반 백미 윤기가득쌀밥 210g 36개 | 우리 40,050 → 네이버 비추(32,700)
✓ [gmarket] (신선집중/15%+NH10%)생생스토리 스테비아 대추 방울 토망고 5 | 우리 13,520 → 네이버 비추(11,750)
✓ [11st] 쿡솜씨 깻잎매콤순대볶음 밀키트 2인분 | 우리 5,890 → 네이버 추천(9,600)
✓ [11st] [1+1+1]현대약품 마이녹셀 스칼프 탈모 앰플 60ml | 우리 25,110 → 네이버 비추(12,590)
✓ [11st] 춘천 닭갈비 [BBQ] 춘천식 닭갈비 떡볶이 600g, 2개 | 우리 18,820 → 네이버 비추(17,430)
✓ [11st] 몬타 더 에어그릴 가정용 에어프라이어 대용량 전기그릴 멀티쿠커 MAF | 우리 198,000 → 네이버 추천(398,000)

판정 16/97 (16%) · DB기록 97건
✓ [coupang] 테팔 인덕션 매직핸즈 스테인리스 컬렉션 트라이미 프라이팬세트 3개 | 우리 76,800 → 네이버 비슷(76,300)
✓ [coupang] 굽네 닭가슴살 후랑크 120g 마늘 3개입 + 청양고추 2개입 + 블 | 우리 22,500 → 네이버 추천(33,600)
✓ [gmarket] (20%+10%) 테리파머 호텔수건 고중량 200g 10장 수건 타월 | 우리 27,880 → 네이버 비추(21,700)
✓ [gmarket] 아토베리어365 크림 80ml + 증정 | 우리 21,450 → 네이버 비추(16,370)
✓ [gmarket] 습기제로 제습제 총 24입 (8입3개) | 우리 16,900 → 네이버 추천(20,000)
✓ [gmarket] HACCP 국내산 펌핑 헛개차/보리차 진액 1000g ㅣ전용 디스펜서 | 우리 23,720 → 네이버 비슷(23,710)
✓ [gmarket] (한식대가PICK) 햇살바다 시원 깔끔 조개탕 500g X 5팩 (해 | 우리 16,830 → 네이버 비슷(16,830)
✓ [gmarket] 1+1 포블리 플리츠 탱글 수축백 미니멀 감성 에코백 | 우리 7,900 → 네이버 비슷(7,890)
✓ [gmarket] ( 평균 13브릭스 엄선 ) 국내산 고당도 꿀 수박 6-8KG급 | 우리 17,390 → 네이버 비추(14,160)
✓ [gmarket] 이맛쌀 20kg | 우리 60,440 → 네이버 비슷(59,980)
✓ [gmarket] 햇반 백미 윤기가득쌀밥 210g 36개 | 우리 40,050 → 네이버 비추(32,700)
✓ [gmarket] (신선집중/15%+NH10%)생생스토리 스테비아 대추 방울 토망고 5 | 우리 13,520 → 네이버 비추(11,750)
✓ [11st] [1+1+1]현대약품 마이녹셀 스칼프 탈모 앰플 60ml | 우리 25,110 → 네이버 비추(12,590)
✓ [11st] 쿡솜씨 깻잎매콤순대볶음 밀키트 2인분 | 우리 5,890 → 네이버 추천(9,600)
✓ [11st] 보로탈코 바디크림 벨벳팅 보습크림 150ml x 2개 세트 | 우리 20,190 → 네이버 비추(17,600)
✓ [11st] 얌! 치즈후레쉬팡 35입 외 (단팥/황치즈/슈크림/소보로/호떡) | 우리 10,900 → 네이버 추천(11,500)
✓ [11st] [에치와이] 헬리코박터 프로젝트 윌 오리지널 에코 180ml, 10개 | 우리 15,920 → 네이버 비슷(15,920)
✓ [11st] 소문난삼부자 올리브유 도시락김 4g 48봉 | 우리 14,900 → 네이버 비추(11,700)

판정 18/97 (19%) · DB기록 97건
✓ [coupang] 테팔 인덕션 매직핸즈 스테인리스 컬렉션 트라이미 프라이팬세트 3개 | 우리 76,800 → 네이버 비슷(76,300)
✓ [coupang] 굽네 닭가슴살 후랑크 120g 마늘 3개입 + 청양고추 2개입 + 블 | 우리 22,500 → 네이버 추천(33,600)
✓ [gmarket] (20%+10%) 테리파머 호텔수건 고중량 200g 10장 수건 타월 | 우리 27,880 → 네이버 비추(21,700)
✓ [gmarket] 아토베리어365 크림 80ml + 증정 | 우리 21,450 → 네이버 비추(16,370)
✓ [gmarket] 습기제로 제습제 총 24입 (8입3개) | 우리 16,900 → 네이버 추천(20,000)
✓ [gmarket] HACCP 국내산 펌핑 헛개차/보리차 진액 1000g ㅣ전용 디스펜서 | 우리 23,720 → 네이버 비슷(23,710)
✓ [gmarket] (한식대가PICK) 햇살바다 시원 깔끔 조개탕 500g X 5팩 (해 | 우리 16,830 → 네이버 비슷(16,830)
✓ [gmarket] 1+1 포블리 플리츠 탱글 수축백 미니멀 감성 에코백 | 우리 7,900 → 네이버 비슷(7,890)
✓ [gmarket] ( 평균 13브릭스 엄선 ) 국내산 고당도 꿀 수박 6-8KG급 | 우리 17,390 → 네이버 비추(14,160)
✓ [gmarket] 이맛쌀 20kg | 우리 60,440 → 네이버 비슷(59,980)
✓ [gmarket] 햇반 백미 윤기가득쌀밥 210g 36개 | 우리 40,050 → 네이버 비추(32,700)
✓ [gmarket] (신선집중/15%+NH10%)생생스토리 스테비아 대추 방울 토망고 5 | 우리 13,520 → 네이버 비추(11,750)
✓ [11st] [1+1+1]현대약품 마이녹셀 스칼프 탈모 앰플 60ml | 우리 25,110 → 네이버 비추(12,590)
✓ [11st] 쿡솜씨 깻잎매콤순대볶음 밀키트 2인분 | 우리 5,890 → 네이버 추천(9,600)
✓ [11st] 보로탈코 바디크림 벨벳팅 보습크림 150ml x 2개 세트 | 우리 20,190 → 네이버 비추(17,600)
✓ [11st] 얌! 치즈후레쉬팡 35입 외 (단팥/황치즈/슈크림/소보로/호떡) | 우리 10,900 → 네이버 추천(11,500)
✓ [11st] [에치와이] 헬리코박터 프로젝트 윌 오리지널 에코 180ml, 10개 | 우리 15,920 → 네이버 비슷(15,920)
✓ [11st] 소문난삼부자 올리브유 도시락김 4g 48봉 | 우리 14,900 → 네이버 비추(11,700)

판정 18/97 (19%) · DB기록 97건
✓ [coupang] 테팔 인덕션 매직핸즈 스테인리스 컬렉션 트라이미 프라이팬세트 3개 | 우리 76,800 → 네이버 비슷(76,300)
✓ [coupang] 굽네 닭가슴살 후랑크 120g 마늘 3개입 + 청양고추 2개입 + 블 | 우리 22,500 → 네이버 추천(33,600)
✓ [gmarket] (20%+10%) 테리파머 호텔수건 고중량 200g 10장 수건 타월 | 우리 27,880 → 네이버 비추(21,700)
✓ [gmarket] 아토베리어365 크림 80ml + 증정 | 우리 21,450 → 네이버 비추(16,370)
✓ [gmarket] 습기제로 제습제 총 24입 (8입3개) | 우리 16,900 → 네이버 추천(20,000)
✓ [gmarket] (한식대가PICK) 햇살바다 시원 깔끔 조개탕 500g X 5팩 (해 | 우리 16,830 → 네이버 비슷(16,830)
✓ [gmarket] HACCP 국내산 펌핑 헛개차/보리차 진액 1000g ㅣ전용 디스펜서 | 우리 23,720 → 네이버 비슷(23,710)
✓ [gmarket] 1+1 포블리 플리츠 탱글 수축백 미니멀 감성 에코백 | 우리 7,900 → 네이버 비슷(7,890)
✓ [gmarket] ( 평균 13브릭스 엄선 ) 국내산 고당도 꿀 수박 6-8KG급 | 우리 17,390 → 네이버 비추(14,160)
✓ [gmarket] 이맛쌀 20kg | 우리 60,440 → 네이버 비슷(59,980)
✓ [gmarket] 햇반 백미 윤기가득쌀밥 210g 36개 | 우리 40,050 → 네이버 비추(32,700)
✓ [gmarket] (신선집중/15%+NH10%)생생스토리 스테비아 대추 방울 토망고 5 | 우리 13,520 → 네이버 비추(11,750)
✓ [11st] 쿡솜씨 깻잎매콤순대볶음 밀키트 2인분 | 우리 5,890 → 네이버 추천(9,600)
✓ [11st] [1+1+1]현대약품 마이녹셀 스칼프 탈모 앰플 60ml | 우리 25,110 → 네이버 비추(12,590)
✓ [11st] [에치와이] 헬리코박터 프로젝트 윌 오리지널 에코 180ml, 10개 | 우리 15,920 → 네이버 비슷(15,920)
✓ [11st] 얌! 치즈후레쉬팡 35입 외 (단팥/황치즈/슈크림/소보로/호떡) | 우리 10,900 → 네이버 비슷(11,120)
✓ [11st] 보로탈코 바디크림 벨벳팅 보습크림 150ml x 2개 세트 | 우리 20,190 → 네이버 비추(17,600)
✓ [11st] 소문난삼부자 올리브유 도시락김 4g 48봉 | 우리 14,900 → 네이버 비추(11,700)
✓ [11st] 뉴케어 미니 구수한맛, 150ml, 24개 | 우리 33,900 → 네이버 비추(30,000)

판정 19/97 (20%) · DB기록 97건
✓ [coupang] 굽네 닭가슴살 후랑크 120g 마늘 3개입 + 청양고추 2개입 + 블 | 우리 22,500 → 네이버 추천(33,600)
✓ [gmarket] (20%+10%) 테리파머 호텔수건 고중량 200g 10장 수건 타월 | 우리 27,880 → 네이버 비추(21,700)
✓ [gmarket] 아토베리어365 크림 80ml + 증정 | 우리 23,100 → 네이버 비추(16,370)
✓ [gmarket] 습기제로 제습제 총 24입 (8입3개) | 우리 16,900 → 네이버 추천(18,900)
✓ [gmarket] (한식대가PICK) 햇살바다 시원 깔끔 조개탕 500g X 5팩 (해 | 우리 16,830 → 네이버 비슷(16,830)
✓ [gmarket] HACCP 국내산 펌핑 헛개차/보리차 진액 1000g ㅣ전용 디스펜서 | 우리 23,720 → 네이버 비슷(23,710)
✓ [gmarket] 1+1 포블리 플리츠 탱글 수축백 미니멀 감성 에코백 | 우리 7,900 → 네이버 비슷(7,890)
✓ [gmarket] ( 평균 13브릭스 엄선 ) 국내산 고당도 꿀 수박 6-8KG급 | 우리 17,390 → 네이버 비추(14,160)
✓ [gmarket] 이맛쌀 20kg | 우리 60,440 → 네이버 비슷(59,980)
✓ [gmarket] (신선집중/15%+NH10%)생생스토리 스테비아 대추 방울 토망고 5 | 우리 13,520 → 네이버 비추(10,490)
✓ [gmarket] 꿀자두 경북 의성 대석 햇자두 1kg 35~50과 /첫출하 예약판매  | 우리 8,840 → 네이버 추천(9,690)
✓ [11st] 듀라텍스 쿨매트 냉감패드 단품&세트구성 Q-MAX 0.486 | 우리 16,900 → 네이버 추천(25,900)
✓ [11st] [1+1+1]현대약품 마이녹셀 스칼프 탈모 앰플 60ml | 우리 25,110 → 네이버 비추(12,590)
✓ [11st] 쿡솜씨 깻잎매콤순대볶음 밀키트 2인분 | 우리 5,890 → 네이버 추천(9,600)
✓ [11st] 소문난삼부자 올리브유 도시락김 4g 48봉 | 우리 14,900 → 네이버 비추(11,700)
✓ [11st] 얌! 치즈후레쉬팡 35입 외 (단팥/황치즈/슈크림/소보로/호떡) | 우리 10,900 → 네이버 비슷(11,120)
✓ [11st] [에치와이] 헬리코박터 프로젝트 윌 오리지널 에코 180ml, 10개 | 우리 15,920 → 네이버 비슷(15,920)
✓ [11st] 보로탈코 바디크림 벨벳팅 보습크림 150ml x 2개 세트 | 우리 20,190 → 네이버 비추(17,600)
✓ [11st] 뉴케어 미니 구수한맛, 150ml, 24개 | 우리 33,900 → 네이버 비추(30,000)

판정 19/97 (20%) · DB기록 97건
✓ [coupang] 굽네 닭가슴살 후랑크 120g 마늘 3개입 + 청양고추 2개입 + 블 | 우리 22,500 → 네이버 추천(33,600)
✓ [gmarket] (20%+10%) 테리파머 호텔수건 고중량 200g 10장 수건 타월 | 우리 27,880 → 네이버 비추(21,700)
✓ [gmarket] 아토베리어365 크림 80ml + 증정 | 우리 24,750 → 네이버 비추(16,370)
✓ [gmarket] 습기제로 제습제 총 24입 (8입3개) | 우리 16,900 → 네이버 추천(18,900)
✓ [gmarket] (한식대가PICK) 햇살바다 시원 깔끔 조개탕 500g X 5팩 (해 | 우리 16,830 → 네이버 비슷(16,830)
✓ [gmarket] HACCP 국내산 펌핑 헛개차/보리차 진액 1000g ㅣ전용 디스펜서 | 우리 23,720 → 네이버 비슷(23,710)
✓ [gmarket] 1+1 포블리 플리츠 탱글 수축백 미니멀 감성 에코백 | 우리 7,900 → 네이버 비슷(7,890)
✓ [gmarket] ( 평균 13브릭스 엄선 ) 국내산 고당도 꿀 수박 6-8KG급 | 우리 17,390 → 네이버 비추(14,160)
✓ [gmarket] 이맛쌀 20kg | 우리 60,440 → 네이버 비슷(59,980)
✓ [gmarket] (신선집중/15%+NH10%)생생스토리 스테비아 대추 방울 토망고 5 | 우리 13,520 → 네이버 비추(10,490)
✓ [gmarket] 꿀자두 경북 의성 대석 햇자두 1kg 35~50과 /첫출하 예약판매  | 우리 8,840 → 네이버 추천(9,690)
✓ [11st] 듀라텍스 쿨매트 냉감패드 단품&세트구성 Q-MAX 0.486 | 우리 16,900 → 네이버 추천(25,900)
✓ [11st] 쿡솜씨 깻잎매콤순대볶음 밀키트 2인분 | 우리 5,890 → 네이버 추천(9,600)
✓ [11st] [1+1+1]현대약품 마이녹셀 스칼프 탈모 앰플 60ml | 우리 25,110 → 네이버 비추(12,590)
✓ [11st] 소문난삼부자 올리브유 도시락김 4g 48봉 | 우리 14,900 → 네이버 비추(11,700)
✓ [11st] [에치와이] 헬리코박터 프로젝트 윌 오리지널 에코 180ml, 10개 | 우리 15,920 → 네이버 비슷(15,920)
✓ [11st] 얌! 치즈후레쉬팡 35입 외 (단팥/황치즈/슈크림/소보로/호떡) | 우리 10,900 → 네이버 비슷(11,120)
✓ [11st] 뉴케어 미니 구수한맛, 150ml, 24개 | 우리 33,900 → 네이버 비추(30,000)
✓ [11st] 보로탈코 바디크림 벨벳팅 보습크림 150ml x 2개 세트 | 우리 20,190 → 네이버 비추(17,600)

판정 19/97 (20%) · DB기록 97건
✓ [coupang] 굽네 닭가슴살 후랑크 120g 마늘 3개입 + 청양고추 2개입 + 블 | 우리 22,500 → 네이버 추천(33,600)
✓ [gmarket] 펩시제로 210ml 30캔 +사이다제로 210ml 30캔 제로칼로리  | 우리 21,900 → 네이버 추천(23,900)
✓ [gmarket] 메밀함량 30%) 칠갑농산 메밀국수 1.5kg+ 모밀소스 10봉 (총 | 우리 11,820 → 네이버 비슷(11,810)
✓ [gmarket] (신선집중/15%+NH10%) 제철 신비복숭아 2kg 중소과 (25~ | 우리 12,500 → 네이버 비추(8,940)
✓ [gmarket] 듀라셀 알카라인 건전지 AA20개입 + AAA20개입 + AA 2개입 | 우리 28,820 → 네이버 추천(45,180)
✓ [gmarket] 습기제로 제습제 총 24입 (8입3개) | 우리 16,900 → 네이버 추천(18,900)
✓ [gmarket] (한식대가PICK) 햇살바다 시원 깔끔 조개탕 500g X 5팩 (해 | 우리 16,830 → 네이버 비슷(16,830)
✓ [gmarket] HACCP 국내산 펌핑 헛개차/보리차 진액 1000g ㅣ전용 디스펜서 | 우리 23,720 → 네이버 비슷(23,710)
✓ [gmarket] 1+1 포블리 플리츠 탱글 수축백 미니멀 감성 에코백 | 우리 7,900 → 네이버 비슷(7,890)
✓ [gmarket] ( 평균 13브릭스 엄선 ) 국내산 고당도 꿀 수박 6-8KG급 | 우리 17,390 → 네이버 비추(14,160)
✓ [gmarket] 이맛쌀 20kg | 우리 60,440 → 네이버 비슷(59,980)
✓ [gmarket] 햇반 백미 윤기가득쌀밥 210g 36개 | 우리 40,050 → 네이버 비추(32,700)
✓ [gmarket] (신선집중/15%+NH10%)생생스토리 스테비아 대추 방울 토망고 5 | 우리 13,520 → 네이버 비추(10,490)
✓ [11st] 듀라텍스 쿨매트 냉감패드 단품&세트구성 Q-MAX 0.486 | 우리 16,900 → 네이버 추천(25,900)
✓ [11st] 쿡솜씨 깻잎매콤순대볶음 밀키트 2인분 | 우리 5,890 → 네이버 추천(9,600)
✓ [11st] [1+1+1]현대약품 마이녹셀 스칼프 탈모 앰플 60ml | 우리 25,110 → 네이버 비추(12,590)
✓ [11st] 소문난삼부자 올리브유 도시락김 4g 48봉 | 우리 14,900 → 네이버 비추(11,700)
✓ [11st] [에치와이] 헬리코박터 프로젝트 윌 오리지널 에코 180ml, 10개 | 우리 15,920 → 네이버 비슷(15,920)
✓ [11st] 뉴케어 미니 구수한맛, 150ml, 24개 | 우리 33,900 → 네이버 비추(30,000)
✓ [11st] 얌! 치즈후레쉬팡 35입 외 (단팥/황치즈/슈크림/소보로/호떡) | 우리 10,900 → 네이버 비슷(10,900)
✓ [11st] 보로탈코 바디크림 벨벳팅 보습크림 150ml x 2개 세트 | 우리 20,190 → 네이버 비추(17,600)

판정 21/97 (22%) · DB기록 97건
✓ [coupang] 굽네 닭가슴살 후랑크 120g 마늘 3개입 + 청양고추 2개입 + 블 | 우리 22,500 → 네이버 추천(33,600)
✓ [gmarket] 펩시제로 210ml 30캔 +사이다제로 210ml 30캔 제로칼로리  | 우리 21,900 → 네이버 추천(23,900)
✓ [gmarket] 메밀함량 30%) 칠갑농산 메밀국수 1.5kg+ 모밀소스 10봉 (총 | 우리 11,650 → 네이버 비슷(11,610)
✓ [gmarket] (신선집중/15%+NH10%) 제철 신비복숭아 2kg 중소과 (25~ | 우리 9,090 → 네이버 비슷(8,940)
✓ [gmarket] 듀라셀 알카라인 건전지 AA20개입 + AAA20개입 + AA 2개입 | 우리 24,800 → 네이버 추천(45,180)
✓ [gmarket] 습기제로 제습제 총 24입 (8입3개) | 우리 18,900 → 네이버 비슷(18,900)
✓ [gmarket] (한식대가PICK) 햇살바다 시원 깔끔 조개탕 500g X 5팩 (+ | 우리 16,830 → 네이버 비슷(16,830)
✓ [gmarket] 6/23 초특가) HACCP 국내산 펌핑 헛개차/보리차 진액 1000 | 우리 23,720 → 네이버 비슷(23,710)
✓ [gmarket] 1+1 포블리 플리츠 탱글 수축백 미니멀 감성 에코백 | 우리 7,900 → 네이버 비슷(7,890)
✓ [gmarket] (6/22~6/24) 오향담은 순살족발 300g x4팩 앞다리살100 | 우리 18,990 → 네이버 비슷(18,990)
✓ [gmarket] ( 평균 13브릭스 엄선 ) 국내산 고당도 꿀 수박 6-8KG급 | 우리 17,390 → 네이버 비추(14,160)
✓ [gmarket] 이맛쌀 20kg | 우리 60,440 → 네이버 비슷(59,980)
✓ [gmarket] 햇반 백미 윤기가득쌀밥 210g 36개 | 우리 40,050 → 네이버 비추(32,700)
✓ [gmarket] (신선집중/15%+NH10%)생생스토리 스테비아 대추 방울 토망고 5 | 우리 13,520 → 네이버 비추(10,490)
✓ [11st] PVC 스틸 어깨뿔방지 논슬립 옷걸이 30개 | 우리 13,520 → 네이버 비추(7,390)
✓ [11st] [에치와이] 헬리코박터 프로젝트 윌 오리지널 에코 180ml, 10개 | 우리 15,920 → 네이버 비슷(15,920)
✓ [11st] 뉴케어 미니 구수한맛, 150ml, 24개 | 우리 33,900 → 네이버 비추(30,000)
✓ [11st] [본사직영]에스트라 더마UV365 비타C 광채수분 선크림 40ml 1 | 우리 24,490 → 네이버 비추(21,150)
✓ [11st] 얌! 치즈후레쉬팡 35입 외 (단팥/황치즈/슈크림/소보로/호떡) | 우리 10,900 → 네이버 비슷(10,900)
✓ [11st] 소문난삼부자 올리브유 도시락김 4g 48봉 | 우리 14,900 → 네이버 비추(11,700)

판정 20/96 (21%) · DB기록 96건
✓ [coupang] 굽네 닭가슴살 후랑크 120g 마늘 3개입 + 청양고추 2개입 + 블 | 우리 22,500 → 네이버 추천(33,600)
✓ [gmarket] 77g 베베앙 고평량 로얄 플러스 물티슈 70매 20팩 캡형 | 우리 17,960 → 네이버 추천(27,260)
✓ [gmarket] 캐나다 프로바이오틱스 500억 모유 생유산균 2개월분 한캡슐 100억 | 우리 11,800 → 네이버 비슷(11,800)
✓ [gmarket] 지그비 프리미엄 고불소 구취케어 치약 아쿠아민트향 117g 4개입 | 우리 6,970 → 네이버 추천(10,900)
✓ [gmarket] 습기제로 제습제 총 24입 (8입3개) | 우리 16,900 → 네이버 추천(18,900)
✓ [gmarket] 6/23 초특가) HACCP 국내산 펌핑 헛개차/보리차 진액 1000 | 우리 23,720 → 네이버 비슷(23,710)
✓ [gmarket] (한식대가PICK) 햇살바다 시원 깔끔 조개탕 500g X 5팩 (+ | 우리 16,830 → 네이버 비슷(16,830)
✓ [gmarket] 1+1 포블리 플리츠 탱글 수축백 미니멀 감성 에코백 | 우리 7,900 → 네이버 비슷(7,890)
✓ [gmarket] (6/22~6/24) 오향담은 순살족발 300g x4팩 앞다리살100 | 우리 18,990 → 네이버 비슷(18,990)
✓ [gmarket] ( 평균 13브릭스 엄선 ) 국내산 고당도 꿀 수박 6-8KG급 | 우리 17,390 → 네이버 비추(14,160)
✓ [gmarket] 이맛쌀 20kg | 우리 60,440 → 네이버 비슷(59,980)
✓ [gmarket] 햇반 백미 윤기가득쌀밥 210g 36개 | 우리 40,050 → 네이버 비추(32,000)
✓ [gmarket] (신선집중/15%+NH10%)생생스토리 스테비아 대추 방울 토망고 5 | 우리 13,040 → 네이버 비추(10,490)
✓ [gmarket] 펩시제로 라임 210ml 60캔 (30캔 2박스) 펩시/펩제라/제로탄 | 우리 28,400 → 네이버 비슷(28,400)
✓ [11st] PVC 스틸 어깨뿔방지 논슬립 옷걸이 30개 | 우리 13,520 → 네이버 비추(7,390)
✓ [11st] 불 맛 제대로 낸 을지로 연탄불고기 4팩 | 우리 12,950 → 네이버 비슷(12,950)

판정 16/98 (16%) · DB기록 98건
✓ [coupang] 굽네 닭가슴살 후랑크 120g 마늘 3개입 + 청양고추 2개입 + 블 | 우리 22,500 → 네이버 추천(33,600)
✓ [gmarket] 77g 베베앙 고평량 로얄 플러스 물티슈 70매 20팩 캡형 | 우리 17,960 → 네이버 추천(27,260)
✓ [gmarket] 캐나다 프로바이오틱스 500억 모유 생유산균 2개월분 한캡슐 100억 | 우리 11,800 → 네이버 비슷(11,800)
✓ [gmarket] 지그비 프리미엄 고불소 구취케어 치약 아쿠아민트향 117g 4개입 | 우리 6,970 → 네이버 추천(10,900)
✓ [gmarket] 습기제로 제습제 총 24입 (8입3개) | 우리 16,900 → 네이버 추천(18,900)
✓ [gmarket] 6/23 초특가) HACCP 국내산 펌핑 헛개차/보리차 진액 1000 | 우리 23,720 → 네이버 비슷(23,710)
✓ [gmarket] (한식대가PICK) 햇살바다 시원 깔끔 조개탕 500g X 5팩 (+ | 우리 16,830 → 네이버 비슷(16,830)
✓ [gmarket] 1+1 포블리 플리츠 탱글 수축백 미니멀 감성 에코백 | 우리 7,900 → 네이버 비슷(7,890)
✓ [gmarket] (6/22~6/24) 오향담은 순살족발 300g x4팩 앞다리살100 | 우리 18,990 → 네이버 비슷(18,990)
✓ [gmarket] ( 평균 13브릭스 엄선 ) 국내산 고당도 꿀 수박 6-8KG급 | 우리 17,390 → 네이버 비추(14,160)
✓ [gmarket] 이맛쌀 20kg | 우리 60,440 → 네이버 비슷(59,980)
✓ [gmarket] (신선집중/15%+NH10%)생생스토리 스테비아 대추 방울 토망고 5 | 우리 12,960 → 네이버 비추(10,490)
✓ [11st] 올스탠다드 도톰한3겹 무형광 화장지 30M 30롤 2팩 | 우리 18,860 → 네이버 비슷(18,860)
✓ [11st] 살림의기술 1P+1P 올스텐 감자필러채칼+양배추 채칼 | 우리 6,900 → 네이버 추천(10,350)
✓ [11st] 프롬비 터보 바디팬 FG265 레인저카키 | 우리 29,800 → 네이버 추천(39,800)
✓ [11st] 퍼니트 리얼 99% 양배추정 2박스 8개월분 외 | 우리 15,880 → 네이버 추천(23,210)
✓ [11st] [신상품] 프롬비 터보 바디팬 FG265 레인저카키 | 우리 29,800 → 네이버 추천(39,800)
✓ [11st] 불 맛 제대로 낸 을지로 연탄불고기 4팩 | 우리 12,950 → 네이버 비슷(12,950)

판정 18/91 (20%) · DB기록 91건
✓ [coupang] 굽네 닭가슴살 후랑크 120g 마늘 3개입 + 청양고추 2개입 + 블 | 우리 22,500 → 네이버 추천(33,600)
✓ [gmarket] (신선집중) 대패 삼겹살 3KG (1kg+1kg+1kg) | 우리 28,870 → 네이버 비추(28,190)
✓ [gmarket] 모기패치 독일 모스킨토 24매입+42매입 아동 유아 어린이 야외 캠핑 | 우리 22,020 → 네이버 비슷(22,010)
✓ [gmarket] (신선집중) 8-9미 활전복 1kg 초특대 기삼산지직송 신선특허 내일 | 우리 18,950 → 네이버 비슷(18,960)
✓ [gmarket] 국내가공 백진미채 1kg 불만족시 100% 무료반품 | 우리 20,960 → 네이버 추천(22,270)
✓ [gmarket] 아토베리어365 크림 80ml + 증정 | 우리 24,750 → 네이버 비추(16,370)
✓ [gmarket] 습기제로 제습제 총 24입 (8입3개) | 우리 16,900 → 네이버 추천(18,900)
✓ [gmarket] 6/23 초특가) HACCP 국내산 펌핑 헛개차/보리차 진액 1000 | 우리 23,720 → 네이버 비슷(23,710)
✓ [gmarket] (한식대가PICK) 햇살바다 시원 깔끔 조개탕 500g X 5팩 (+ | 우리 16,830 → 네이버 비슷(16,830)
✓ [gmarket] 1+1 포블리 플리츠 탱글 수축백 미니멀 감성 에코백 | 우리 7,900 → 네이버 비슷(7,890)
✓ [gmarket] (6/22~6/24) 오향담은 순살족발 300g x4팩 앞다리살100 | 우리 18,990 → 네이버 비슷(18,990)
✓ [gmarket] ( 평균 13브릭스 엄선 ) 국내산 고당도 꿀 수박 6-8KG급 | 우리 17,390 → 네이버 비추(14,160)
✓ [gmarket] 이맛쌀 20kg | 우리 60,440 → 네이버 비슷(59,980)
✓ [gmarket] (신선집중/15%+NH10%)생생스토리 스테비아 대추 방울 토망고 5 | 우리 12,960 → 네이버 비추(10,490)
✓ [11st] 프롬비 터보 바디팬 FG265 레인저카키 | 우리 29,800 → 네이버 추천(39,800)
✓ [11st] 살림의기술 1P+1P 올스텐 감자필러채칼+양배추 채칼 | 우리 6,900 → 네이버 추천(10,350)
✓ [11st] 올스탠다드 도톰한3겹 무형광 화장지 30M 30롤 2팩 | 우리 18,860 → 네이버 비슷(18,860)
✓ [11st] 퍼니트 리얼 99% 양배추정 2박스 8개월분 외 | 우리 15,880 → 네이버 추천(23,210)
✓ [11st] [신상품] 프롬비 터보 바디팬 FG265 레인저카키 | 우리 29,800 → 네이버 추천(39,800)
✓ [11st] 불 맛 제대로 낸 을지로 연탄불고기 4팩 | 우리 12,950 → 네이버 비슷(12,950)

판정 20/91 (22%) · DB기록 91건
✓ [gmarket] 찹쌀누룽지 팝  고소한맛 x 3봉 (한봉당 12개 총 36개) 추억의 | 우리 13,710 → 네이버 비슷(13,700)
✓ [gmarket] 오뚜기 로제열라면 2팩+열라면 2팩 (총18개입) | 우리 11,980 → 쿠팡 추천(26,000)
✓ [gmarket] (신선집중) 대패 삼겹살 3KG (1kg+1kg+1kg) | 우리 28,870 → 네이버 비추(28,190)
✓ [gmarket] 모기패치 독일 모스킨토 24매입+42매입 아동 유아 어린이 야외 캠핑 | 우리 22,020 → 네이버 비슷(22,020)
✓ [gmarket] (신선집중) 8-9미 활전복 1kg 초특대 기삼산지직송 신선특허 내일 | 우리 18,950 → 네이버 비슷(18,950)
✓ [gmarket] 국내가공 백진미채 1kg 불만족시 100% 무료반품 | 우리 20,960 → 네이버 비슷(20,960)
✓ [gmarket] 아토베리어365 크림 80ml + 증정 | 우리 23,100 → 네이버 비추(16,370)
✓ [gmarket] 습기제로 제습제 총 24입 (8입3개) | 우리 16,900 → 네이버 추천(18,900), 쿠팡 추천(22,400)
✓ [gmarket] 6/23 초특가) HACCP 국내산 펌핑 헛개차/보리차 진액 1000 | 우리 23,720 → 네이버 비슷(23,710)
✓ [gmarket] (한식대가PICK) 햇살바다 시원 깔끔 조개탕 500g X 5팩 (+ | 우리 16,830 → 네이버 비슷(16,830)
✓ [gmarket] 1+1 포블리 플리츠 탱글 수축백 미니멀 감성 에코백 | 우리 7,900 → 네이버 비슷(7,890)
✓ [gmarket] (6/22~6/24) 오향담은 순살족발 300g x4팩 앞다리살100 | 우리 18,990 → 네이버 비슷(18,990)
✓ [gmarket] ( 평균 13브릭스 엄선 ) 국내산 고당도 꿀 수박 6-8KG급 | 우리 17,390 → 네이버 비추(14,160)
✓ [gmarket] 이맛쌀 20kg | 우리 60,440 → 네이버 비슷(59,980)
✓ [11st] 2080 이지클린 초미세모 칫솔 5+5입 3세트 | 우리 11,900 → 네이버 추천(29,400)
✓ [11st] 불 맛 제대로 낸 을지로 연탄불고기 4팩 | 우리 12,950 → 네이버 비슷(12,950)

판정 16/95 (17%) · DB기록 95건
✓ [gmarket] 찹쌀누룽지 팝  고소한맛 x 3봉 (한봉당 12개 총 36개) 추억의 | 우리 13,710 → 네이버 비슷(13,700)
✓ [gmarket] (신선집중) 대패 삼겹살 3KG (1kg+1kg+1kg) | 우리 28,870 → 네이버 비추(28,190)
✓ [gmarket] 모기패치 독일 모스킨토 24매입+42매입 아동 유아 어린이 야외 캠핑 | 우리 22,020 → 네이버 비슷(22,020)
✓ [gmarket] 퐁퐁 친환경 주방세제 오렌지 1.2L 4개 | 우리 7,900 → 네이버 비추(6,750)
✓ [gmarket] (신선집중) 8-9미 활전복 1kg 초특대 기삼산지직송 신선특허 내일 | 우리 18,950 → 네이버 비슷(18,950)
✓ [gmarket] 국내가공 백진미채 1kg 불만족시 100% 무료반품 | 우리 20,960 → 네이버 비슷(20,960)
✓ [gmarket] 아토베리어365 크림 80ml + 증정 | 우리 23,100 → 네이버 비추(16,370)
✓ [gmarket] 습기제로 제습제 총 24입 (8입3개) | 우리 16,900 → 네이버 추천(18,900)
✓ [gmarket] 6/23 초특가) HACCP 국내산 펌핑 헛개차/보리차 진액 1000 | 우리 23,720 → 네이버 비슷(23,710)
✓ [gmarket] (한식대가PICK) 햇살바다 시원 깔끔 조개탕 500g X 5팩 (+ | 우리 16,830 → 네이버 비슷(16,830)
✓ [gmarket] 1+1 포블리 플리츠 탱글 수축백 미니멀 감성 에코백 | 우리 7,900 → 네이버 비슷(7,890)
✓ [gmarket] (6/22~6/24) 오향담은 순살족발 300g x4팩 앞다리살100 | 우리 18,990 → 네이버 비슷(18,990)
✓ [gmarket] ( 평균 13브릭스 엄선 ) 국내산 고당도 꿀 수박 6-8KG급 | 우리 17,390 → 네이버 비추(14,160)
✓ [gmarket] 이맛쌀 20kg | 우리 60,440 → 네이버 비슷(59,980)
✓ [gmarket] 햇반 백미 윤기가득쌀밥 210g 36개 | 우리 40,050 → 네이버 비추(32,700)
✓ [11st] 2080 이지클린 초미세모 칫솔 5+5입 3세트 | 우리 11,900 → 네이버 추천(29,400)
✓ [11st] 불 맛 제대로 낸 을지로 연탄불고기 4팩 | 우리 12,950 → 네이버 비슷(12,950)
✓ [11st] 얌! 치즈후레쉬팡 35입 외 (단팥/황치즈/슈크림/소보로/호떡) | 우리 10,900 → 네이버 비슷(10,900)

판정 18/96 (19%) · DB기록 96건
✓ [gmarket] (신선집중) 대패 삼겹살 3KG (1kg+1kg+1kg) | 우리 28,870 → 네이버 비추(28,190)
✓ [gmarket] 모기패치 독일 모스킨토 24매입+42매입 아동 유아 어린이 야외 캠핑 | 우리 22,020 → 네이버 비슷(22,020)
✓ [gmarket] 퐁퐁 친환경 주방세제 오렌지 1.2L 4개 | 우리 7,900 → 네이버 비추(6,750)
✓ [gmarket] (신선집중) 8-9미 활전복 1kg 초특대 기삼산지직송 신선특허 내일 | 우리 18,950 → 네이버 비슷(18,950)
✓ [gmarket] 국내가공 백진미채 1kg 불만족시 100% 무료반품 | 우리 20,960 → 네이버 비슷(20,960)
✓ [gmarket] 아토베리어365 크림 80ml + 증정 | 우리 21,450 → 네이버 비추(16,370)
✓ [gmarket] 순솔 100% 메밀국수 1kg | 우리 14,790 → 네이버 비추(14,360)
✓ [gmarket] 1+1 포블리 플리츠 탱글 수축백 미니멀 감성 에코백 | 우리 7,900 → 네이버 비슷(7,890)
✓ [gmarket] (6/22~6/24) 오향담은 순살족발 300g x4팩 앞다리살100 | 우리 18,990 → 네이버 비슷(18,990)
✓ [gmarket] ( 평균 13브릭스 엄선 ) 국내산 고당도 꿀 수박 6-8KG급 | 우리 17,390 → 네이버 비추(14,160)
✓ [gmarket] 이맛쌀 20kg | 우리 60,440 → 네이버 비슷(59,980)
✓ [11st] [1+1] 내일도착 불스원 330 버그클리너 600ml | 우리 12,600 → 네이버 비추(4,990)
✓ [11st] 필립스 C타입 내장DAC 오픈형 유선 이어폰 TAE1018 | 우리 8,900 → 네이버 추천(15,100)
✓ [11st] 트루쿡 IH 북미산 월넛 자이언트 계란말이팬, 1개 | 우리 33,900 → 네이버 추천(35,100)
✓ [11st] 트루쿡 IH 북미산 월넛 미니 계란말이팬, 1개 | 우리 29,000 → 네이버 추천(31,500)
✓ [11st] 트루쿡 IH 북미산 월넛 세라믹 후라이팬 28cm, 1개 | 우리 38,900 → 네이버 비추(31,500)
✓ [11st] 트루쿡 IH 북미산 월넛 세라믹 궁중팬 24cm, 1개 | 우리 39,900 → 네이버 추천(44,100)
✓ [11st] 청소 필수템 4개 프리미엄 대용량 자동 변기세정제 대용량 보틀형 화장 | 우리 8,600 → 네이버 비추(7,660)

판정 18/96 (19%) · DB기록 96건
✓ [gmarket] (신선집중) 대패 삼겹살 3KG (1kg+1kg+1kg) | 우리 28,870 → 네이버 비추(28,190)
✓ [gmarket] 모기패치 독일 모스킨토 24매입+42매입 아동 유아 어린이 야외 캠핑 | 우리 22,020 → 네이버 비슷(22,020)
✓ [gmarket] 퐁퐁 친환경 주방세제 오렌지 1.2L 4개 | 우리 7,900 → 네이버 비추(6,750)
✓ [gmarket] (신선집중) 8-9미 활전복 1kg 초특대 기삼산지직송 신선특허 내일 | 우리 18,950 → 네이버 비슷(18,950)
✓ [gmarket] 국내가공 백진미채 1kg 불만족시 100% 무료반품 | 우리 20,960 → 네이버 비슷(20,960)
✓ [gmarket] 아토베리어365 크림 80ml + 증정 | 우리 21,450 → 네이버 비추(16,370)
✓ [gmarket] 순솔 100% 메밀국수 1kg | 우리 14,790 → 네이버 비추(14,360)
✓ [gmarket] 1+1 포블리 플리츠 탱글 수축백 미니멀 감성 에코백 | 우리 7,900 → 네이버 비슷(7,890)
✓ [gmarket] (6/22~6/24) 오향담은 순살족발 300g x4팩 앞다리살100 | 우리 18,990 → 네이버 비슷(18,990)
✓ [gmarket] ( 평균 13브릭스 엄선 ) 국내산 고당도 꿀 수박 6-8KG급 | 우리 17,390 → 네이버 비추(14,160)
✓ [gmarket] 이맛쌀 20kg | 우리 60,440 → 네이버 비슷(59,980)
✓ [11st] [1+1] 내일도착 불스원 330 버그클리너 600ml | 우리 12,600 → 네이버 비추(4,990)
✓ [11st] [판다안주]화로닭발 숯불 무뼈불닭발 200g x 3팩(매운맛) | 우리 19,360 → 네이버 비추(14,000)
✓ [11st] 오리온 무뚝뚝감자칩 올리브앤솔트 52g, 5개+무뚝뚝감자칩 통후추 소 | 우리 14,900 → 네이버 추천(15,970)
✓ [11st] [판다안주] 화로닭발 숯불 무뼈닭발 200g x 3팩(순한맛) | 우리 19,360 → 네이버 추천(21,120)

판정 15/96 (16%) · DB기록 96건
✓ [gmarket] (신선집중) 대패 삼겹살 3KG (1kg+1kg+1kg) | 우리 28,870 → 네이버 비추(28,190)
✓ [gmarket] 모기패치 독일 모스킨토 24매입+42매입 아동 유아 어린이 야외 캠핑 | 우리 22,020 → 네이버 비슷(22,020)
✓ [gmarket] 퐁퐁 친환경 주방세제 오렌지 1.2L 4개 | 우리 7,900 → 네이버 비추(6,750)
✓ [gmarket] (신선집중) 8-9미 활전복 1kg 초특대 기삼산지직송 신선특허 내일 | 우리 18,950 → 네이버 비슷(18,950)
✓ [gmarket] 국내가공 백진미채 1kg 불만족시 100% 무료반품 | 우리 20,960 → 네이버 비슷(20,960)
✓ [gmarket] 아토베리어365 크림 80ml + 증정 | 우리 21,450 → 네이버 비추(16,370)
✓ [gmarket] 순솔 100% 메밀국수 1kg | 우리 14,790 → 네이버 비추(14,360)
✓ [gmarket] 1+1 포블리 플리츠 탱글 수축백 미니멀 감성 에코백 | 우리 7,900 → 네이버 비슷(7,890)
✓ [gmarket] (6/22~6/24) 오향담은 순살족발 300g x4팩 앞다리살100 | 우리 18,990 → 네이버 비슷(18,990)
✓ [gmarket] ( 평균 13브릭스 엄선 ) 국내산 고당도 꿀 수박 6-8KG급 | 우리 17,390 → 네이버 비추(14,160)
✓ [gmarket] 이맛쌀 20kg | 우리 60,440 → 네이버 비슷(59,980)
✓ [11st] [1+1] 내일도착 불스원 330 버그클리너 600ml | 우리 12,600 → 네이버 비추(4,990)
✓ [11st] [판다안주] 화로닭발 숯불 무뼈닭발 200g x 3팩(순한맛) | 우리 19,360 → 네이버 추천(21,120)
✓ [11st] [판다안주]화로닭발 숯불 무뼈불닭발 200g x 3팩(매운맛) | 우리 19,360 → 네이버 비추(14,000)

판정 14/96 (15%) · DB기록 96건
✓ [gmarket] (신선집중) 대패 삼겹살 3KG (1kg+1kg+1kg) | 우리 28,870 → 네이버 비추(28,190)
✓ [gmarket] 모기패치 독일 모스킨토 24매입+42매입 아동 유아 어린이 야외 캠핑 | 우리 22,020 → 네이버 비슷(22,020)
✓ [gmarket] (신선집중) 8-9미 활전복 1kg 초특대 기삼산지직송 신선특허 내일 | 우리 18,950 → 네이버 비슷(18,950)
✓ [gmarket] 국내가공 백진미채 1kg 불만족시 100% 무료반품 | 우리 20,960 → 네이버 비슷(20,960)
✓ [gmarket] 아토베리어365 크림 80ml + 증정 | 우리 21,450 → 네이버 비추(16,370)
✓ [gmarket] 순솔 100% 메밀국수 1kg | 우리 14,790 → 네이버 비추(14,360)
✓ [gmarket] 1+1 포블리 플리츠 탱글 수축백 미니멀 감성 에코백 | 우리 7,900 → 네이버 비슷(7,890)
✓ [gmarket] (6/22~6/24) 오향담은 순살족발 300g x4팩 앞다리살100 | 우리 18,990 → 네이버 비슷(18,990)
✓ [gmarket] ( 평균 13브릭스 엄선 ) 국내산 고당도 꿀 수박 6-8KG급 | 우리 17,390 → 네이버 비추(14,160)
✓ [gmarket] 이맛쌀 20kg | 우리 60,440 → 네이버 비슷(59,980)
✓ [11st] [1+1] 내일도착 불스원 330 버그클리너 600ml | 우리 12,600 → 네이버 비추(4,990)
✓ [11st] [판다안주] 화로닭발 숯불 무뼈닭발 200g x 3팩(순한맛) | 우리 19,360 → 네이버 비추(14,000)
✓ [11st] 농심 튀김우동 큰사발 111g, 16개 | 우리 17,500 → 네이버 비추(13,920)
✓ [11st] [판다안주]화로닭발 숯불 무뼈불닭발 200g x 3팩(매운맛) | 우리 19,360 → 네이버 비추(14,000)

판정 14/96 (15%) · DB기록 96건
✓ [gmarket] 국산 4000W 고용량 멀티탭 과부하 누전 차단 멀티탭 2구 3구 에 | 우리 7,480 → 네이버 추천(13,170)
✓ [gmarket] 동원 DHA 참치 150g 원터치 12캔 | 우리 22,900 → 네이버 추천(23,400)
✓ [gmarket] 순솔 100% 메밀국수 1kg | 우리 14,790 → 네이버 비추(14,360)
✓ [gmarket] 1+1 포블리 플리츠 탱글 수축백 미니멀 감성 에코백 | 우리 7,900 → 네이버 비슷(7,890)
✓ [gmarket] (6/22~6/24) 오향담은 순살족발 300g x4팩 앞다리살100 | 우리 18,990 → 네이버 비슷(18,990)
✓ [gmarket] 이맛쌀 20kg | 우리 61,370 → 네이버 비추(59,980)
✓ [gmarket] 햇반 백미 윤기가득쌀밥 210g 36개 | 우리 40,050 → 네이버 비추(32,300)
✓ [11st] [1+1] 내일도착 불스원 330 버그클리너 600ml | 우리 12,600 → 네이버 비추(4,990)
✓ [11st] [판다안주] 화로닭발 숯불 무뼈닭발 200g x 3팩(순한맛) | 우리 19,360 → 네이버 비추(14,000)
✓ [11st] [판다안주]화로닭발 숯불 무뼈불닭발 200g x 3팩(매운맛) | 우리 19,360 → 네이버 비추(14,000)
✓ [11st] 농심 튀김우동 큰사발 111g, 16개 | 우리 17,900 → 네이버 비추(13,920)

판정 11/92 (12%) · DB기록 92건
✓ [gmarket] 백설 포도씨유 900ml 3개 | 우리 14,800 → 네이버 추천(16,900)
✓ [gmarket] 동원 DHA 참치 150g 원터치 12캔 | 우리 22,900 → 네이버 비슷(22,900)
✓ [gmarket] 국산 4000W 고용량 멀티탭 과부하 누전 차단 멀티탭 2구 3구 에 | 우리 7,480 → 네이버 추천(13,170)
✓ [gmarket] 순솔 100% 메밀국수 1kg | 우리 14,790 → 네이버 비추(14,360)
✓ [gmarket] 1+1 포블리 플리츠 탱글 수축백 미니멀 감성 에코백 | 우리 7,900 → 네이버 비슷(7,890)
✓ [gmarket] (6/22~6/24) 오향담은 순살족발 300g x4팩 앞다리살100 | 우리 18,990 → 네이버 비슷(18,990)
✓ [gmarket] 이맛쌀 20kg | 우리 61,370 → 네이버 비슷(60,980)
✓ [gmarket] 햇반 백미 윤기가득쌀밥 210g 36개 | 우리 40,050 → 네이버 비추(32,300)
✓ [gmarket] ( 평균 13브릭스 엄선 ) 국내산 고당도 꿀 수박 6-8KG급 | 우리 17,390 → 네이버 비추(14,160)
✓ [11st] [판다안주] 화로닭발 숯불 무뼈닭발 200g x 3팩(순한맛) | 우리 19,360 → 네이버 비추(14,000)

판정 10/96 (10%) · DB기록 96건
✓ [gmarket] 전통 도토리묵 400gx4팩+묵사발 육수 318gx4팩 /도토리묵밥묵 | 우리 9,870 → 네이버 추천(10,880)
✓ [gmarket] 폴햄 여성 플리츠 버뮤다 쿨 쇼츠_PHF2PH2031 | 우리 10,240 → 네이버 비슷(10,320)
✓ [gmarket] 순솔 100% 메밀국수 1kg | 우리 14,790 → 네이버 비추(14,360)
✓ [gmarket] 1+1 포블리 플리츠 탱글 수축백 미니멀 감성 에코백 | 우리 7,900 → 네이버 비슷(7,890)
✓ [gmarket] (6/22~6/24) 오향담은 순살족발 300g x4팩 앞다리살100 | 우리 18,990 → 네이버 비슷(18,990)
✓ [gmarket] 이맛쌀 20kg | 우리 61,370 → 네이버 비슷(60,980)
✓ [gmarket] 햇반 백미 윤기가득쌀밥 210g 36개 | 우리 40,050 → 네이버 비추(32,300)
✓ [gmarket] ( 평균 13브릭스 엄선 ) 국내산 고당도 꿀 수박 6-8KG급 | 우리 17,390 → 네이버 비슷(17,380)
✓ [11st] 제스타 향기나는 습기제거제 라벤더향 250g×18개입 | 우리 13,350 → 네이버 비슷(13,350)

판정 9/97 (9%) · DB기록 97건
✓ [gmarket] 전통 도토리묵 400gx4팩+묵사발 육수 318gx4팩 /도토리묵밥묵 | 우리 9,870 → 네이버 비슷(9,870)
✓ [gmarket] 폴햄 여성 플리츠 버뮤다 쿨 쇼츠_PHF2PH2031 | 우리 10,240 → 네이버 비슷(10,240)
✓ [gmarket] 순솔 100% 메밀국수 1kg | 우리 14,790 → 네이버 비추(14,360)
✓ [gmarket] 1+1 포블리 플리츠 탱글 수축백 미니멀 감성 에코백 | 우리 7,900 → 네이버 비슷(7,890)
✓ [gmarket] (6/22~6/24) 오향담은 순살족발 300g x4팩 앞다리살100 | 우리 18,990 → 네이버 비슷(18,990)
✓ [gmarket] 이맛쌀 20kg | 우리 61,370 → 네이버 비슷(60,980)
✓ [11st] [1개+1개] 홈365 국산 16A 일반 멀티탭 2구 0.7m | 우리 7,900 → 네이버 비추(3,240)
✓ [11st] 메종오브제 라이닝 면기 2P 외 | 우리 9,520 → 네이버 비추(5,900)
✓ [11st] 대용량 국내산 돼지 생 오돌뼈 1kg x2개 | 우리 14,790 → 네이버 추천(16,650)
✓ [11st] 과일촌 아침에 사과 195ml, 24개 | 우리 12,900 → 네이버 비슷(12,900)
✓ [11st] 무/료/배/송 블랙빈스/원두커피/500gx2봉 /무/료/배/송 | 우리 15,220 → 네이버 추천(19,180)
✓ [11st] 제스타 향기나는 습기제거제 라벤더향 250g×18개입 | 우리 13,350 → 네이버 비슷(13,350)

판정 12/94 (13%) · DB기록 94건
✓ [gmarket] 프로메가 오메가3 트리플 장용성 3박스 3개월분 | 우리 28,900 → 네이버 추천(34,100)
✓ [gmarket] 순솔 100% 메밀국수 1kg | 우리 14,790 → 네이버 비추(14,360)
✓ [gmarket] 1+1 포블리 플리츠 탱글 수축백 미니멀 감성 에코백 | 우리 7,900 → 네이버 비슷(7,890)
✓ [gmarket] (6/22~6/24) 오향담은 순살족발 300g x4팩 앞다리살100 | 우리 18,990 → 네이버 비슷(18,990)
✓ [gmarket] 이맛쌀 20kg | 우리 61,370 → 네이버 비슷(60,980)
✓ [gmarket] 햇반 백미 윤기가득쌀밥 210g 36개 | 우리 40,050 → 네이버 비추(32,300)
✓ [gmarket] ( 평균 13브릭스 엄선 ) 국내산 고당도 꿀 수박 6-8KG급 | 우리 17,390 → 네이버 비추(14,900)
✓ [11st] 대용량 국내산 돼지 생 오돌뼈 1kg x2개 | 우리 14,790 → 네이버 추천(16,650)
✓ [11st] 메종오브제 라이닝 면기 2P 외 | 우리 9,520 → 네이버 비추(5,900)
✓ [11st] [1개+1개] 홈365 국산 16A 일반 멀티탭 2구 0.7m | 우리 7,900 → 네이버 비추(3,240)
✓ [11st] [이디야] PET 커피 믹스커피 1L x 4개 | 우리 10,400 → 네이버 비추(9,920)
✓ [11st] 과일촌 아침에 사과 195ml, 24개 | 우리 12,900 → 네이버 비슷(12,900)
✓ [11st] 조선호텔 특제육수 포기김치 8kg | 우리 59,800 → 네이버 비슷(59,120)
✓ [11st] 제스타 향기나는 습기제거제 라벤더향 250g×18개입 | 우리 13,350 → 네이버 비슷(13,350)

판정 14/94 (15%) · DB기록 94건
✓ [gmarket] 여수식 가오리무침 500g  텡글함을 살린 비법숙성  여수멸치육수의  | 우리 15,550 → 네이버 추천(24,120)
✓ [gmarket] 프로메가 오메가3 트리플 장용성 3박스 3개월분 | 우리 28,900 → 네이버 비슷(28,900)
✓ [gmarket] 순솔 100% 메밀국수 1kg | 우리 14,790 → 네이버 비추(14,360)
✓ [gmarket] 1+1 포블리 플리츠 탱글 수축백 미니멀 감성 에코백 | 우리 7,900 → 네이버 비슷(7,890)
✓ [gmarket] 이맛쌀 20kg | 우리 61,370 → 네이버 비슷(60,980)
✓ [gmarket] 햇반 백미 윤기가득쌀밥 210g 36개 | 우리 40,050 → 네이버 비추(32,300)
✓ [11st] 알피쿨 AK25 화이트에디션 차량용 냉장고 정식AS 캠핑 | 우리 277,000 → 네이버 비추(227,920)
✓ [11st] 새콤달콤 천도복숭아 4kg 45~55과/중과 아이스박스 | 우리 11,850 → 네이버 비슷(11,850)
✓ [11st] 조선호텔 특제육수 포기김치 8kg | 우리 59,800 → 네이버 비슷(59,120)
✓ [11st] 26년 신제품 한일 14인치 초미풍 리모컨 선풍기 EFe-A140R | 우리 45,900 → 네이버 비슷(45,900)

판정 10/97 (10%) · DB기록 97건
✓ [gmarket] 여수식 가오리무침 500g  텡글함을 살린 비법숙성  여수멸치육수의  | 우리 15,550 → 네이버 추천(24,120)
✓ [gmarket] 프로메가 오메가3 트리플 장용성 3박스 3개월분 | 우리 28,900 → 네이버 비슷(28,900)
✓ [gmarket] 순솔 100% 메밀국수 1kg | 우리 14,790 → 네이버 비추(14,360)
✓ [gmarket] 1+1 포블리 플리츠 탱글 수축백 미니멀 감성 에코백 | 우리 7,900 → 네이버 비슷(7,890)
✓ [gmarket] 이맛쌀 20kg | 우리 61,370 → 네이버 비슷(60,980)
✓ [gmarket] 햇반 백미 윤기가득쌀밥 210g 36개 | 우리 40,050 → 네이버 비추(32,300)
✓ [ohou] 리프홈 프리미엄 규조토 세라믹 원형 칫솔꽂이 3P세트 | 우리 21,274 → 네이버 추천(37,500)
✓ [11st] 알피쿨 AK25 화이트에디션 차량용 냉장고 정식AS 캠핑 | 우리 277,000 → 네이버 비추(227,920)
✓ [11st] 새콤달콤 천도복숭아 4kg 45~55과/중과 아이스박스 | 우리 11,850 → 네이버 비슷(11,850)
✓ [11st] 26년 신제품 한일 14인치 초미풍 리모컨 선풍기 EFe-A140R | 우리 45,900 → 네이버 비슷(45,900)
✓ [11st] 조선호텔 특제육수 포기김치 8kg | 우리 59,800 → 네이버 비슷(59,120)

판정 11/131 (8%) · DB기록 131건
✓ [ohou] 리프홈 프리미엄 규조토 세라믹 원형 칫솔꽂이 3P세트 | 우리 21,274 → 네이버 추천(37,500)
✓ [gmarket] 프로메가 오메가3 트리플 장용성 3박스 3개월분 | 우리 28,900 → 네이버 비슷(28,900)
✓ [gmarket] 습기제로 제습제 총 24입 (8입3개) | 우리 16,900 → 네이버 추천(20,000)
✓ [gmarket] 6/25 단하루특가)휘게 미니 냉풍기 탁상용 선풍기 캠핑용 에어쿨러  | 우리 39,000 → 네이버 추천(42,920)
✓ [gmarket] 1+1 포블리 플리츠 탱글 수축백 미니멀 감성 에코백 | 우리 7,900 → 네이버 비슷(7,890)
✓ [gmarket] 햇반 백미 윤기가득쌀밥 210g 36개 | 우리 40,050 → 네이버 비추(32,300)
✓ [gmarket] (신선집중/15%+NH10%)생생스토리 스테비아 대추 방울 토망고 5 | 우리 10,910 → 네이버 비추(10,490)
✓ [gmarket] ( 평균 13브릭스 엄선 ) 국내산 고당도 꿀 수박 6-8KG급 | 우리 17,390 → 네이버 비추(14,900)
✓ [11st] 30년 전통 속초시장 명물 대왕 옥수수술빵 350g x 4개 | 우리 11,950 → 네이버 비슷(11,950)
✓ [11st] 30년 전통 속초시장 명물 대왕 옥수수술빵 350g x 4개 | 우리 11,950 → 네이버 비슷(11,950)
✓ [11st] 26년 신제품 한일 14인치 초미풍 리모컨 선풍기 EFe-A140R | 우리 45,900 → 네이버 비슷(45,900)
✓ [11st] 조선호텔 특제육수 포기김치 8kg | 우리 59,800 → 네이버 비슷(59,120)

판정 12/127 (9%) · DB기록 127건
✓ [ohou] 리프홈 프리미엄 규조토 세라믹 원형 칫솔꽂이 3P세트 | 우리 21,274 → 네이버 추천(37,500)
✓ [gmarket] 허브갈릭 훈제오리 슬라이스 210g x 6팩 | 우리 20,810 → 네이버 추천(22,780)
✓ [gmarket] 프로메가 오메가3 트리플 장용성 3박스 3개월분 | 우리 28,900 → 네이버 비슷(28,900)
✓ [gmarket] 파스퇴르 무항생제 바른목장우유 195mL 20입 x 2박스 | 우리 23,450 → 네이버 추천(29,900)
✓ [gmarket] 습기제로 제습제 총 24입 (8입3개) | 우리 16,900 → 네이버 추천(20,000)
✓ [gmarket] 6/25 단하루특가)휘게 미니 냉풍기 탁상용 선풍기 캠핑용 에어쿨러  | 우리 39,000 → 네이버 추천(42,920)
✓ [gmarket] 1+1 포블리 플리츠 탱글 수축백 미니멀 감성 에코백 | 우리 7,900 → 네이버 비슷(7,890)
✓ [gmarket] 햇반 백미 윤기가득쌀밥 210g 36개 | 우리 40,050 → 네이버 비추(32,300)
✓ [gmarket] (신선집중/15%+NH10%)생생스토리 스테비아 대추 방울 토망고 5 | 우리 10,910 → 네이버 비추(10,490)
✓ [gmarket] ( 평균 13브릭스 엄선 ) 국내산 고당도 꿀 수박 6-8KG급 | 우리 17,390 → 네이버 비추(14,900)
✓ [gmarket] 서울우유 멸균우유 1000ml x 10입 (1박스) 우유/서울우유/멸 | 우리 18,600 → 네이버 비추(16,500)
✓ [11st] 30년 전통 속초시장 명물 대왕 옥수수술빵 350g x 4개 | 우리 11,950 → 네이버 비슷(11,950)
✓ [11st] 웅진 붉은매실 500ml, 10개 + 꿀밤햇살 500ml, 10개 | 우리 23,900 → 네이버 비추(12,270)
✓ [11st] 센트룸 실버 선물세트(맨 50정+실버우먼 50정), 1개 + 증정(쇼 | 우리 48,600 → 네이버 비추(35,670)

판정 14/127 (11%) · DB기록 127건
✓ [ohou] 리프홈 프리미엄 규조토 세라믹 원형 칫솔꽂이 3P세트 | 우리 21,274 → 네이버 추천(37,500)
✓ [gmarket] 프로메가 오메가3 트리플 장용성 3박스 3개월분 | 우리 28,900 → 네이버 비슷(28,900)
✓ [gmarket] 습기제로 제습제 총 24입 (8입3개) | 우리 16,900 → 네이버 추천(20,000)
✓ [gmarket] 6/25 단하루특가)휘게 미니 냉풍기 탁상용 선풍기 캠핑용 에어쿨러  | 우리 39,000 → 네이버 추천(42,920)
✓ [gmarket] 1+1 포블리 플리츠 탱글 수축백 미니멀 감성 에코백 | 우리 7,900 → 네이버 비슷(7,890)
✓ [gmarket] (신선집중/15%+NH10%)생생스토리 스테비아 대추 방울 토망고 5 | 우리 10,910 → 네이버 비추(10,490)
✓ [gmarket] 햇반 백미 윤기가득쌀밥 210g 36개 | 우리 40,050 → 네이버 비추(32,300)
✓ [gmarket] 펩시제로 라임 210ml 60캔 (30캔 2박스) 펩시/펩제라/제로탄 | 우리 28,400 → 네이버 비슷(28,400)
✓ [11st] 30년 전통 속초시장 명물 대왕 옥수수술빵 350g x 4개 | 우리 11,950 → 네이버 비슷(11,950)
✓ [11st] 웅진 붉은매실 500ml, 10개 + 꿀밤햇살 500ml, 10개 | 우리 23,900 → 네이버 비추(12,270)

판정 10/127 (8%) · DB기록 127건
✓ [gmarket] 프로메가 오메가3 트리플 장용성 3박스 3개월분 | 우리 28,900 → 네이버 비슷(28,900)
✓ [gmarket] 습기제로 제습제 총 24입 (8입3개) | 우리 16,900 → 네이버 추천(20,000)
✓ [gmarket] 6/25 단하루특가)휘게 미니 냉풍기 탁상용 선풍기 캠핑용 에어쿨러  | 우리 39,000 → 네이버 추천(42,920)
✓ [gmarket] 1+1 포블리 플리츠 탱글 수축백 미니멀 감성 에코백 | 우리 7,900 → 네이버 비슷(7,890)
✓ [gmarket] (신선집중/15%+NH10%)생생스토리 스테비아 대추 방울 토망고 5 | 우리 10,910 → 네이버 비추(10,490)
✓ [gmarket] 햇반 백미 윤기가득쌀밥 210g 36개 | 우리 40,050 → 네이버 비추(32,300)
✓ [gmarket] 펩시제로 라임 210ml 60캔 (30캔 2박스) 펩시/펩제라/제로탄 | 우리 28,400 → 네이버 비슷(28,400)
✓ [11st] 30년 전통 속초시장 명물 대왕 옥수수술빵 350g x 4개 | 우리 11,950 → 네이버 비슷(11,950)
✓ [11st] 웅진 붉은매실 500ml, 10개 + 꿀밤햇살 500ml, 10개 | 우리 23,900 → 네이버 비추(12,270)

판정 9/127 (7%) · DB기록 127건
✓ [gmarket] 프로메가 오메가3 트리플 장용성 3박스 3개월분 | 우리 28,900 → 네이버 비슷(28,900)
✓ [gmarket] 습기제로 제습제 총 24입 (8입3개) | 우리 16,900 → 네이버 추천(20,000)
✓ [gmarket] 6/25 단하루특가)휘게 미니 냉풍기 탁상용 선풍기 캠핑용 에어쿨러  | 우리 39,000 → 네이버 추천(42,920)
✓ [gmarket] 1+1 포블리 플리츠 탱글 수축백 미니멀 감성 에코백 | 우리 7,900 → 네이버 비슷(7,890)
✓ [gmarket] 오향담은 순살족발 300g x4팩 앞다리살100% 족발 간편야식 혼술 | 우리 19,800 → 네이버 비추(18,990)
✓ [gmarket] (신선집중/15%+NH10%)생생스토리 스테비아 대추 방울 토망고 5 | 우리 10,910 → 네이버 비추(10,490)
✓ [gmarket] 햇반 백미 윤기가득쌀밥 210g 36개 | 우리 40,050 → 네이버 비추(32,300)
✓ [gmarket] 펩시제로 라임 210ml 60캔 (30캔 2박스) 펩시/펩제라/제로탄 | 우리 28,400 → 네이버 비슷(28,400)
✓ [11st] 30년 전통 속초시장 명물 대왕 옥수수술빵 350g x 4개 | 우리 11,950 → 네이버 비슷(11,950)
✓ [11st] 웅진 붉은매실 500ml, 10개 + 꿀밤햇살 500ml, 10개 | 우리 23,900 → 네이버 비추(12,270)

판정 10/127 (8%) · DB기록 127건
✓ [gmarket] 프로메가 오메가3 트리플 장용성 3박스 3개월분 | 우리 28,900 → 네이버 비슷(28,900)
✓ [gmarket] 습기제로 제습제 총 24입 (8입3개) | 우리 16,900 → 네이버 추천(19,600)
✓ [gmarket] 6/25 단하루특가)휘게 미니 냉풍기 탁상용 선풍기 캠핑용 에어쿨러  | 우리 39,000 → 네이버 추천(42,920)
✓ [gmarket] 1+1 포블리 플리츠 탱글 수축백 미니멀 감성 에코백 | 우리 7,900 → 네이버 비슷(7,890)
✓ [gmarket] 오향담은 순살족발 300g x4팩 앞다리살100% 족발 간편야식 혼술 | 우리 19,800 → 네이버 비슷(19,800)
✓ [gmarket] (신선집중/15%+NH10%)생생스토리 스테비아 대추 방울 토망고 5 | 우리 10,910 → 네이버 비추(10,490)
✓ [gmarket] 햇반 백미 윤기가득쌀밥 210g 36개 | 우리 40,050 → 네이버 비추(32,300)
✓ [gmarket] 펩시제로 라임 210ml 60캔 (30캔 2박스) 펩시/펩제라/제로탄 | 우리 28,400 → 네이버 비슷(28,400)
✓ [11st] 30년 전통 속초시장 명물 대왕 옥수수술빵 350g x 4개 | 우리 11,950 → 네이버 비슷(11,950)
✓ [11st] 웅진 붉은매실 500ml, 10개 + 꿀밤햇살 500ml, 10개 | 우리 23,900 → 네이버 비추(12,270)

판정 10/115 (9%) · DB기록 115건
✓ [gmarket] 먹는 이뮨 알로에 베라 젤리 스틱 겔 전잎 60포 대용량+리유저블백  | 우리 27,900 → 네이버 비슷(27,900)
✓ [gmarket] 팔도 비빔면 x 10개 + 틈새라면 빨계떡(오리지널) x 10개 | 우리 14,490 → 네이버 추천(26,620)
✓ [gmarket] 습기제로 제습제 총 24입 (8입3개) | 우리 16,900 → 네이버 추천(19,600)
✓ [gmarket] 6/25 단하루특가)휘게 미니 냉풍기 탁상용 선풍기 캠핑용 에어쿨러  | 우리 39,000 → 네이버 추천(42,920)
✓ [gmarket] 오향담은 순살족발 300g x4팩 앞다리살100% 족발 간편야식 혼술 | 우리 21,930 → 네이버 비추(19,800)
✓ [gmarket] (신선집중/15%+NH10%)생생스토리 스테비아 대추 방울 토망고 5 | 우리 10,910 → 네이버 비추(10,490)
✓ [gmarket] 햇반 백미 윤기가득쌀밥 210g 36개 | 우리 40,050 → 네이버 비추(32,300)
✓ [gmarket] 펩시제로 라임 210ml 60캔 (30캔 2박스) 펩시/펩제라/제로탄 | 우리 28,500 → 네이버 비슷(28,400)
✓ [11st] 샤워메이트 바디워시 1.2kg 3통/클린코튼,크랜베리 외 | 우리 12,300 → 네이버 비추(7,770)

판정 9/119 (8%) · DB기록 119건
✓ [gmarket] 기분좋은향기 샤프란 섬유유연제 소프트코튼 3.1L 4개 | 우리 12,900 → 네이버 비추(9,500)
✓ [gmarket] 습기제로 제습제 총 24입 (8입3개) | 우리 16,900 → 네이버 추천(19,600)
✓ [gmarket] 6/25 단하루특가)휘게 미니 냉풍기 탁상용 선풍기 캠핑용 에어쿨러  | 우리 39,000 → 네이버 추천(42,920)
✓ [gmarket] 오향담은 순살족발 300g x4팩 앞다리살100% 족발 간편야식 혼술 | 우리 21,930 → 네이버 비슷(21,930)
✓ [gmarket] (신선집중/15%+NH10%)생생스토리 스테비아 대추 방울 토망고 5 | 우리 10,910 → 네이버 비슷(10,900)
✓ [11st] 샤워메이트 바디워시 1.2kg 3통/클린코튼,크랜베리 외 | 우리 12,300 → 네이버 비추(7,770)
✓ [11st] 당일제조 담백 깔끔한 중부식 맛김치 5kg | 우리 12,950 → 네이버 비슷(12,950)

판정 7/119 (6%) · DB기록 119건
✓ [gmarket] 기분좋은향기 샤프란 섬유유연제 소프트코튼 3.1L 4개 | 우리 12,900 → 네이버 비추(9,500)
✓ [gmarket] 비비고 말차붕어빵 240G 3개 + 비비고 말차호떡 210G 3개 | 우리 10,900 → 네이버 추천(18,400)
✓ [gmarket] 습기제로 제습제 총 24입 (8입3개) | 우리 16,900 → 네이버 추천(19,600)
✓ [gmarket] 6/25 단하루특가)휘게 미니 냉풍기 탁상용 선풍기 캠핑용 에어쿨러  | 우리 39,000 → 네이버 추천(42,920)
✓ [gmarket] 오향담은 순살족발 300g x4팩 앞다리살100% 족발 간편야식 혼술 | 우리 21,930 → 네이버 비슷(21,930)
✓ [gmarket] (신선집중/15%+NH10%)생생스토리 스테비아 대추 방울 토망고 5 | 우리 10,910 → 네이버 비슷(10,900)
✓ [11st] 3M 황토숯 고무장갑10개 S/M/L +사은품 외 | 우리 16,400 → 네이버 추천(23,290)

판정 7/114 (6%) · DB기록 114건
✓ [gmarket] 오리온 초코파이 48P 1872g(1박스) | 우리 12,900 → 네이버 비추(11,200)
✓ [gmarket] (신선집중/15%+NH10%) 찰옥수수 20개입 14cm이상 특크기  | 우리 14,900 → 네이버 추천(15,480)
✓ [gmarket] (신선집중/15%+NH10%) 미국산 목전지 슬라이스 500g x 4 | 우리 20,750 → 네이버 비슷(21,080)
✓ [gmarket] 2080 오리지날 칫솔 탄력모 5+5개입 3세트 (총30개) | 우리 16,250 → 네이버 비슷(16,250)
✓ [gmarket] 탱글뽀득 점보핫도그 8개 + 모짜렐라 핫도그 8개 (총 16개) | 우리 22,900 → 네이버 추천(23,900)
✓ [gmarket] 습기제로 제습제 총 24입 (8입3개) | 우리 16,900 → 네이버 추천(19,600)
✓ [gmarket] 6/25 단하루특가)휘게 미니 냉풍기 탁상용 선풍기 캠핑용 에어쿨러  | 우리 39,000 → 네이버 추천(42,920)
✓ [gmarket] 오향담은 순살족발 300g x4팩 앞다리살100% 족발 간편야식 혼술 | 우리 21,930 → 네이버 비슷(21,930)
✓ [gmarket] (신선집중/15%+NH10%)생생스토리 스테비아 대추 방울 토망고 5 | 우리 10,910 → 네이버 비추(10,470)
✓ [11st] 3M 황토숯 고무장갑10개 S/M/L +사은품 외 | 우리 16,400 → 네이버 추천(23,290)

판정 10/114 (9%) · DB기록 114건
✓ [gmarket] 매콤달콤 양념 먹태구이 40g x 4팩 러시아산 황태로 만든 간편간식 | 우리 11,870 → 네이버 비슷(11,690)
✓ [gmarket] 여수 돌산 고들빼기김치 전남지사인증 100%국내산 1kg | 우리 13,160 → 네이버 비슷(13,020)
✓ [gmarket] 오리온 초코파이 48P 1872g(1박스) | 우리 12,900 → 네이버 비추(11,200)
✓ [gmarket] (신선집중/15%+NH10%) 찰옥수수 20개입 14cm이상 특크기  | 우리 15,490 → 네이버 비슷(15,480)
✓ [gmarket] (신선집중/15%+NH10%) 미국산 목전지 슬라이스 500g x 4 | 우리 16,250 → 네이버 비슷(16,250)
✓ [gmarket] 2080 오리지날 칫솔 탄력모 5+5개입 3세트 (총30개) | 우리 12,750 → 네이버 비슷(12,750)
✓ [gmarket] 풀무원 탱글뽀득 점보핫도그 8개 + 모짜렐라 핫도그 8개 (총 16개 | 우리 20,900 → 네이버 비슷(20,900)
✓ [gmarket] 습기제로 제습제 총 24입 (8입3개) | 우리 16,900 → 네이버 추천(19,600)
✓ [gmarket] 6/25 단하루특가)휘게 미니 냉풍기 탁상용 선풍기 캠핑용 에어쿨러  | 우리 39,000 → 네이버 추천(42,920)
✓ [gmarket] 오향담은 순살족발 300g x4팩 앞다리살100% 족발 간편야식 혼술 | 우리 21,930 → 네이버 비슷(21,930)
✓ [gmarket] (신선집중/15%+NH10%)생생스토리 스테비아 대추 방울 토망고 5 | 우리 10,910 → 네이버 비추(10,470)
✓ [11st] [판다안주]화로닭발 통마늘 닭근위볶음 250g x 3팩 | 우리 14,880 → 네이버 추천(22,350)
✓ [11st] 신선도 보장 [대한민국농수산] 자연산 백합조개 2kg (일반포장) | 우리 8,900 → 네이버 비추(8,130)

판정 13/118 (11%) · DB기록 118건
✓ [gmarket] 매콤달콤 양념 먹태구이 40g x 4팩 러시아산 황태로 만든 간편간식 | 우리 11,870 → 네이버 비슷(11,690)
✓ [gmarket] 여수 돌산 고들빼기김치 전남지사인증 100%국내산 1kg | 우리 13,160 → 네이버 비슷(13,020)
✓ [gmarket] 홈런볼 4번들 x 4팩 (41g 16개) | 우리 14,410 → 네이버 비추(13,380)
✓ [gmarket] 오리온 초코파이 48P 1872g(1박스) | 우리 12,900 → 네이버 비추(11,200)
✓ [gmarket] (신선집중/15%+NH10%) 찰옥수수 20개입 14cm이상 특크기  | 우리 15,490 → 네이버 비슷(15,480)
✓ [gmarket] (신선집중/15%+NH10%) 미국산 목전지 슬라이스 500g x 4 | 우리 16,250 → 네이버 비슷(16,250)
✓ [gmarket] 2080 오리지날 칫솔 탄력모 5+5개입 3세트 (총30개) | 우리 12,750 → 네이버 비슷(12,750)
✓ [gmarket] 풀무원 탱글뽀득 점보핫도그 8개 + 모짜렐라 핫도그 8개 (총 16개 | 우리 20,900 → 네이버 비슷(20,900)
✓ [gmarket] 파스퇴르 무항생제 바른목장우유 195mL 20입 x 2박스 | 우리 25,900 → 네이버 추천(30,900)
✓ [gmarket] 습기제로 제습제 총 24입 (8입3개) | 우리 16,900 → 네이버 추천(19,600)
✓ [gmarket] 6/25 단하루특가)휘게 미니 냉풍기 탁상용 선풍기 캠핑용 에어쿨러  | 우리 39,000 → 네이버 추천(42,669)
✓ [gmarket] 오향담은 순살족발 300g x4팩 앞다리살100% 족발 간편야식 혼술 | 우리 21,930 → 네이버 비슷(21,930)
✓ [gmarket] (신선집중/15%+NH10%)생생스토리 스테비아 대추 방울 토망고 5 | 우리 10,910 → 네이버 비추(10,470)
✓ [11st] [판다안주]화로닭발 통마늘 닭근위볶음 250g x 3팩 | 우리 14,880 → 네이버 추천(22,350)
✓ [11st] 신선도 보장 [대한민국농수산] 자연산 백합조개 2kg (일반포장) | 우리 8,900 → 네이버 비추(8,130)

판정 15/118 (13%) · DB기록 118건
✓ [gmarket] 매콤달콤 양념 먹태구이 40g x 4팩 러시아산 황태로 만든 간편간식 | 우리 11,870 → 네이버 비슷(11,690)
✓ [gmarket] 여수 돌산 고들빼기김치 전남지사인증 100%국내산 1kg | 우리 13,160 → 네이버 비슷(13,020)
✓ [gmarket] 홈런볼 4번들 x 4팩 (41g 16개) | 우리 14,410 → 네이버 비추(13,380)
✓ [gmarket] 오리온 초코파이 48P 1872g(1박스) | 우리 12,900 → 네이버 비추(11,200)
✓ [gmarket] (신선집중/15%+NH10%) 찰옥수수 20개입 14cm이상 특크기  | 우리 15,490 → 네이버 비슷(15,480)
✓ [gmarket] (신선집중/15%+NH10%) 미국산 목전지 슬라이스 500g x 4 | 우리 16,250 → 네이버 비슷(16,250)
✓ [gmarket] 2080 오리지날 칫솔 탄력모 5+5개입 3세트 (총30개) | 우리 12,750 → 네이버 비슷(12,750)
✓ [gmarket] 풀무원 탱글뽀득 점보핫도그 8개 + 모짜렐라 핫도그 8개 (총 16개 | 우리 20,900 → 네이버 비슷(20,900)
✓ [gmarket] 파스퇴르 무항생제 바른목장우유 195mL 20입 x 2박스 | 우리 25,900 → 네이버 추천(30,900)
✓ [gmarket] 습기제로 제습제 총 24입 (8입3개) | 우리 16,900 → 네이버 추천(19,600)
✓ [gmarket] 6/25 단하루특가)휘게 미니 냉풍기 탁상용 선풍기 캠핑용 에어쿨러  | 우리 39,000 → 네이버 추천(42,669)
✓ [gmarket] 오향담은 순살족발 300g x4팩 앞다리살100% 족발 간편야식 혼술 | 우리 21,930 → 네이버 비슷(21,930)
✓ [gmarket] (신선집중/15%+NH10%)생생스토리 스테비아 대추 방울 토망고 5 | 우리 10,910 → 네이버 비추(10,470)
✓ [11st] 오브휴 오코텍스 냉감 쿨매트 Q-MAX 0.4 | 우리 17,900 → 네이버 비추(11,730)
✓ [11st] 신일 BLDC 스탠드형 에어서큘레이터 SIF-PC80COK, 1개 | 우리 94,900 → 네이버 비슷(94,900)
✓ [11st] 체지방감소+유산균증식 푸드올로지 콜레올로지 컷 다이어트 유산균 1개  | 우리 27,900 → 네이버 비추(24,990)

판정 16/111 (14%) · DB기록 111건
✓ [gmarket] 매콤달콤 양념 먹태구이 40g x 4팩 러시아산 황태로 만든 간편간식 | 우리 11,870 → 네이버 비슷(11,690)
✓ [gmarket] 여수 돌산 고들빼기김치 전남지사인증 100%국내산 1kg | 우리 13,160 → 네이버 비슷(13,020)
✓ [gmarket] 홈런볼 4번들 x 4팩 (41g 16개) | 우리 14,410 → 네이버 비추(13,380)
✓ [gmarket] 오리온 초코파이 48P 1872g(1박스) | 우리 12,900 → 네이버 비추(11,200)
✓ [gmarket] (신선집중/15%+NH10%) 찰옥수수 20개입 14cm이상 특크기  | 우리 15,490 → 네이버 비슷(15,480)
✓ [gmarket] (신선집중/15%+NH10%) 미국산 목전지 슬라이스 500g x 4 | 우리 16,250 → 네이버 비슷(16,250)
✓ [gmarket] 2080 오리지날 칫솔 탄력모 5+5개입 3세트 (총30개) | 우리 12,750 → 네이버 비슷(12,750)
✓ [gmarket] 풀무원 탱글뽀득 점보핫도그 8개 + 모짜렐라 핫도그 8개 (총 16개 | 우리 20,900 → 네이버 비슷(20,900)
✓ [gmarket] 파스퇴르 무항생제 바른목장우유 195mL 20입 x 2박스 | 우리 25,900 → 네이버 추천(30,900)
✓ [gmarket] 습기제로 제습제 총 24입 (8입3개) | 우리 16,900 → 네이버 추천(19,600)
✓ [gmarket] 6/25 단하루특가)휘게 미니 냉풍기 탁상용 선풍기 캠핑용 에어쿨러  | 우리 39,000 → 네이버 추천(42,669)
✓ [gmarket] 오향담은 순살족발 300g x4팩 앞다리살100% 족발 간편야식 혼술 | 우리 21,930 → 네이버 비슷(21,930)
✓ [gmarket] (신선집중/15%+NH10%)생생스토리 스테비아 대추 방울 토망고 5 | 우리 10,910 → 네이버 비추(10,470)
✓ [11st] 오브휴 오코텍스 냉감 쿨매트 Q-MAX 0.4 | 우리 17,900 → 네이버 비추(11,730)
✓ [11st] 웅진 하늘보리 1.5L, 12개 | 우리 16,500 → 네이버 비추(10,300)
✓ [11st] 조선호텔 특제육수 포기김치 8kg | 우리 59,800 → 네이버 비슷(59,120)
✓ [11st] 청정원 파스타소스, 로제, 600g, 2개 + 토마토, 600g, 1 | 우리 14,900 → 네이버 추천(17,760)
✓ [11st] 100% 유기농 바이퀸 델리오 100% NFC 착즙 유기농 ABC주스 | 우리 17,900 → 네이버 추천(23,790)

판정 18/111 (16%) · DB기록 111건
✓ [gmarket] 매콤달콤 양념 먹태구이 40g x 4팩 러시아산 황태로 만든 간편간식 | 우리 11,870 → 네이버 비슷(11,690)
✓ [gmarket] 여수 돌산 고들빼기김치 전남지사인증 100%국내산 1kg | 우리 13,160 → 네이버 비슷(13,020)
✓ [gmarket] 홈런볼 4번들 x 4팩 (41g 16개) | 우리 14,410 → 네이버 비추(13,380)
✓ [gmarket] 오리온 초코파이 48P 1872g(1박스) | 우리 12,900 → 네이버 비추(11,200)
✓ [gmarket] (신선집중/15%+NH10%) 찰옥수수 20개입 14cm이상 특크기  | 우리 15,490 → 네이버 비슷(15,480)
✓ [gmarket] (신선집중/15%+NH10%) 미국산 목전지 슬라이스 500g x 4 | 우리 16,250 → 네이버 비슷(16,250)
✓ [gmarket] 2080 오리지날 칫솔 탄력모 5+5개입 3세트 (총30개) | 우리 12,750 → 네이버 비슷(12,750)
✓ [gmarket] 풀무원 탱글뽀득 점보핫도그 8개 + 모짜렐라 핫도그 8개 (총 16개 | 우리 20,900 → 네이버 비슷(20,900)
✓ [gmarket] 파스퇴르 무항생제 바른목장우유 195mL 20입 x 2박스 | 우리 25,900 → 네이버 추천(30,900)
✓ [gmarket] 습기제로 제습제 총 24입 (8입3개) | 우리 16,900 → 네이버 추천(19,600)
✓ [gmarket] 6/25 단하루특가)휘게 미니 냉풍기 탁상용 선풍기 캠핑용 에어쿨러  | 우리 39,000 → 네이버 추천(42,850)
✓ [gmarket] 오향담은 순살족발 300g x4팩 앞다리살100% 족발 간편야식 혼술 | 우리 21,930 → 네이버 비슷(21,930)
✓ [gmarket] (신선집중/15%+NH10%)생생스토리 스테비아 대추 방울 토망고 5 | 우리 10,910 → 네이버 비추(10,470)
✓ [11st] 오브휴 오코텍스 냉감 쿨매트 Q-MAX 0.4 | 우리 17,900 → 네이버 비추(11,900)
✓ [11st] 웅진 하늘보리 1.5L, 12개 | 우리 16,500 → 네이버 비추(10,300)
✓ [11st] 조선호텔 특제육수 포기김치 8kg | 우리 59,800 → 네이버 비슷(59,120)
✓ [11st] [본사직영][임박행사] 광동 아이스웨일 자몽 500ml 20입 (소비 | 우리 5,890 → 네이버 추천(11,400)
✓ [11st] 청정원 파스타소스, 로제, 600g, 2개 + 토마토, 600g, 1 | 우리 14,900 → 네이버 추천(21,140)
✓ [11st] 웅진 하늘보리 유/무라벨 랜덤 500ml, 20개 | 우리 15,200 → 네이버 비추(14,000)

판정 19/111 (17%) · DB기록 111건
✓ [gmarket] 매콤달콤 양념 먹태구이 40g x 4팩 러시아산 황태로 만든 간편간식 | 우리 11,870 → 네이버 비슷(11,690)
✓ [gmarket] 여수 돌산 고들빼기김치 전남지사인증 100%국내산 1kg | 우리 13,160 → 네이버 비슷(13,020)
✓ [gmarket] 오리온 초코파이 48P 1872g(1박스) | 우리 12,900 → 네이버 비추(11,200)
✓ [gmarket] (신선집중/15%+NH10%) 찰옥수수 20개입 14cm이상 특크기  | 우리 15,490 → 네이버 비슷(15,480)
✓ [gmarket] (신선집중/15%+NH10%) 미국산 목전지 슬라이스 500g x 4 | 우리 16,250 → 네이버 비슷(16,250)
✓ [gmarket] 풀무원 탱글뽀득 점보핫도그 8개 + 모짜렐라 핫도그 8개 (총 16개 | 우리 20,900 → 네이버 추천(22,900)
✓ [gmarket] 습기제로 제습제 총 24입 (8입3개) | 우리 16,900 → 네이버 추천(19,600)
✓ [gmarket] 6/25 단하루특가)휘게 미니 냉풍기 탁상용 선풍기 캠핑용 에어쿨러  | 우리 39,000 → 네이버 추천(42,850)
✓ [gmarket] 오향담은 순살족발 300g x4팩 앞다리살100% 족발 간편야식 혼술 | 우리 21,930 → 네이버 비슷(21,930)
✓ [gmarket] (신선집중/15%+NH10%)생생스토리 스테비아 대추 방울 토망고 5 | 우리 10,910 → 네이버 비추(10,470)
✓ [11st] 오브휴 오코텍스 냉감 쿨매트 Q-MAX 0.4 | 우리 17,900 → 네이버 비추(12,000)
✓ [11st] 부드럽고 촉촉한 한성 몬스터크랩 72g x 20개 | 우리 15,800 → 네이버 비추(14,380)
✓ [11st] 부드럽고 촉촉한 한성 크래미H 90g x 20개 | 우리 16,990 → 네이버 추천(18,270)
✓ [11st] 웅진 하늘보리 1.5L, 12개 | 우리 16,500 → 네이버 비추(10,300)
✓ [11st] 조선호텔 특제육수 포기김치 8kg | 우리 59,800 → 네이버 비슷(59,120)
✓ [11st] 부드럽고 촉촉한 한성 크래미H 90g x 10개 | 우리 9,900 → 네이버 비추(9,600)
✓ [11st] [본사직영][임박행사] 광동 아이스웨일 자몽 500ml 20입 (소비 | 우리 5,890 → 네이버 추천(11,400)

판정 17/111 (15%) · DB기록 111건
✓ [gmarket] (신선집중/15%+NH10%) 찰옥수수 20개입 14cm이상 특크기  | 우리 15,490 → 네이버 비슷(15,480)
✓ [gmarket] 오리온 초코파이 48P 1872g(1박스) | 우리 12,900 → 네이버 비추(11,200)
✓ [gmarket] 풀무원 탱글뽀득 점보핫도그 8개 + 모짜렐라 핫도그 8개 (총 16개 | 우리 22,900 → 네이버 비슷(22,900)
✓ [gmarket] 오향담은 순살족발 300g x4팩 앞다리살100% 족발 간편야식 혼술 | 우리 21,930 → 네이버 비슷(21,930)
✓ [gmarket] (신선집중/15%+NH10%)생생스토리 스테비아 대추 방울 토망고 5 | 우리 10,910 → 네이버 비추(10,470)
✓ [gmarket] 이맛쌀 20kg | 우리 61,370 → 네이버 비슷(60,980)
✓ [11st] 오브휴 오코텍스 냉감 쿨매트 Q-MAX 0.4 | 우리 17,900 → 네이버 비추(12,000)
✓ [11st] 부드럽고 촉촉한 한성 크래미H 90g x 20개 | 우리 16,990 → 네이버 추천(18,270)
✓ [11st] 부드럽고 촉촉한 한성 몬스터크랩 72g x 20개 | 우리 15,800 → 네이버 비추(14,380)
✓ [11st] 조선호텔 특제육수 포기김치 8kg | 우리 59,800 → 네이버 비슷(59,120)
✓ [11st] 웅진 하늘보리 1.5L, 12개 | 우리 16,500 → 네이버 비추(10,300)
✓ [11st] 부드럽고 촉촉한 한성 크래미H 90g x 10개 | 우리 9,900 → 네이버 비추(9,600)
✓ [11st] [본사직영][임박행사] 광동 아이스웨일 자몽 500ml 20입 (소비 | 우리 5,890 → 네이버 추천(11,400)
✓ [11st] 100% 유기농 바이퀸 델리오 100% NFC 착즙 유기농 ABC주스 | 우리 17,900 → 네이버 추천(23,790)
✓ [11st] 웅진 하늘보리 유/무라벨 랜덤 500ml, 20개 | 우리 15,200 → 네이버 비추(14,000)

판정 15/112 (13%) · DB기록 112건
✓ [gmarket] (1+1) 루글리오 엑스트라버진 올리브 오일 1L x 2개 올리브유  | 우리 26,690 → 네이버 비슷(27,110)
✓ [gmarket] 애플펜슬 2세대 아이패드 펜슬 Pencil 2nd MU8F2AM/A  | 우리 91,940 → 네이버 추천(99,090)
✓ [gmarket] 에프킬라 모기약 에어로졸 킨 500ml 4개 | 우리 12,900 → 네이버 추천(14,900)
✓ [gmarket] 오향담은 순살족발 300g x4팩 앞다리살100% 족발 간편야식 혼술 | 우리 18,990 → 네이버 비추(18,470)
✓ [gmarket] (신선집중/15%+NH10%)생생스토리 스테비아 대추 방울 토망고 5 | 우리 10,910 → 네이버 비추(10,470)
✓ [gmarket] 이맛쌀 20kg | 우리 61,370 → 네이버 비슷(60,980)
✓ [11st] 오브휴 오코텍스 냉감 쿨매트 Q-MAX 0.4 | 우리 17,900 → 네이버 비추(12,000)
✓ [11st] 부드럽고 촉촉한 한성 몬스터크랩 72g x 20개 | 우리 15,800 → 네이버 비추(14,380)
✓ [11st] 부드럽고 촉촉한 한성 크래미H 90g x 20개 | 우리 16,990 → 네이버 추천(18,270)
✓ [11st] 웅진 하늘보리 1.5L, 12개 | 우리 16,500 → 네이버 비추(10,300)
✓ [11st] 조선호텔 특제육수 포기김치 8kg | 우리 59,800 → 네이버 비슷(59,120)
✓ [11st] [본사직영][임박행사] 광동 아이스웨일 자몽 500ml 20입 (소비 | 우리 5,890 → 네이버 추천(11,400)
✓ [11st] 부드럽고 촉촉한 한성 크래미H 90g x 10개 | 우리 9,900 → 네이버 비추(9,600)
✓ [11st] 웅진 하늘보리 유/무라벨 랜덤 500ml, 20개 | 우리 15,200 → 네이버 비추(14,000)

판정 14/112 (13%) · DB기록 112건
✓ [gmarket] (1+1) 루글리오 엑스트라버진 올리브 오일 1L x 2개 올리브유  | 우리 26,690 → 네이버 비슷(26,620)
✓ [gmarket] 에프킬라 모기약 에어로졸 킨 500ml 4개 | 우리 12,900 → 네이버 비슷(12,900)
✓ [gmarket] 애플펜슬 2세대 아이패드 펜슬 Pencil 2nd MU8F2AM/A  | 우리 91,940 → 네이버 비슷(91,940)
✓ [gmarket] 오리온 초코파이 48P 1872g(1박스) | 우리 10,510 → 네이버 추천(11,200)
✓ [gmarket] 오향담은 순살족발 300g x4팩 6월29일부터 순차출고 | 우리 18,990 → 네이버 비슷(18,980)
✓ [gmarket] (신선집중/15%+NH10%)생생스토리 스테비아 대추 방울 토망고 5 | 우리 10,910 → 네이버 비추(10,470)
✓ [11st] 필립스 알카라인 AAA 건전지 20개입 | 우리 6,100 → 네이버 비슷(6,100)
✓ [11st] [1+1] 일리윤 세라마이드 아토 수딩젤 175ml+증정 | 우리 23,270 → 네이버 비추(11,370)
✓ [11st] 바이오더마 아토덤 스틱 레브르 립밤 듀오세트 총10개 | 우리 40,970 → 네이버 비슷(40,970)
✓ [11st] 부드럽고 촉촉한 한성 몬스터크랩 72g x 20개 | 우리 15,800 → 네이버 비추(14,380)
✓ [11st] 부드럽고 촉촉한 한성 크래미H 90g x 20개 | 우리 16,990 → 네이버 추천(18,270)
✓ [11st] 조선호텔 특제육수 포기김치 8kg | 우리 59,800 → 네이버 비슷(59,120)
✓ [11st] 06/26~29 할인 특가 진행 필립스 알카라인 건전지 AAA 20개 | 우리 6,100 → 네이버 추천(7,800)
✓ [11st] [본사직영][임박행사] 광동 아이스웨일 자몽 500ml 20입 (소비 | 우리 5,890 → 네이버 추천(11,400)
✓ [11st] 환타 제로 파인 350ml+제로 오렌지 350ml+제로 포도 350m | 우리 14,900 → 네이버 비슷(14,900)
✓ [11st] 06/26~29 할인 특가 진행 필립스 알카라인 건전지 AA 20개입 | 우리 6,100 → 네이버 추천(7,800)
✓ [11st] 100% 유기농 바이퀸 델리오 100% NFC 착즙 유기농 ABC주스 | 우리 17,900 → 네이버 추천(23,790)

판정 17/113 (15%) · DB기록 113건
✓ [gmarket] 누리푸드 흑마늘 품은 순살 슬라이스 족발 300gX2팩+양념새우젓 2 | 우리 14,400 → 네이버 추천(16,290)
✓ [gmarket] 오리온 초코파이 48P 1872g(1박스) | 우리 13,500 → 네이버 비추(11,200)
✓ [gmarket] 오향담은 순살족발 300g x4팩 6월29일부터 순차출고 | 우리 18,990 → 네이버 비슷(18,980)
✓ [gmarket] (신선집중) 생생스토리 스테비아 대추 방울 토망고 500gX4팩 | 우리 10,910 → 네이버 비추(10,490)
✓ [gmarket] 이맛쌀 20kg | 우리 61,370 → 네이버 비슷(60,980)
✓ [11st] 에너자이저 EVR 건전지 AA,AAA 20알 | 우리 7,500 → 네이버 추천(9,310)
✓ [11st] 배상면주가 느린마을증류주 16.9도 330ml x 6병 | 우리 15,500 → 네이버 추천(17,820)
✓ [11st] 광동 마그네슘 90정, 2박스 6개월분 외 | 우리 17,940 → 네이버 비추(16,800)
✓ [11st] [숨] 100% 천연펄프 무형광 소프트 블랙 3겹 30m 30롤 2팩 | 우리 17,900 → 네이버 비슷(17,900)
✓ [11st] 부드럽고 촉촉한 한성 몬스터크랩 72g x 20개 | 우리 15,800 → 네이버 비추(14,380)
✓ [11st] 부드럽고 촉촉한 한성 크래미H 90g x 20개 | 우리 16,990 → 네이버 추천(18,270)
✓ [11st] 펩시 제로슈거 라임향 올인원팩 (190ml, 18개 + 355ml,  | 우리 15,700 → 네이버 비슷(15,700)
✓ [11st] 조선호텔 특제육수 포기김치 8kg | 우리 59,800 → 네이버 비슷(59,120)
✓ [coupang] 하베브릭스 유아용 스위밍 튜브, 아이스크림, 1개 | 우리 34,400 → 네이버 비추(26,560)
✓ [coupang] 옳곡 100% 국내산 땅콩버터 스무스, 200g, 1개 | 우리 15,400 → 네이버 비추(12,830)
✓ [coupang] 왕찹쌀떡 국산찹쌀 선물용, 30개, 60g | 우리 14,340 → 네이버 비추(10,970)
✓ [coupang] 꿀맛나는세상 한돈 고추장 제육볶음, 500g, 1개 | 우리 7,450 → 네이버 비추(4,890)
✓ [coupang] 이온더핏 제로 이온음료, 500ml, 24개 | 우리 15,900 → 네이버 비추(14,230)
✓ [coupang] 고래사어묵 순살가득 하얀사각 연육함량 90% 어묵 4장, 300g,  | 우리 8,000 → 네이버 추천(11,000)

판정 19/105 (18%) · DB기록 105건
✓ [gmarket] 누리푸드 흑마늘 품은 순살 슬라이스 족발 300gX2팩+양념새우젓 2 | 우리 9,900 → 네이버 추천(14,400)
✓ [gmarket] 무때ZERO 욕실용 500ml 2개+ 주방용 2개 | 우리 10,900 → 네이버 추천(14,540)
✓ [gmarket] 오리온 초코파이 48P 1872g(1박스) | 우리 13,500 → 네이버 비추(11,200)
✓ [gmarket] 오향담은 순살족발 300g x4팩 6월29일부터 순차출고 | 우리 18,990 → 네이버 비슷(18,980)
✓ [gmarket] (신선집중) 생생스토리 스테비아 대추 방울 토망고 500gX4팩 | 우리 10,910 → 네이버 비추(10,490)
✓ [gmarket] 이맛쌀 20kg | 우리 61,370 → 네이버 비슷(60,980)
✓ [11st] 부산우유 데일리 저당밀크티 190ml, 24개 | 우리 15,470 → 네이버 추천(24,230)
✓ [11st] [64GB메모리업] 파인뷰 X7700 PRO Q/Q 블랙박스 | 우리 211,000 → 네이버 추천(231,570)
✓ [11st] [숨] 100% 천연펄프 무형광 소프트 블랙 3겹 30m 30롤 2팩 | 우리 17,900 → 네이버 비슷(17,900)
✓ [11st] 부드럽고 촉촉한 한성 몬스터크랩 72g x 20개 | 우리 15,800 → 네이버 비추(14,380)
✓ [11st] 부드럽고 촉촉한 한성 크래미H 90g x 20개 | 우리 16,990 → 네이버 추천(18,270)
✓ [11st] 조선호텔 특제육수 포기김치 8kg | 우리 59,800 → 네이버 비슷(59,120)
✓ [coupang] 하베브릭스 유아용 스위밍 튜브, 아이스크림, 1개 | 우리 34,400 → 네이버 비추(26,560)
✓ [coupang] 옳곡 100% 국내산 땅콩버터 스무스, 200g, 1개 | 우리 15,400 → 네이버 비추(12,830)
✓ [coupang] 왕찹쌀떡 국산찹쌀 선물용, 30개, 60g | 우리 14,340 → 네이버 비추(10,970)
✓ [coupang] 꿀맛나는세상 한돈 고추장 제육볶음, 500g, 1개 | 우리 7,450 → 네이버 비추(4,890)
✓ [coupang] 이온더핏 제로 이온음료, 500ml, 24개 | 우리 15,900 → 네이버 비추(14,550)
✓ [coupang] 고래사어묵 순살가득 하얀사각 연육함량 90% 어묵 4장, 300g,  | 우리 8,000 → 네이버 추천(11,000)

판정 18/106 (17%) · DB기록 106건
✓ [gmarket] 누리푸드 흑마늘 품은 순살 슬라이스 족발 300gX2팩+양념새우젓 2 | 우리 9,900 → 네이버 추천(16,900)
✓ [gmarket] 무때ZERO 욕실용 500ml 2개+ 주방용 2개 | 우리 10,900 → 네이버 추천(14,540)
✓ [gmarket] 오리온 초코파이 48P 1872g(1박스) | 우리 13,500 → 네이버 비추(11,200)
✓ [gmarket] 오향담은 순살족발 300g x4팩 6월29일부터 순차출고 | 우리 18,990 → 네이버 비슷(18,980)
✓ [gmarket] (신선집중) 생생스토리 스테비아 대추 방울 토망고 500gX4팩 | 우리 10,910 → 네이버 비추(10,490)
✓ [gmarket] 이맛쌀 20kg | 우리 61,370 → 네이버 비슷(60,980)
✓ [11st] 부산우유 데일리 저당밀크티 190ml, 24개 | 우리 15,470 → 네이버 추천(24,230)
✓ [11st] [64GB메모리업] 파인뷰 X7700 PRO Q/Q 블랙박스 | 우리 211,000 → 네이버 추천(231,570)
✓ [11st] [숨] 100% 천연펄프 무형광 소프트 블랙 3겹 30m 30롤 2팩 | 우리 17,900 → 네이버 비슷(17,900)
✓ [11st] 부드럽고 촉촉한 한성 몬스터크랩 72g x 20개 | 우리 15,800 → 네이버 비추(14,380)
✓ [11st] 부드럽고 촉촉한 한성 크래미H 90g x 20개 | 우리 16,990 → 네이버 추천(18,270)
✓ [11st] 조선호텔 특제육수 포기김치 8kg | 우리 59,800 → 네이버 비슷(59,120)
✓ [coupang] 하베브릭스 유아용 스위밍 튜브, 아이스크림, 1개 | 우리 34,400 → 네이버 비추(26,560)
✓ [coupang] 옳곡 100% 국내산 땅콩버터 스무스, 200g, 1개 | 우리 15,400 → 네이버 비추(12,830)
✓ [coupang] 왕찹쌀떡 국산찹쌀 선물용, 30개, 60g | 우리 14,340 → 네이버 비추(10,970)
✓ [coupang] 꿀맛나는세상 한돈 고추장 제육볶음, 500g, 1개 | 우리 7,450 → 네이버 비추(4,890)
✓ [coupang] 이온더핏 제로 이온음료, 500ml, 24개 | 우리 15,900 → 네이버 비추(14,550)
✓ [coupang] 고래사어묵 순살가득 하얀사각 연육함량 90% 어묵 4장, 300g,  | 우리 8,000 → 네이버 추천(11,000)

판정 18/106 (17%) · DB기록 106건
✓ [gmarket] 누리푸드 흑마늘 품은 순살 슬라이스 족발 300gX2팩+양념새우젓 2 | 우리 9,900 → 네이버 추천(16,900)
✓ [gmarket] 명란젓갈 구이 알탕용 1kg 염도 2프로대 저염 백명란 구워먹고 끓여 | 우리 16,290 → 네이버 비슷(16,290)
✓ [gmarket] Make You Healthy  엑스트라버진 올리브오일 캡슐 2캡슐  | 우리 11,900 → 네이버 비추(10,110)
✓ [gmarket] 생선숙편25년전통 꼬치어묵 8개x4팩(가쓰오 소스포함) | 우리 8,910 → 네이버 추천(11,860)
✓ [gmarket] 오리온 초코파이 48P 1872g(1박스) | 우리 13,500 → 네이버 비추(11,200)
✓ [gmarket] (신선집중) 생생스토리 스테비아 대추 방울 토망고 500gX4팩 | 우리 10,910 → 네이버 비추(10,490)
✓ [gmarket] 이맛쌀 20kg | 우리 61,370 → 네이버 비슷(60,980)
✓ [11st] 1+1패키지 있나요 효소 다이어트 단백질 쉐이크 630g | 우리 35,120 → 네이버 추천(38,800)
✓ [11st] 탈모특허 신소재 '알로포시아'적용 CH6 그리놀 허브 노워시 탈모 트 | 우리 7,900 → 네이버 추천(19,280)
✓ [11st] 이유있는 17만병 완판 CH6 스칼프 싹 탈모 세럼 레드에디션 140 | 우리 23,900 → 네이버 추천(39,400)
✓ [11st] 르젠 BLDC 앱연동 리모컨 초절전 선풍기, LZEF-DC250 | 우리 75,900 → 네이버 비추(69,000)
✓ [11st] 아비노 NEW 리하이드레이팅 나이트 크림 50ml, 2개 + 증정(더 | 우리 24,360 → 네이버 비추(15,000)
✓ [ohou] 클래파 "먼지봉투 5장 + 물걸레키트 추가" 초경량 자동먼지비움 BL | 우리 138,000 → 네이버 비슷(138,000)
✓ [coupang] 하베브릭스 유아용 스위밍 튜브, 아이스크림, 1개 | 우리 34,400 → 네이버 비추(26,560)
✓ [coupang] 옳곡 100% 국내산 땅콩버터 스무스, 200g, 1개 | 우리 15,400 → 네이버 비추(12,830)
✓ [coupang] 왕찹쌀떡 국산찹쌀 선물용, 30개, 60g | 우리 14,340 → 네이버 비추(10,970)
✓ [coupang] 꿀맛나는세상 한돈 고추장 제육볶음, 500g, 1개 | 우리 7,450 → 네이버 비추(4,890)
✓ [coupang] 고래사어묵 순살가득 하얀사각 연육함량 90% 어묵 4장, 300g,  | 우리 8,000 → 네이버 추천(11,000)

판정 18/107 (17%) · DB기록 107건
✓ [gmarket] 누리푸드 흑마늘 품은 순살 슬라이스 족발 300gX2팩+양념새우젓 2 | 우리 9,900 → 네이버 추천(16,900)
✓ [gmarket] 명란젓갈 구이 알탕용 1kg 염도 2프로대 저염 백명란 구워먹고 끓여 | 우리 16,290 → 네이버 비슷(16,290)
✓ [gmarket] 생선숙편25년전통 꼬치어묵 8개x4팩(가쓰오 소스포함) | 우리 8,910 → 네이버 추천(11,860)
✓ [gmarket] Make You Healthy  엑스트라버진 올리브오일 캡슐 2캡슐  | 우리 11,900 → 네이버 비추(10,110)
✓ [gmarket] 오리온 초코파이 48P 1872g(1박스) | 우리 13,500 → 네이버 비추(11,200)
✓ [gmarket] (신선집중) 생생스토리 스테비아 대추 방울 토망고 500gX4팩 | 우리 10,910 → 네이버 비추(10,490)
✓ [gmarket] 오향담은 순살족발 300g x4팩 6월29일부터 순차출고 | 우리 18,990 → 네이버 비슷(18,980)
✓ [11st] 1+1패키지 있나요 효소 다이어트 단백질 쉐이크 630g | 우리 35,120 → 네이버 추천(38,800)
✓ [11st] 48시간 콜드에이징 숙성 국내산 오리불고기 주물럭 500g 2팩 | 우리 14,930 → 네이버 비추(10,390)
✓ [11st] 농가살리기 연평도 급냉 몽땅꽃게 암꽃게 1kg (3~4미 내외) | 우리 20,900 → 네이버 비추(11,300)
✓ [ohou] 클래파 "먼지봉투 5장 + 물걸레키트 추가" 초경량 자동먼지비움 BL | 우리 138,000 → 네이버 비슷(138,000)
✓ [coupang] 하베브릭스 유아용 스위밍 튜브, 아이스크림, 1개 | 우리 34,400 → 네이버 비추(26,560)
✓ [coupang] 옳곡 100% 국내산 땅콩버터 스무스, 200g, 1개 | 우리 15,400 → 네이버 비추(12,830)
✓ [coupang] 왕찹쌀떡 국산찹쌀 선물용, 30개, 60g | 우리 14,340 → 네이버 비추(10,970)
✓ [coupang] 꿀맛나는세상 한돈 고추장 제육볶음, 500g, 1개 | 우리 7,450 → 네이버 비추(4,890)

판정 15/107 (14%) · DB기록 107건
✓ [gmarket] 누리푸드 흑마늘 품은 순살 슬라이스 족발 300gX2팩+양념새우젓 2 | 우리 9,900 → 네이버 추천(16,900)
✓ [gmarket] 명란젓갈 구이 알탕용 1kg 염도 2프로대 저염 백명란 구워먹고 끓여 | 우리 16,290 → 네이버 비슷(16,290)
✓ [gmarket] 생선숙편25년전통 꼬치어묵 8개x4팩(가쓰오 소스포함) | 우리 8,910 → 네이버 추천(11,860)
✓ [gmarket] Make You Healthy  엑스트라버진 올리브오일 캡슐 2캡슐  | 우리 11,900 → 네이버 비추(10,110)
✓ [gmarket] 오리온 초코파이 48P 1872g(1박스) | 우리 13,500 → 네이버 비추(11,200)
✓ [gmarket] (신선집중) 생생스토리 스테비아 대추 방울 토망고 500gX4팩 | 우리 10,910 → 네이버 비추(10,490)
✓ [gmarket] 오향담은 순살족발 300g x4팩 6월29일부터 순차출고 | 우리 18,990 → 네이버 비슷(18,980)
✓ [ohou] 클래파 "먼지봉투 5장 + 물걸레키트 추가" 초경량 자동먼지비움 BL | 우리 138,000 → 네이버 비슷(138,000)
✓ [ohou] 잘풀리는집 잘풀리는집 키친타월 150매 x 24롤 외 기획특가 | 우리 11,970 → 네이버 추천(24,090)
✓ [coupang] 하베브릭스 유아용 스위밍 튜브, 아이스크림, 1개 | 우리 34,400 → 네이버 비추(26,560)
✓ [coupang] 쿤달 시그니처 퍼퓸 디퓨저 세트, 블랙체리, 500ml, 2개 | 우리 17,900 → 네이버 추천(21,590)
✓ [coupang] 옳곡 100% 국내산 땅콩버터 스무스, 200g, 1개 | 우리 15,400 → 네이버 비추(12,830)
✓ [coupang] 왕찹쌀떡 국산찹쌀 선물용, 30개, 60g | 우리 14,340 → 네이버 비추(11,010)
✓ [coupang] 꿀맛나는세상 한돈 고추장 제육볶음, 500g, 1개 | 우리 7,450 → 네이버 비추(4,890)
✓ [11st] 1+1패키지 있나요 효소 다이어트 단백질 쉐이크 630g | 우리 35,120 → 네이버 추천(38,800)
✓ [11st] 48시간 콜드에이징 숙성 국내산 오리불고기 주물럭 500g 2팩 | 우리 14,930 → 네이버 비추(10,440)
✓ [11st] 농가살리기 연평도 급냉 몽땅꽃게 암꽃게 1kg (3~4미 내외) | 우리 20,900 → 네이버 비추(11,300)
✓ [11st] 위닉스 인버터 제습기 21L DXWH218-NEK, 에너지등급 1등급 | 우리 399,000 → 네이버 비슷(399,000)
✓ [11st] 최고의 가성비 엔진코팅 [내일도착]불스원 불스파워 엔진코팅제 블랙 2 | 우리 21,760 → 네이버 비슷(21,760)
✓ [11st] [바디랩] 순수두유 99.9, 24팩, 2박스 | 우리 23,900 → 네이버 비추(17,910)

판정 20/107 (19%) · DB기록 107건
✓ [gmarket] 오예스 18+2 (20개입) x 2개 / 총 40개 | 우리 12,510 → 네이버 추천(14,760)
✓ [gmarket] 듀라텍스 쿨매트 2025년 냉감패드 Q-MAX 0.486 업계1위 오 | 우리 16,920 → 네이버 추천(25,900)
✓ [gmarket] Make You Healthy  엑스트라버진 올리브오일 캡슐 2캡슐  | 우리 11,900 → 네이버 비추(10,110)
✓ [gmarket] 생선숙편25년전통 꼬치어묵 8개x4팩(가쓰오 소스포함) | 우리 8,910 → 네이버 추천(11,860)
✓ [gmarket] 명란젓갈 구이 알탕용 1kg 염도 2프로대 저염 백명란 구워먹고 끓여 | 우리 16,290 → 네이버 비슷(16,290)
✓ [gmarket] 오리온 초코파이 48P 1872g(1박스) | 우리 13,500 → 네이버 비추(11,200)
✓ [gmarket] (신선집중) 생생스토리 스테비아 대추 방울 토망고 500gX4팩 | 우리 10,910 → 네이버 비추(10,490)
✓ [gmarket] 오향담은 순살족발 300g x4팩 6월29일부터 순차출고 | 우리 18,990 → 네이버 비슷(18,980)
✓ [11st] 1+1패키지 있나요 효소 다이어트 단백질 쉐이크 630g | 우리 35,120 → 네이버 추천(38,800)
✓ [11st] 48시간 콜드에이징 숙성 국내산 오리불고기 주물럭 500g 2팩 | 우리 14,930 → 네이버 비추(10,440)
✓ [11st] 농가살리기 연평도 급냉 몽땅꽃게 암꽃게 1kg (3~4미 내외) | 우리 20,900 → 네이버 비추(11,300)
✓ [11st] 위닉스 인버터 제습기 21L DXWH218-NEK, 에너지등급 1등급 | 우리 399,000 → 네이버 비슷(399,000)
✓ [ohou] 클래파 "먼지봉투 5장 + 물걸레키트 추가" 초경량 자동먼지비움 BL | 우리 138,000 → 네이버 비슷(138,000)
✓ [ohou] 잘풀리는집 잘풀리는집 키친타월 150매 x 24롤 외 기획특가 | 우리 11,970 → 네이버 추천(24,090)
✓ [coupang] 몽때리 올블랙 차량용 방향제 120ml 본품 + 300ml 리필 세트 | 우리 17,480 → 네이버 추천(29,300)
✓ [coupang] 마이노멀 저당 저칼로리 블루베리잼, 320g, 1개 | 우리 11,680 → 네이버 비추(10,900)
✓ [coupang] 무연골 돌돌말이 대패삼겹살 (냉동), 1kg, 1개 | 우리 12,400 → 네이버 비추(11,000)
✓ [coupang] 오리온 초코칩 쿠키 미니, 48g, 16개 | 우리 11,000 → 네이버 추천(12,300)
✓ [coupang] 듀먼 전연령용 강아지 오리지널 화식사료, 닭+채소, 50g, 10개 | 우리 14,900 → 네이버 추천(26,300)
✓ [coupang] 프레샤인 당도선별 충주 세척 사과, 2kg(중과), 1박스 | 우리 18,900 → 네이버 추천(31,760)
✓ [coupang] 클룹 바나바잎차 돼지감자차 차음료, 500ml, 12개 | 우리 12,100 → 네이버 비추(11,100)

판정 21/107 (20%) · DB기록 107건
✓ [gmarket] 오예스 18+2 (20개입) x 2개 / 총 40개 | 우리 12,510 → 네이버 비슷(12,500)
✓ [gmarket] 듀라텍스 쿨매트 2025년 냉감패드 Q-MAX 0.486 업계1위 오 | 우리 16,920 → 네이버 추천(25,900)
✓ [gmarket] Make You Healthy  엑스트라버진 올리브오일 캡슐 2캡슐  | 우리 11,900 → 네이버 비추(10,110)
✓ [gmarket] 명란젓갈 구이 알탕용 1kg 염도 2프로대 저염 백명란 구워먹고 끓여 | 우리 16,290 → 네이버 비슷(16,290)
✓ [gmarket] 생선숙편25년전통 꼬치어묵 8개x4팩(가쓰오 소스포함) | 우리 8,910 → 네이버 추천(11,860)
✓ [gmarket] 오리온 초코파이 48P 1872g(1박스) | 우리 13,500 → 네이버 비추(11,200)
✓ [gmarket] (신선집중) 생생스토리 스테비아 대추 방울 토망고 500gX4팩 | 우리 10,910 → 네이버 비추(10,490)
✓ [gmarket] 오향담은 순살족발 300g x4팩 6월29일부터 순차출고 | 우리 18,990 → 네이버 비슷(18,980)
✓ [11st] 의약외품 약국전용 메디톡톡 여드름패치 42매입 지퍼백 | 우리 6,900 → 네이버 추천(9,900)
✓ [11st] 48시간 콜드에이징 숙성 국내산 오리불고기 주물럭 500g 2팩 | 우리 14,930 → 네이버 비추(10,440)
✓ [ohou] 클래파 "먼지봉투 5장 + 물걸레키트 추가" 초경량 자동먼지비움 BL | 우리 138,000 → 네이버 비슷(138,000)
✓ [ohou] 잘풀리는집 잘풀리는집 키친타월 150매 x 24롤 외 기획특가 | 우리 11,970 → 네이버 추천(24,090)
✓ [coupang] 몽때리 올블랙 차량용 방향제 120ml 본품 + 300ml 리필 세트 | 우리 17,480 → 네이버 추천(29,300)
✓ [coupang] 마이노멀 저당 저칼로리 블루베리잼, 320g, 1개 | 우리 11,680 → 네이버 비추(10,900)
✓ [coupang] 무연골 돌돌말이 대패삼겹살 (냉동), 1kg, 1개 | 우리 12,400 → 네이버 비추(10,900)
✓ [coupang] 오리온 초코칩 쿠키 미니, 48g, 16개 | 우리 11,000 → 네이버 추천(12,300)
✓ [coupang] 듀먼 전연령용 강아지 오리지널 화식사료, 닭+채소, 50g, 10개 | 우리 14,900 → 네이버 추천(26,300)
✓ [coupang] 프레샤인 당도선별 충주 세척 사과, 2kg(중과), 1박스 | 우리 18,900 → 네이버 추천(31,760)
✓ [coupang] 클룹 바나바잎차 돼지감자차 차음료, 500ml, 12개 | 우리 12,100 → 네이버 비추(11,100)

판정 19/103 (18%) · DB기록 103건
✓ [gmarket] 사조 엑스트라버진 올리브유 참치 100g x 8개 | 우리 15,900 → 네이버 비추(14,900)
✓ [gmarket] wpc양산 남자양산 암막 우산 겸용 컴팩트 5단 ZA020-001-1 | 우리 26,880 → 네이버 추천(35,840)
✓ [gmarket] 전남도지사인증 여수명가 열무물김치 3kg 시원하고 아삭한 남도열무 국 | 우리 17,390 → 네이버 비슷(17,200)
✓ [gmarket] 생선숙편25년전통 꼬치어묵 8개x4팩(가쓰오 소스포함) | 우리 8,910 → 네이버 추천(11,860)
✓ [gmarket] Make You Healthy  엑스트라버진 올리브오일 캡슐 2캡슐  | 우리 11,900 → 네이버 비추(10,110)
✓ [gmarket] 명란젓갈 구이 알탕용 1kg 염도 2프로대 저염 백명란 구워먹고 끓여 | 우리 16,290 → 네이버 비슷(16,290)
✓ [gmarket] 오리온 초코파이 48P 1872g(1박스) | 우리 13,500 → 네이버 비추(11,200)
✓ [gmarket] (신선집중) 생생스토리 스테비아 대추 방울 토망고 500gX4팩 | 우리 10,910 → 네이버 비추(10,490)
✓ [11st] 의약외품 약국전용 메디톡톡 여드름패치 42매입 지퍼백 | 우리 6,900 → 네이버 추천(9,900)
✓ [11st] 데체코 클래식 엑스트라버진 올리브오일 1L 1리터 x 2병세트 | 우리 36,820 → 네이버 비슷(36,970)
✓ [11st] 48시간 콜드에이징 숙성 국내산 오리불고기 주물럭 500g 2팩 | 우리 14,930 → 네이버 비추(10,440)
✓ [11st] 위닉스 인버터 제습기 21L DXWH218-NEK, 에너지등급 1등급 | 우리 399,000 → 네이버 비슷(399,000)
✓ [ohou] 클래파 "먼지봉투 5장 + 물걸레키트 추가" 초경량 자동먼지비움 BL | 우리 138,000 → 네이버 비슷(138,000)
✓ [ohou] 잘풀리는집 잘풀리는집 키친타월 150매 x 24롤 외 기획특가 | 우리 11,970 → 네이버 추천(24,090)
✓ [coupang] 마이노멀 저당 저칼로리 블루베리잼, 320g, 1개 | 우리 11,680 → 네이버 비추(10,900)
✓ [coupang] 무연골 돌돌말이 대패삼겹살 (냉동), 1kg, 1개 | 우리 12,400 → 네이버 비추(10,900)
✓ [coupang] 오리온 초코칩 쿠키 미니, 48g, 16개 | 우리 11,000 → 네이버 추천(12,300)
✓ [coupang] 듀먼 전연령용 강아지 오리지널 화식사료, 닭+채소, 50g, 10개 | 우리 14,900 → 네이버 추천(26,300)
✓ [coupang] 프레샤인 당도선별 충주 세척 사과, 2kg(중과), 1박스 | 우리 18,900 → 네이버 추천(31,760)
✓ [coupang] 클룹 바나바잎차 돼지감자차 차음료, 500ml, 12개 | 우리 12,100 → 네이버 비추(11,100)

판정 20/104 (19%) · DB기록 104건
✓ [gmarket] 사조 엑스트라버진 올리브유 참치 100g x 8개 | 우리 15,900 → 네이버 비추(14,900)
✓ [gmarket] 1만캐시적립) 쿠쿠 10인용 올스텐내솥 IH 전기압력밥솥 그레이스화이 | 우리 271,630 → 네이버 추천(290,680)
✓ [gmarket] wpc양산 남자양산 암막 우산 겸용 컴팩트 5단 ZA020-001-1 | 우리 26,880 → 네이버 추천(35,840)
✓ [gmarket] 전남도지사인증 여수명가 열무물김치 3kg 시원하고 아삭한 남도열무 국 | 우리 17,390 → 네이버 비슷(17,200)
✓ [gmarket] Make You Healthy  엑스트라버진 올리브오일 캡슐 2캡슐  | 우리 11,900 → 네이버 비추(10,110)
✓ [gmarket] 명란젓갈 구이 알탕용 1kg 염도 2프로대 저염 백명란 구워먹고 끓여 | 우리 16,290 → 네이버 비슷(16,290)
✓ [gmarket] 생선숙편25년전통 꼬치어묵 8개x4팩(가쓰오 소스포함) | 우리 8,910 → 네이버 추천(11,860)
✓ [gmarket] 오리온 초코파이 48P 1872g(1박스) | 우리 13,500 → 네이버 비추(11,200)
✓ [gmarket] (신선집중) 생생스토리 스테비아 대추 방울 토망고 500gX4팩 | 우리 10,910 → 네이버 비추(10,490)
✓ [11st] 비락 코코브루니 콜드브루 라떼 200mL * 12입 | 우리 13,900 → 네이버 비슷(13,900)
✓ [11st] 48시간 콜드에이징 숙성 국내산 오리불고기 주물럭 500g 2팩 | 우리 14,930 → 네이버 비추(10,440)
✓ [ohou] 클래파 "먼지봉투 5장 + 물걸레키트 추가" 초경량 자동먼지비움 BL | 우리 138,000 → 네이버 비슷(138,000)
✓ [ohou] 잘풀리는집 잘풀리는집 키친타월 150매 x 24롤 외 기획특가 | 우리 11,970 → 네이버 추천(24,090)
✓ [coupang] 마이노멀 저당 저칼로리 블루베리잼, 320g, 1개 | 우리 11,680 → 네이버 비추(10,900)
✓ [coupang] 무연골 돌돌말이 대패삼겹살 (냉동), 1kg, 1개 | 우리 12,400 → 네이버 비추(10,900)
✓ [coupang] 오리온 초코칩 쿠키 미니, 48g, 16개 | 우리 11,000 → 네이버 추천(12,300)
✓ [coupang] 듀먼 전연령용 강아지 오리지널 화식사료, 닭+채소, 50g, 10개 | 우리 14,900 → 네이버 추천(26,300)
✓ [coupang] 프레샤인 당도선별 충주 세척 사과, 2kg(중과), 1박스 | 우리 18,900 → 네이버 추천(31,760)
✓ [coupang] 클룹 바나바잎차 돼지감자차 차음료, 500ml, 12개 | 우리 12,100 → 네이버 비추(11,100)

판정 19/103 (18%) · DB기록 103건
✓ [gmarket] 초량갈비 수제 칼집양념구이 /1kg x2봉 (총2kg) | 우리 16,910 → 네이버 비슷(16,920)
✓ [gmarket] (신선집중) 본가명인 국내산 열무김치 3kg 전재료 국산 아삭 시원한 | 우리 12,470 → 네이버 추천(12,920)
✓ [gmarket] 락토핏 골드 50포 3통(150일분) All New 리뉴얼 보장균수  | 우리 26,900 → 네이버 비추(9,660)
✓ [gmarket] 1+1 루노아 UPF50+ 셀쉐이드 미니 우산 26년신형(케이스포함) | 우리 11,900 → 네이버 추천(12,520)
✓ [gmarket] 여수식 가오리무침 500g  텡글함을 살린 비법숙성  여수멸치육수의  | 우리 15,550 → 네이버 추천(23,850)
✓ [gmarket] EASTPAK 이스트팩 메신저백 제이알XSKR EPCBS15 4Y8 | 우리 22,800 → 네이버 비추(17,500)
✓ [gmarket] 명란젓갈 구이 알탕용 1kg 염도 2프로대 저염 백명란 구워먹고 끓여 | 우리 16,290 → 네이버 비슷(16,290)
✓ [gmarket] Make You Healthy  엑스트라버진 올리브오일 캡슐 2캡슐  | 우리 11,900 → 네이버 비추(10,110)
✓ [gmarket] 생선숙편25년전통 꼬치어묵 8개x4팩(가쓰오 소스포함) | 우리 8,910 → 네이버 추천(11,860)
✓ [gmarket] 오리온 초코파이 48P 1872g(1박스) | 우리 13,500 → 네이버 비추(11,200)
✓ [gmarket] (신선집중) 생생스토리 스테비아 대추 방울 토망고 500gX4팩 | 우리 10,910 → 네이버 비추(10,490)
✓ [11st] 비락 코코브루니 콜드브루 라떼 200mL * 12입 | 우리 13,900 → 네이버 비슷(13,900)
✓ [11st] 48시간 콜드에이징 숙성 국내산 오리불고기 주물럭 500g 2팩 | 우리 14,930 → 네이버 비추(10,440)
✓ [ohou] 클래파 "먼지봉투 5장 + 물걸레키트 추가" 초경량 자동먼지비움 BL | 우리 138,000 → 네이버 비슷(138,000)
✓ [ohou] 잘풀리는집 잘풀리는집 키친타월 150매 x 24롤 외 기획특가 | 우리 11,970 → 네이버 추천(24,090)
✓ [coupang] 마이노멀 저당 저칼로리 블루베리잼, 320g, 1개 | 우리 11,680 → 네이버 비추(10,900)
✓ [coupang] 무연골 돌돌말이 대패삼겹살 (냉동), 1kg, 1개 | 우리 12,400 → 네이버 비추(10,900)
✓ [coupang] 오리온 초코칩 쿠키 미니, 48g, 16개 | 우리 11,000 → 네이버 추천(12,300)
✓ [coupang] 프레샤인 당도선별 충주 세척 사과, 2kg(중과), 1박스 | 우리 18,900 → 네이버 추천(31,760)
✓ [coupang] 듀먼 전연령용 강아지 오리지널 화식사료, 닭+채소, 50g, 10개 | 우리 14,900 → 네이버 추천(26,300)
✓ [coupang] 클룹 바나바잎차 돼지감자차 차음료, 500ml, 12개 | 우리 12,100 → 네이버 비추(11,100)

판정 21/103 (20%) · DB기록 103건
✓ [gmarket] 초량갈비 수제 칼집양념구이 /1kg x2봉 (총2kg) | 우리 16,910 → 네이버 비슷(16,920)
✓ [gmarket] (신선집중) 본가명인 국내산 열무김치 3kg 전재료 국산 아삭 시원한 | 우리 12,470 → 네이버 비슷(12,470)
✓ [gmarket] 락토핏 골드 50포 3통(150일분) All New 리뉴얼 보장균수  | 우리 26,900 → 네이버 비추(9,660)
✓ [gmarket] 여수식 가오리무침 500g  텡글함을 살린 비법숙성  여수멸치육수의  | 우리 15,550 → 네이버 추천(23,850)
✓ [gmarket] 1+1 루노아 UPF50+ 셀쉐이드 미니 우산 26년신형(케이스포함) | 우리 11,900 → 네이버 비추(8,590)
✓ [gmarket] EASTPAK 이스트팩 메신저백 제이알XSKR EPCBS15 4Y8 | 우리 22,800 → 네이버 비추(17,500)
✓ [gmarket] Make You Healthy  엑스트라버진 올리브오일 캡슐 2캡슐  | 우리 11,900 → 네이버 비추(10,110)
✓ [gmarket] 생선숙편25년전통 꼬치어묵 8개x4팩(가쓰오 소스포함) | 우리 8,910 → 네이버 추천(11,860)
✓ [gmarket] 명란젓갈 구이 알탕용 1kg 염도 2프로대 저염 백명란 구워먹고 끓여 | 우리 16,290 → 네이버 비슷(16,290)
✓ [gmarket] 오리온 초코파이 48P 1872g(1박스) | 우리 13,500 → 네이버 비추(11,200)
✓ [gmarket] (신선집중) 생생스토리 스테비아 대추 방울 토망고 500gX4팩 | 우리 10,910 → 네이버 비추(10,490)
✓ [11st] 신라명과 마드레느 대 32개입 | 우리 10,400 → 네이버 비추(8,750)
✓ [11st] 아이오페 맨 올데이 퍼펙트 올인원, 120ml, 1개+증정 | 우리 28,500 → 네이버 비추(19,990)
✓ [11st] 명태잡는날 명태회무침 400g | 우리 10,900 → 네이버 비추(6,900)
✓ [11st] 48시간 콜드에이징 숙성 국내산 오리불고기 주물럭 500g 2팩 | 우리 14,930 → 네이버 비추(10,440)
✓ [11st] 하림 치킨너겟2 1kg + 용가리치킨 1kg | 우리 20,900 → 네이버 비추(19,900)
✓ [11st] 여름철별미, 명태회 속초식 명태회무침 1kg (함량 70%) 냉면 고 | 우리 18,900 → 네이버 비추(13,200)
✓ [11st] 여름철별미, 명태회 속초식 명태회무침 400g 냉면 고명 수육 명태회 | 우리 10,900 → 네이버 추천(11,500)
✓ [ohou] 클래파 "먼지봉투 5장 + 물걸레키트 추가" 초경량 자동먼지비움 BL | 우리 138,000 → 네이버 비슷(138,000)
✓ [ohou] 잘풀리는집 잘풀리는집 키친타월 150매 x 24롤 외 기획특가 | 우리 11,970 → 네이버 추천(24,090)
✓ [coupang] 마이노멀 저당 저칼로리 블루베리잼, 320g, 1개 | 우리 11,680 → 네이버 비추(10,900)
✓ [coupang] 무연골 돌돌말이 대패삼겹살 (냉동), 1kg, 1개 | 우리 12,400 → 네이버 비추(10,900)
✓ [coupang] 오리온 초코칩 쿠키 미니, 48g, 16개 | 우리 11,000 → 네이버 추천(12,300)
✓ [coupang] 프레샤인 당도선별 충주 세척 사과, 2kg(중과), 1박스 | 우리 18,900 → 네이버 추천(31,760)
✓ [coupang] 듀먼 전연령용 강아지 오리지널 화식사료, 닭+채소, 50g, 10개 | 우리 14,900 → 네이버 추천(26,300)
✓ [coupang] 클룹 바나바잎차 돼지감자차 차음료, 500ml, 12개 | 우리 12,100 → 네이버 비추(11,100)

판정 26/103 (25%) · DB기록 103건
✓ [gmarket] 초량갈비 수제 칼집양념구이 /1kg x2봉 (총2kg) | 우리 16,910 → 네이버 비슷(16,910)
✓ [gmarket] (신선집중) 본가명인 국내산 열무김치 3kg 전재료 국산 아삭 시원한 | 우리 12,470 → 네이버 비슷(12,470)
✓ [gmarket] 락토핏 골드 50포 3통(150일분) All New 리뉴얼 보장균수  | 우리 26,900 → 네이버 비추(9,660)
✓ [gmarket] 여수식 가오리무침 500g  텡글함을 살린 비법숙성  여수멸치육수의  | 우리 15,550 → 네이버 추천(23,850)
✓ [gmarket] 1+1 루노아 UPF50+ 셀쉐이드 미니 우산 26년신형(케이스포함) | 우리 11,900 → 네이버 비추(8,590)
✓ [gmarket] EASTPAK 이스트팩 메신저백 제이알XSKR EPCBS15 4Y8 | 우리 22,800 → 네이버 비추(17,500)
✓ [gmarket] 명란젓갈 구이 알탕용 1kg 염도 2프로대 저염 백명란 구워먹고 끓여 | 우리 16,290 → 네이버 비슷(16,290)
✓ [gmarket] Make You Healthy  엑스트라버진 올리브오일 캡슐 2캡슐  | 우리 11,900 → 네이버 비추(10,110)
✓ [gmarket] 생선숙편25년전통 꼬치어묵 8개x4팩(가쓰오 소스포함) | 우리 8,910 → 네이버 추천(11,860)
✓ [gmarket] 오리온 초코파이 48P 1872g(1박스) | 우리 13,500 → 네이버 비추(11,200)
✓ [gmarket] (신선집중) 생생스토리 스테비아 대추 방울 토망고 500gX4팩 | 우리 10,910 → 네이버 비추(10,490)
✓ [11st] 신라명과 마드레느 대 32개입 | 우리 10,400 → 네이버 비추(8,750)
✓ [11st] 명태잡는날 명태회무침 400g | 우리 10,900 → 네이버 비추(6,900)
✓ [11st] 아이오페 맨 올데이 퍼펙트 올인원, 120ml, 1개+증정 | 우리 28,500 → 네이버 비추(19,990)
✓ [11st] 하림 치킨너겟2 1kg + 용가리치킨 1kg | 우리 20,900 → 네이버 비추(19,900)
✓ [11st] 48시간 콜드에이징 숙성 국내산 오리불고기 주물럭 500g 2팩 | 우리 14,930 → 네이버 비추(10,440)
✓ [11st] 여름철별미, 명태회 속초식 명태회무침 1kg (함량 70%) 냉면 고 | 우리 18,900 → 네이버 비추(13,200)
✓ [11st] 여름철별미, 명태회 속초식 명태회무침 400g 냉면 고명 수육 명태회 | 우리 10,900 → 네이버 추천(11,500)
✓ [ohou] 클래파 "먼지봉투 5장 + 물걸레키트 추가" 초경량 자동먼지비움 BL | 우리 138,000 → 네이버 비슷(138,000)
✓ [coupang] 마이노멀 저당 저칼로리 블루베리잼, 320g, 1개 | 우리 11,680 → 네이버 비추(10,900)
✓ [coupang] 무연골 돌돌말이 대패삼겹살 (냉동), 1kg, 1개 | 우리 12,400 → 네이버 비추(10,900)
✓ [coupang] 오리온 초코칩 쿠키 미니, 48g, 16개 | 우리 11,000 → 네이버 추천(12,300)
✓ [coupang] 클룹 바나바잎차 돼지감자차 차음료, 500ml, 12개 | 우리 12,100 → 네이버 비추(11,100)
✓ [coupang] 듀먼 전연령용 강아지 오리지널 화식사료, 닭+채소, 50g, 10개 | 우리 14,900 → 네이버 추천(26,300)
✓ [coupang] 순샘 베이킹소다 피톤치드향 주방세제 리필, 1.4L, 3개 | 우리 9,000 → 네이버 추천(11,840)

판정 25/103 (24%) · DB기록 103건
✓ [gmarket] 초량갈비 수제 칼집양념구이 /1kg x2봉 (총2kg) | 우리 16,910 → 네이버 비슷(16,910)
✓ [gmarket] (신선집중) 본가명인 국내산 열무김치 3kg 전재료 국산 아삭 시원한 | 우리 12,470 → 네이버 비슷(12,470)
✓ [gmarket] 락토핏 골드 50포 3통(150일분) All New 리뉴얼 보장균수  | 우리 26,900 → 네이버 비추(9,660)
✓ [gmarket] 1+1 루노아 UPF50+ 셀쉐이드 미니 우산 26년신형(케이스포함) | 우리 11,900 → 네이버 비추(8,590)
✓ [gmarket] 여수식 가오리무침 500g  텡글함을 살린 비법숙성  여수멸치육수의  | 우리 15,550 → 네이버 추천(23,850)
✓ [gmarket] EASTPAK 이스트팩 메신저백 제이알XSKR EPCBS15 4Y8 | 우리 22,800 → 네이버 비추(17,500)
✓ [gmarket] 불스원 레인OK 빗물을 튕겨주는 발수와이퍼 2개입 SET (운전석+조 | 우리 9,900 → 네이버 추천(11,800)
✓ [gmarket] 불스원 그래핀 코팅 와이퍼 2개입 SET (운전석+조수석) | 우리 10,900 → 네이버 추천(15,900)
✓ [gmarket] 무때ZERO 욕실용 500ml 2개+ 주방용 2개 | 우리 10,900 → 네이버 추천(18,200)
✓ [gmarket] 오리온 초코파이 48P 1872g(1박스) | 우리 13,500 → 네이버 비추(11,200)
✓ [11st] 경남 햇 감자 5kg 중사이즈 | 우리 6,440 → 네이버 비슷(6,440)
✓ [11st] [원더바스공식] 어성초 청결 토너 패드 70매 | 우리 10,970 → 네이버 비추(7,900)
✓ [11st] [원더바스공식] 슈퍼베지 딥톡스 에센스 토너 패드 50매 | 우리 10,710 → 네이버 추천(25,000)
✓ [11st] [원더바스공식] 어성초 진정 세럼 300ml | 우리 21,510 → 네이버 비슷(21,900)
✓ [11st] [성한빈클렌저] 원더바스 슈퍼베지톡스 클렌저 그린 200ml 트위스트 | 우리 14,370 → 네이버 추천(15,200)
✓ [ohou] 진심감성 논슬립 어깨뿔방지 옷걸이 30개 6colors 외 옷걸이/바 | 우리 18,400 → 네이버 비추(17,800)
✓ [ohou] ANF 6free 소고기/양고기/오리/연어 사료8kg 대용량 특가 | 우리 49,073 → 네이버 추천(64,070)
✓ [coupang] 마이노멀 저당 저칼로리 블루베리잼, 320g, 1개 | 우리 11,680 → 네이버 비추(10,900)
✓ [coupang] 무연골 돌돌말이 대패삼겹살 (냉동), 1kg, 1개 | 우리 12,400 → 네이버 비추(10,900)
✓ [coupang] 오리온 초코칩 쿠키 미니, 48g, 16개 | 우리 11,000 → 네이버 추천(12,300)
✓ [coupang] 클룹 바나바잎차 돼지감자차 차음료, 500ml, 12개 | 우리 12,100 → 네이버 비추(11,100)
✓ [coupang] 순샘 베이킹소다 피톤치드향 주방세제 리필, 1.4L, 3개 | 우리 9,000 → 네이버 추천(11,840)

판정 22/121 (18%) · DB기록 121건
✓ [gmarket] 초량갈비 수제 칼집양념구이 /1kg x2봉 (총2kg) | 우리 16,910 → 네이버 비슷(16,910)
✓ [gmarket] (신선집중) 본가명인 국내산 열무김치 3kg 전재료 국산 아삭 시원한 | 우리 12,470 → 네이버 비슷(12,470)
✓ [gmarket] 락토핏 골드 50포 3통(150일분) All New 리뉴얼 보장균수  | 우리 26,900 → 네이버 비추(9,660)
✓ [gmarket] 1+1 루노아 UPF50+ 셀쉐이드 미니 우산 26년신형(케이스포함) | 우리 11,900 → 네이버 비추(8,590)
✓ [gmarket] 여수식 가오리무침 500g  텡글함을 살린 비법숙성  여수멸치육수의  | 우리 15,550 → 네이버 추천(23,850)
✓ [gmarket] EASTPAK 이스트팩 메신저백 제이알XSKR EPCBS15 4Y8 | 우리 22,800 → 네이버 비추(17,500)
✓ [gmarket] 불스원 레인OK 빗물을 튕겨주는 발수와이퍼 2개입 SET (운전석+조 | 우리 9,900 → 네이버 추천(11,800)
✓ [gmarket] 불스원 그래핀 코팅 와이퍼 2개입 SET (운전석+조수석) | 우리 10,900 → 네이버 추천(15,900)
✓ [gmarket] 무때ZERO 욕실용 500ml 2개+ 주방용 2개 | 우리 10,900 → 네이버 추천(18,200)
✓ [gmarket] 오리온 초코파이 48P 1872g(1박스) | 우리 13,500 → 네이버 비추(11,200)
✓ [gmarket] (신선집중) 생생스토리 스테비아 대추 방울 토망고 500gX4팩 | 우리 10,910 → 네이버 비추(10,490)
✓ [11st] 경남 햇 감자 5kg 중사이즈 | 우리 6,440 → 네이버 비슷(6,440)
✓ [11st] 25년산 밥맛좋은 새청무 특등급 10kg + 10kg | 우리 69,120 → 네이버 비추(32,460)
✓ [11st] [더프레시] 25년산 진품경기미 상등급 10kg + 10kg | 우리 69,720 → 네이버 비추(33,750)
✓ [11st] 여름철별미, 명태회 속초식 명태회무침 1kg (함량 70%) 냉면 고 | 우리 18,900 → 네이버 비추(13,200)
✓ [ohou] 진심감성 논슬립 어깨뿔방지 옷걸이 30개 6colors 외 옷걸이/바 | 우리 18,400 → 네이버 비추(17,800)
✓ [ohou] ANF 6free 소고기/양고기/오리/연어 사료8kg 대용량 특가 | 우리 49,073 → 네이버 추천(64,070)
✓ [coupang] 마이노멀 저당 저칼로리 블루베리잼, 320g, 1개 | 우리 11,680 → 네이버 비추(10,900)
✓ [coupang] 무연골 돌돌말이 대패삼겹살 (냉동), 1kg, 1개 | 우리 12,400 → 네이버 비추(10,900)
✓ [coupang] 오리온 초코칩 쿠키 미니, 48g, 16개 | 우리 11,000 → 네이버 추천(12,300)
✓ [coupang] 클룹 바나바잎차 돼지감자차 차음료, 500ml, 12개 | 우리 12,100 → 네이버 비추(11,100)
✓ [coupang] 순샘 베이킹소다 피톤치드향 주방세제 리필, 1.4L, 3개 | 우리 9,000 → 네이버 추천(11,840)

판정 22/122 (18%) · DB기록 122건
✓ [gmarket] 초량갈비 수제 칼집양념구이 /1kg x2봉 (총2kg) | 우리 16,910 → 네이버 비슷(16,910)
✓ [gmarket] (신선집중) 본가명인 국내산 열무김치 3kg 전재료 국산 아삭 시원한 | 우리 12,470 → 네이버 비슷(12,470)
✓ [gmarket] 락토핏 골드 50포 3통(150일분) All New 리뉴얼 보장균수  | 우리 26,900 → 네이버 비추(9,660)
✓ [gmarket] 1+1 루노아 UPF50+ 셀쉐이드 미니 우산 26년신형(케이스포함) | 우리 11,900 → 네이버 비추(8,590)
✓ [gmarket] EASTPAK 이스트팩 메신저백 제이알XSKR EPCBS15 4Y8 | 우리 22,800 → 네이버 비추(17,500)
✓ [gmarket] 여수식 가오리무침 500g  텡글함을 살린 비법숙성  여수멸치육수의  | 우리 15,550 → 네이버 추천(23,850)
✓ [gmarket] 불스원 레인OK 빗물을 튕겨주는 발수와이퍼 2개입 SET (운전석+조 | 우리 9,900 → 네이버 추천(11,800)
✓ [gmarket] 무때ZERO 욕실용 500ml 2개+ 주방용 2개 | 우리 10,900 → 네이버 추천(18,200)
✓ [gmarket] 불스원 그래핀 코팅 와이퍼 2개입 SET (운전석+조수석) | 우리 10,900 → 네이버 추천(15,900)
✓ [gmarket] 오리온 초코파이 48P 1872g(1박스) | 우리 13,500 → 네이버 비추(11,200)
✓ [gmarket] (신선집중) 생생스토리 스테비아 대추 방울 토망고 500gX4팩 | 우리 10,910 → 네이버 비추(10,490)
✓ [11st] 경남 햇 감자 5kg 중사이즈 | 우리 6,440 → 네이버 비슷(6,440)
✓ [11st] 25년산 밥맛좋은 새청무 특등급 10kg + 10kg | 우리 69,120 → 네이버 비추(32,460)
✓ [11st] [더프레시] 25년산 진품경기미 상등급 10kg + 10kg | 우리 69,720 → 네이버 비추(33,750)
✓ [11st] 여름철별미, 명태회 속초식 명태회무침 1kg (함량 70%) 냉면 고 | 우리 18,900 → 네이버 비추(13,200)
✓ [ohou] 진심감성 논슬립 어깨뿔방지 옷걸이 30개 6colors 외 옷걸이/바 | 우리 18,400 → 네이버 비추(17,800)
✓ [ohou] ANF 6free 소고기/양고기/오리/연어 사료8kg 대용량 특가 | 우리 49,073 → 네이버 추천(64,070)
✓ [coupang] 마이노멀 저당 저칼로리 블루베리잼, 320g, 1개 | 우리 11,680 → 네이버 비추(10,900)
✓ [coupang] 무연골 돌돌말이 대패삼겹살 (냉동), 1kg, 1개 | 우리 12,400 → 네이버 비추(10,900)
✓ [coupang] 오리온 초코칩 쿠키 미니, 48g, 16개 | 우리 11,000 → 네이버 추천(12,300)
✓ [coupang] 클룹 바나바잎차 돼지감자차 차음료, 500ml, 12개 | 우리 12,100 → 네이버 비추(11,100)
✓ [coupang] 순샘 베이킹소다 피톤치드향 주방세제 리필, 1.4L, 3개 | 우리 9,000 → 네이버 추천(11,840)

판정 22/120 (18%) · DB기록 120건
✓ [gmarket] 초량갈비 수제 칼집양념구이 /1kg x2봉 (총2kg) | 우리 16,910 → 네이버 비슷(16,910)
✓ [gmarket] (신선집중) 본가명인 국내산 열무김치 3kg 전재료 국산 아삭 시원한 | 우리 12,470 → 네이버 비슷(12,470)
✓ [gmarket] 락토핏 골드 50포 3통(150일분) All New 리뉴얼 보장균수  | 우리 26,900 → 네이버 비추(9,660)
✓ [gmarket] 1+1 루노아 UPF50+ 셀쉐이드 미니 우산 26년신형(케이스포함) | 우리 11,900 → 네이버 비추(8,590)
✓ [gmarket] EASTPAK 이스트팩 메신저백 제이알XSKR EPCBS15 4Y8 | 우리 22,800 → 네이버 비추(17,500)
✓ [gmarket] 여수식 가오리무침 500g  텡글함을 살린 비법숙성  여수멸치육수의  | 우리 15,550 → 네이버 추천(23,850)
✓ [gmarket] 불스원 레인OK 빗물을 튕겨주는 발수와이퍼 2개입 SET (운전석+조 | 우리 9,900 → 네이버 추천(11,800)
✓ [gmarket] 파스텔 야돔 강력 상쾌한 투명 6개입 세트 (유칼립투스X10배) 10 | 우리 9,310 → 네이버 추천(15,210)
✓ [gmarket] 불스원 그래핀 코팅 와이퍼 2개입 SET (운전석+조수석) | 우리 10,900 → 네이버 추천(15,900)
✓ [gmarket] 오리온 초코파이 48P 1872g(1박스) | 우리 13,500 → 네이버 비추(11,200)
✓ [gmarket] (신선집중) 생생스토리 스테비아 대추 방울 토망고 500gX4팩 | 우리 10,910 → 네이버 비추(10,490)
✓ [ohou] 진심감성 논슬립 어깨뿔방지 옷걸이 30개 6colors 외 옷걸이/바 | 우리 18,400 → 네이버 비추(17,800)
✓ [ohou] ANF 6free 소고기/양고기/오리/연어 사료8kg 대용량 특가 | 우리 49,073 → 네이버 추천(64,070)
✓ [coupang] 마이노멀 저당 저칼로리 블루베리잼, 320g, 1개 | 우리 11,680 → 네이버 비추(10,900)
✓ [coupang] 무연골 돌돌말이 대패삼겹살 (냉동), 1kg, 1개 | 우리 12,400 → 네이버 비추(10,900)
✓ [coupang] 오리온 초코칩 쿠키 미니, 48g, 16개 | 우리 11,000 → 네이버 추천(12,300)
✓ [coupang] 클룹 바나바잎차 돼지감자차 차음료, 500ml, 12개 | 우리 12,100 → 네이버 비추(11,100)
✓ [11st] 경남 햇 감자 5kg 중사이즈 | 우리 6,440 → 네이버 비슷(6,440)
✓ [11st] 25년산 밥맛좋은 새청무 특등급 10kg + 10kg | 우리 69,120 → 네이버 비추(32,460)
✓ [11st] [더프레시] 25년산 진품경기미 상등급 10kg + 10kg | 우리 69,720 → 네이버 비추(33,750)
✓ [11st] 의료기기 중공사막 필터 사용 [주방수전 연결] 에센큐 정수기 나노 핸 | 우리 128,250 → 네이버 추천(164,100)

판정 21/121 (17%) · DB기록 121건
✓ [gmarket] 초량갈비 수제 칼집양념구이 /1kg x2봉 (총2kg) | 우리 16,910 → 네이버 비슷(16,910)
✓ [gmarket] (신선집중) 본가명인 국내산 열무김치 3kg 전재료 국산 아삭 시원한 | 우리 12,470 → 네이버 비슷(12,470)
✓ [gmarket] 락토핏 골드 50포 3통(150일분) All New 리뉴얼 보장균수  | 우리 26,900 → 네이버 비추(9,660)
✓ [gmarket] 1+1 루노아 UPF50+ 셀쉐이드 미니 우산 26년신형(케이스포함) | 우리 11,900 → 네이버 비추(8,590)
✓ [gmarket] EASTPAK 이스트팩 메신저백 제이알XSKR EPCBS15 4Y8 | 우리 22,800 → 네이버 비추(17,500)
✓ [gmarket] 여수식 가오리무침 500g  텡글함을 살린 비법숙성  여수멸치육수의  | 우리 15,550 → 네이버 추천(23,850)
✓ [gmarket] 파스텔 야돔 강력 상쾌한 투명 6개입 세트 (유칼립투스X10배) 10 | 우리 9,310 → 네이버 추천(15,210)
✓ [gmarket] 불스원 레인OK 빗물을 튕겨주는 발수와이퍼 2개입 SET (운전석+조 | 우리 9,900 → 네이버 추천(11,800)
✓ [gmarket] 불스원 그래핀 코팅 와이퍼 2개입 SET (운전석+조수석) | 우리 10,900 → 네이버 추천(15,900)
✓ [gmarket] 오리온 초코파이 48P 1872g(1박스) | 우리 13,500 → 네이버 비추(11,200)
✓ [gmarket] (신선집중) 생생스토리 스테비아 대추 방울 토망고 500gX4팩 | 우리 10,910 → 네이버 비추(10,490)
✓ [ohou] 진심감성 논슬립 어깨뿔방지 옷걸이 30개 6colors 외 옷걸이/바 | 우리 18,400 → 네이버 비추(17,800)
✓ [ohou] ANF 6free 소고기/양고기/오리/연어 사료8kg 대용량 특가 | 우리 49,073 → 네이버 추천(64,070)
✓ [coupang] 이디야커피연구소 아이스 아메리카노, 1L, 6개 | 우리 19,900 → 네이버 비슷(19,860)
✓ [coupang] 흰다리 새우살 (냉동), 300g(특특대, 11~13마리), 1개 | 우리 9,990 → 네이버 비추(5,690)
✓ [coupang] [재구매율1위] 100박스한정 선과장직송 껍질째먹는 세척사과, 1세트 | 우리 26,200 → 네이버 비추(25,030)
✓ [11st] 경남 햇 감자 5kg 중사이즈 | 우리 6,440 → 네이버 비슷(6,440)
✓ [11st] 25년산 밥맛좋은 새청무 특등급 10kg + 10kg | 우리 69,120 → 네이버 비추(32,460)
✓ [11st] [더프레시] 25년산 진품경기미 상등급 10kg + 10kg | 우리 69,720 → 네이버 비추(33,750)
✓ [11st] 여름철별미, 명태회 속초식 명태회무침 1kg (함량 70%) 냉면 고 | 우리 18,900 → 네이버 비추(13,200)
✓ [11st] 의료기기 중공사막 필터 사용 [주방수전 연결] 에센큐 정수기 나노 핸 | 우리 128,250 → 네이버 추천(164,100)

판정 21/121 (17%) · DB기록 121건
✓ [gmarket] 카누 돌체구스토 호환캡슐 48캡슐+돌체구스토 실키 16캡슐 총64캡슐 | 우리 19,730 → 네이버 추천(41,480)
✓ [gmarket] 2080 진지발리스 유칼립투스 민트 150g 10개 | 우리 12,980 → 네이버 비추(11,400)
✓ [gmarket] 맨더블업 멀티비타민 미네랄 50정(69g) x2개 | 우리 44,280 → 네이버 추천(49,270)
✓ [gmarket] 매콤달콤 양념 먹태구이 40g x 4팩 러시아산 황태로 만든 간편간식 | 우리 11,870 → 네이버 비추(11,520)
✓ [gmarket] 파스텔 야돔 강력 상쾌한 투명 6개입 세트 (유칼립투스X10배) 10 | 우리 9,310 → 네이버 추천(15,210)
✓ [gmarket] 불스원 레인OK 빗물을 튕겨주는 발수와이퍼 2개입 SET (운전석+조 | 우리 9,900 → 네이버 추천(11,800)
✓ [gmarket] 불스원 그래핀 코팅 와이퍼 2개입 SET (운전석+조수석) | 우리 10,900 → 네이버 추천(15,900)
✓ [gmarket] 오리온 초코파이 48P 1872g(1박스) | 우리 13,500 → 네이버 비추(11,200)
✓ [gmarket] (신선집중) 생생스토리 스테비아 대추 방울 토망고 500gX4팩 | 우리 10,910 → 네이버 비추(10,490)
✓ [11st] 경남 햇 감자 5kg 중사이즈 | 우리 6,440 → 네이버 비슷(6,440)
✓ [11st] 25년산 밥맛좋은 새청무 특등급 10kg + 10kg | 우리 69,120 → 네이버 비추(32,460)
✓ [11st] [더프레시] 25년산 진품경기미 상등급 10kg + 10kg | 우리 69,720 → 네이버 비추(33,750)
✓ [11st] 여름철별미, 명태회 속초식 명태회무침 1kg (함량 70%) 냉면 고 | 우리 18,900 → 네이버 비추(13,200)
✓ [11st] 하림 치킨너겟2 1kg + 용가리치킨 1kg | 우리 20,900 → 네이버 비추(19,900)
✓ [ohou] 진심감성 논슬립 어깨뿔방지 옷걸이 30개 6colors 외 옷걸이/바 | 우리 18,400 → 네이버 비추(17,800)
✓ [ohou] ANF 6free 소고기/양고기/오리/연어 사료8kg 대용량 특가 | 우리 49,073 → 네이버 추천(64,070)
✓ [coupang] 이디야커피연구소 아이스 아메리카노, 1L, 6개 | 우리 19,900 → 네이버 비슷(19,860)
✓ [coupang] 흰다리 새우살 (냉동), 300g(특특대, 11~13마리), 1개 | 우리 9,990 → 네이버 비추(5,690)
✓ [coupang] [재구매율1위] 100박스한정 선과장직송 껍질째먹는 세척사과, 1세트 | 우리 26,200 → 네이버 비추(25,030)

판정 19/120 (16%) · DB기록 120건
✓ [gmarket] 카누 돌체구스토 호환캡슐 48캡슐+돌체구스토 실키 16캡슐 총64캡슐 | 우리 19,730 → 네이버 추천(41,480)
✓ [gmarket] 2080 진지발리스 유칼립투스 민트 150g 10개 | 우리 12,980 → 네이버 비추(11,400)
✓ [gmarket] 맨더블업 멀티비타민 미네랄 50정(69g) x2개 | 우리 44,280 → 네이버 비슷(44,280)
✓ [gmarket] 매콤달콤 양념 먹태구이 40g x 4팩 러시아산 황태로 만든 간편간식 | 우리 11,870 → 네이버 비추(11,520)
✓ [gmarket] 불스원 레인OK 빗물을 튕겨주는 발수와이퍼 2개입 SET (운전석+조 | 우리 9,900 → 네이버 추천(11,800)
✓ [gmarket] 파스텔 야돔 강력 상쾌한 투명 6개입 세트 (유칼립투스X10배) 10 | 우리 9,310 → 네이버 추천(15,210)
✓ [gmarket] 불스원 그래핀 코팅 와이퍼 2개입 SET (운전석+조수석) | 우리 10,900 → 네이버 추천(15,900)
✓ [gmarket] 오리온 초코파이 48P 1872g(1박스) | 우리 13,500 → 네이버 비추(11,200)
✓ [gmarket] (신선집중) 생생스토리 스테비아 대추 방울 토망고 500gX4팩 | 우리 10,910 → 네이버 비추(10,490)
✓ [11st] 고려홍삼중앙회 365 올데이홍삼스틱 100포 | 우리 16,900 → 네이버 비슷(16,900)
✓ [11st] 여름철 쌀벌레 완전차단! 미락 진공쌀통 20kg | 우리 99,000 → 네이버 추천(143,450)
✓ [11st] 비오바이 국내제조 무첨가 땅콩버터 260g 2병 | 우리 12,900 → 네이버 비슷(12,900)
✓ [11st] 25년산 밥맛좋은 새청무 특등급 10kg + 10kg | 우리 69,120 → 네이버 비추(32,460)
✓ [11st] [더프레시] 25년산 진품경기미 상등급 10kg + 10kg | 우리 69,720 → 네이버 비추(33,750)
✓ [11st] 고려홍삼중앙회 365 올데이홍삼스틱 20포, 5개(총 100포) | 우리 16,900 → 네이버 비슷(16,900)
✓ [ohou] 진심감성 논슬립 어깨뿔방지 옷걸이 30개 6colors 외 옷걸이/바 | 우리 18,400 → 네이버 비추(17,800)
✓ [ohou] ANF 6free 소고기/양고기/오리/연어 사료8kg 대용량 특가 | 우리 49,073 → 네이버 추천(64,070)
✓ [coupang] 이디야커피연구소 아이스 아메리카노, 1L, 6개 | 우리 19,900 → 네이버 비슷(19,860)
✓ [coupang] 흰다리 새우살 (냉동), 300g(특특대, 11~13마리), 1개 | 우리 9,990 → 네이버 비추(5,690)
✓ [coupang] [재구매율1위] 100박스한정 선과장직송 껍질째먹는 세척사과, 1세트 | 우리 26,200 → 네이버 비추(25,030)

판정 20/123 (16%) · DB기록 123건
✓ [gmarket] 여수 돌산 고들빼기김치 전남지사인증 100%국내산 1kg | 우리 13,160 → 네이버 비슷(13,020)
✓ [gmarket] (신선집중) 비파괴선별 11brix 하우스 수박 6kg이상 당도선별  | 우리 15,990 → 네이버 비슷(15,990)
✓ [gmarket] 파스텔 야돔 강력 상쾌한 투명 6개입 세트 (유칼립투스X10배) 10 | 우리 9,310 → 네이버 추천(15,210)
✓ [gmarket] 불스원 레인OK 빗물을 튕겨주는 발수와이퍼 2개입 SET (운전석+조 | 우리 9,900 → 네이버 추천(11,800)
✓ [gmarket] 불스원 그래핀 코팅 와이퍼 2개입 SET (운전석+조수석) | 우리 10,900 → 네이버 추천(15,900)
✓ [gmarket] 오리온 초코파이 48P 1872g(1박스) | 우리 13,500 → 네이버 비추(11,200)
✓ [11st] 비오바이 국내제조 무첨가 땅콩버터 260g 2병 | 우리 12,900 → 네이버 비슷(12,900)
✓ [11st] 여름철 쌀벌레 완전차단! 미락 진공쌀통 20kg | 우리 99,000 → 네이버 추천(143,450)
✓ [11st] 25년산 밥맛좋은 새청무 특등급 10kg + 10kg | 우리 67,720 → 네이버 비추(32,460)
✓ [11st] [유한양행]해피홈 리퀴드 45일 리필 X 4개+타이머형 훈증기증정(6 | 우리 13,940 → 네이버 비추(8,500)
✓ [11st] [더프레시] 25년산 진품경기미 상등급 10kg + 10kg | 우리 68,310 → 네이버 비추(33,750)
✓ [ohou] 진심감성 논슬립 어깨뿔방지 옷걸이 30개 6colors 외 옷걸이/바 | 우리 18,400 → 네이버 비추(17,800)
✓ [ohou] ANF 6free 소고기/양고기/오리/연어 사료8kg 대용량 특가 | 우리 49,073 → 네이버 추천(64,070)
✓ [coupang] 이디야커피연구소 아이스 아메리카노, 1L, 6개 | 우리 19,900 → 네이버 비슷(19,860)
✓ [coupang] 흰다리 새우살 (냉동), 300g(특특대, 11~13마리), 1개 | 우리 9,990 → 네이버 비추(5,690)
✓ [coupang] [재구매율1위] 100박스한정 선과장직송 껍질째먹는 세척사과, 1세트 | 우리 26,200 → 네이버 비추(25,030)

판정 16/123 (13%) · DB기록 123건
✓ [gmarket] 여수 돌산 고들빼기김치 전남지사인증 100%국내산 1kg | 우리 13,160 → 네이버 비슷(13,020)
✓ [gmarket] (신선집중) 비파괴선별 11brix 하우스 수박 6kg이상 당도선별  | 우리 15,990 → 네이버 비슷(15,990)
✓ [gmarket] 불스원 레인OK 빗물을 튕겨주는 발수와이퍼 2개입 SET (운전석+조 | 우리 9,900 → 네이버 추천(11,800)
✓ [gmarket] 파스텔 야돔 강력 상쾌한 투명 6개입 세트 (유칼립투스X10배) 10 | 우리 9,310 → 네이버 추천(15,210)
✓ [gmarket] 불스원 그래핀 코팅 와이퍼 2개입 SET (운전석+조수석) | 우리 10,900 → 네이버 추천(15,900)
✓ [gmarket] 오리온 초코파이 48P 1872g(1박스) | 우리 13,500 → 네이버 비추(11,200)
✓ [11st] [본사직영] 샘표 맑은조선간장 930ml 2개+연두링 증정 | 우리 13,920 → 네이버 추천(21,380)
✓ [11st] 25년산 밥맛좋은 새청무 특등급 10kg + 10kg | 우리 67,720 → 네이버 비추(32,460)
✓ [11st] [유한양행]해피홈 리퀴드 45일 리필 X 4개+타이머형 훈증기증정(6 | 우리 13,940 → 네이버 비추(8,500)
✓ [11st] [더프레시] 25년산 진품경기미 상등급 10kg + 10kg | 우리 68,310 → 네이버 비추(33,750)
✓ [11st] 메가쇼핑! 브랜드 상시특가 [하프클럽/샘표]샘표 맑은조선간장 930m | 우리 13,920 → 네이버 추천(21,590)
✓ [ohou] 진심감성 논슬립 어깨뿔방지 옷걸이 30개 6colors 외 옷걸이/바 | 우리 18,400 → 네이버 비추(17,800)
✓ [ohou] ANF 6free 소고기/양고기/오리/연어 사료8kg 대용량 특가 | 우리 49,073 → 네이버 추천(64,070)
✓ [coupang] 이디야커피연구소 아이스 아메리카노, 1L, 6개 | 우리 19,900 → 네이버 비슷(19,860)
✓ [coupang] 흰다리 새우살 (냉동), 300g(특특대, 11~13마리), 1개 | 우리 9,990 → 네이버 비추(5,690)
✓ [coupang] [재구매율1위] 100박스한정 선과장직송 껍질째먹는 세척사과, 1세트 | 우리 26,200 → 네이버 비추(25,030)

판정 16/120 (13%) · DB기록 120건
✓ [gmarket] 그레인온 골드 카무트효소 3개월분(3g x 90포) +추가 6포 +  | 우리 39,190 → 네이버 추천(51,570)
✓ [gmarket] AHC 프리미어 앰플 인 아이크림 35ml 4개 +(증정)프리미어 앰 | 우리 28,350 → 네이버 비슷(28,630)
✓ [gmarket] 인코드 코튼 블렌드 베이직 반팔 티셔츠 실속 구성 3매 | 우리 9,520 → 네이버 추천(10,710)
✓ [gmarket] 파스텔 야돔 강력 상쾌한 투명 6개입 세트 (유칼립투스X10배) 10 | 우리 9,310 → 네이버 추천(15,210)
✓ [gmarket] 불스원 레인OK 빗물을 튕겨주는 발수와이퍼 2개입 SET (운전석+조 | 우리 9,900 → 네이버 추천(11,800)
✓ [gmarket] 불스원 그래핀 코팅 와이퍼 2개입 SET (운전석+조수석) | 우리 10,900 → 네이버 추천(15,900)
✓ [gmarket] 오리온 초코파이 48P 1872g(1박스) | 우리 13,500 → 네이버 비추(11,200)
✓ [gmarket] (신선집중) 생생스토리 스테비아 대추 방울 토망고 500gX4팩 | 우리 11,510 → 네이버 비추(10,490)
✓ [11st] [본사직영] 샘표 맑은조선간장 930ml 2개+연두링 증정 | 우리 13,920 → 네이버 추천(21,380)
✓ [11st] 25년산 밥맛좋은 새청무 특등급 10kg + 10kg | 우리 67,720 → 네이버 비추(32,460)
✓ [11st] [유한양행]해피홈 리퀴드 45일 리필 X 4개+타이머형 훈증기증정(6 | 우리 13,940 → 네이버 비추(8,500)
✓ [11st] [더프레시] 25년산 진품경기미 상등급 10kg + 10kg | 우리 68,310 → 네이버 비추(33,750)
✓ [11st] 메가쇼핑! 브랜드 상시특가 [하프클럽/샘표]샘표 맑은조선간장 930m | 우리 13,920 → 네이버 추천(21,590)
✓ [ohou] 진심감성 논슬립 어깨뿔방지 옷걸이 30개 6colors 외 옷걸이/바 | 우리 18,400 → 네이버 비추(17,800)
✓ [ohou] ANF 6free 소고기/양고기/오리/연어 사료8kg 대용량 특가 | 우리 49,073 → 네이버 추천(64,070)
✓ [coupang] 이디야커피연구소 아이스 아메리카노, 1L, 6개 | 우리 19,900 → 네이버 비슷(19,860)
✓ [coupang] 흰다리 새우살 (냉동), 300g(특특대, 11~13마리), 1개 | 우리 9,990 → 네이버 비추(5,690)
✓ [coupang] [재구매율1위] 100박스한정 선과장직송 껍질째먹는 세척사과, 1세트 | 우리 26,200 → 네이버 비추(25,030)

판정 18/118 (15%) · DB기록 118건
✓ [gmarket] 그레인온 골드 카무트효소 3개월분(3g x 90포) +추가 6포 +  | 우리 39,190 → 네이버 추천(51,570)
✓ [gmarket] AHC 프리미어 앰플 인 아이크림 35ml 4개 +(증정)프리미어 앰 | 우리 28,350 → 네이버 비슷(28,350)
✓ [gmarket] 트라이 쌍방울 코튼 블렌드 베이직 반팔 티셔츠 3매 (시간한정 특가) | 우리 9,520 → 네이버 비슷(9,520)
✓ [gmarket] 불스원 레인OK 빗물을 튕겨주는 발수와이퍼 2개입 SET (운전석+조 | 우리 9,900 → 네이버 추천(11,800)
✓ [gmarket] 불스원 그래핀 코팅 와이퍼 2개입 SET (운전석+조수석) | 우리 10,900 → 네이버 추천(15,900)
✓ [gmarket] 오리온 초코파이 48P 1872g(1박스) | 우리 13,500 → 네이버 비추(11,200)
✓ [11st] 그린너트 임페리얼 아몬드스프레드 스무스/크런치 400g | 우리 8,910 → 네이버 추천(17,910)
✓ [11st] 바세린 UV 쉴드 선크림 60ml x 3개 | 우리 11,930 → 네이버 추천(18,370)
✓ [11st] 더미트 국내산 무항생제 소고기 1등급 등심 200g+200g외 | 우리 22,500 → 네이버 비추(11,470)
✓ [11st] 25년산 밥맛좋은 새청무 특등급 10kg + 10kg | 우리 67,720 → 네이버 비추(32,460)
✓ [11st] [유한양행]해피홈 리퀴드 45일 리필 X 4개+타이머형 훈증기증정(6 | 우리 13,940 → 네이버 비추(8,500)
✓ [11st] [더프레시] 25년산 진품경기미 상등급 10kg + 10kg | 우리 68,310 → 네이버 비추(33,750)
✓ [11st] 고기함량80% 미국산 초이스 LA갈비 1kg | 우리 25,830 → 네이버 비추(9,900)
✓ [ohou] 진심감성 논슬립 어깨뿔방지 옷걸이 30개 6colors 외 옷걸이/바 | 우리 18,400 → 네이버 비추(17,800)
✓ [ohou] ANF 6free 소고기/양고기/오리/연어 사료8kg 대용량 특가 | 우리 49,073 → 네이버 추천(64,070)
✓ [coupang] 이디야커피연구소 아이스 아메리카노, 1L, 6개 | 우리 19,900 → 네이버 비슷(19,860)
✓ [coupang] 흰다리 새우살 (냉동), 300g(특특대, 11~13마리), 1개 | 우리 9,990 → 네이버 비추(5,690)
✓ [coupang] [재구매율1위] 100박스한정 선과장직송 껍질째먹는 세척사과, 1세트 | 우리 26,200 → 네이버 비추(25,030)

판정 18/119 (15%) · DB기록 119건
✓ [gmarket] 그레인온 골드 카무트효소 3개월분(3g x 90포) +추가 6포 +  | 우리 39,190 → 네이버 추천(51,570)
✓ [gmarket] AHC 프리미어 앰플 인 아이크림 35ml 4개 +(증정)프리미어 앰 | 우리 28,350 → 네이버 비슷(28,350)
✓ [gmarket] 트라이 쌍방울 코튼 블렌드 베이직 반팔 티셔츠 3매 (시간한정 특가) | 우리 9,520 → 네이버 비슷(9,520)
✓ [gmarket] 불스원 레인OK 빗물을 튕겨주는 발수와이퍼 2개입 SET (운전석+조 | 우리 9,900 → 네이버 추천(11,800)
✓ [gmarket] 불스원 그래핀 코팅 와이퍼 2개입 SET (운전석+조수석) | 우리 10,900 → 네이버 추천(15,900)
✓ [gmarket] 오리온 초코파이 48P 1872g(1박스) | 우리 13,500 → 네이버 비추(11,200)
✓ [gmarket] (신선집중) 생생스토리 스테비아 대추 방울 토망고 500gX4팩 | 우리 11,510 → 네이버 비추(10,490)
✓ [11st] 그린너트 임페리얼 아몬드스프레드 스무스/크런치 400g | 우리 8,910 → 네이버 추천(17,910)
✓ [11st] 바세린 UV 쉴드 선크림 60ml x 3개 | 우리 11,930 → 네이버 추천(18,370)
✓ [11st] 더미트 국내산 무항생제 소고기 1등급 등심 200g+200g외 | 우리 22,500 → 네이버 비추(11,470)
✓ [11st] 25년산 밥맛좋은 새청무 특등급 10kg + 10kg | 우리 67,720 → 네이버 비추(32,460)
✓ [11st] [유한양행]해피홈 리퀴드 45일 리필 X 4개+타이머형 훈증기증정(6 | 우리 13,940 → 네이버 비추(8,500)
✓ [11st] [더프레시] 25년산 진품경기미 상등급 10kg + 10kg | 우리 68,310 → 네이버 비추(33,750)
✓ [11st] 고기함량80% 미국산 초이스 LA갈비 1kg | 우리 25,830 → 네이버 비추(9,900)
✓ [ohou] 진심감성 논슬립 어깨뿔방지 옷걸이 30개 6colors 외 옷걸이/바 | 우리 18,400 → 네이버 비추(17,800)
✓ [ohou] ANF 6free 소고기/양고기/오리/연어 사료8kg 대용량 특가 | 우리 49,073 → 네이버 추천(64,070)
✓ [coupang] 이디야커피연구소 아이스 아메리카노, 1L, 6개 | 우리 19,900 → 네이버 비슷(19,860)
✓ [coupang] 흰다리 새우살 (냉동), 300g(특특대, 11~13마리), 1개 | 우리 9,990 → 네이버 비추(5,690)
✓ [coupang] [재구매율1위] 100박스한정 선과장직송 껍질째먹는 세척사과, 1세트 | 우리 26,200 → 네이버 비추(25,030)

판정 19/122 (16%) · DB기록 122건
✓ [gmarket] 그레인온 골드 카무트효소 3개월분(3g x 90포) +추가 6포 +  | 우리 39,190 → 네이버 추천(51,570)
✓ [gmarket] AHC 프리미어 앰플 인 아이크림 35ml 4개 +(증정)프리미어 앰 | 우리 28,350 → 네이버 비슷(28,630)
✓ [gmarket] 트라이 쌍방울 코튼 블렌드 베이직 반팔 티셔츠 3매 (시간한정 특가) | 우리 9,520 → 네이버 추천(10,320)
✓ [gmarket] 파스텔 야돔 강력 상쾌한 투명 6개입 세트 (유칼립투스X10배) 10 | 우리 9,310 → 네이버 추천(15,210)
✓ [gmarket] 불스원 레인OK 빗물을 튕겨주는 발수와이퍼 2개입 SET (운전석+조 | 우리 9,900 → 네이버 추천(11,400)
✓ [gmarket] 불스원 그래핀 코팅 와이퍼 2개입 SET (운전석+조수석) | 우리 10,900 → 네이버 추천(15,900)
✓ [gmarket] 오리온 초코파이 48P 1872g(1박스) | 우리 13,500 → 네이버 비추(11,200)
✓ [gmarket] (신선집중) 생생스토리 스테비아 대추 방울 토망고 500gX4팩 | 우리 11,510 → 네이버 비슷(11,500)
✓ [ohou] 진심감성 논슬립 어깨뿔방지 옷걸이 30개 6colors 외 옷걸이/바 | 우리 18,400 → 네이버 비추(17,800)
✓ [ohou] ANF 6free 소고기/양고기/오리/연어 사료8kg 대용량 특가 | 우리 49,073 → 네이버 추천(64,070)
✓ [coupang] 이디야커피연구소 아이스 아메리카노, 1L, 6개 | 우리 19,900 → 네이버 비슷(19,900)
✓ [coupang] 흰다리 새우살 (냉동), 300g(특특대, 11~13마리), 1개 | 우리 9,990 → 네이버 비추(5,690)
✓ [coupang] [재구매율1위] 100박스한정 선과장직송 껍질째먹는 세척사과, 1세트 | 우리 26,200 → 네이버 비추(25,030)
✓ [11st] 내일도착 불스원 PM 2.5 초미세먼지 고효율 필터 2개입 | 우리 14,120 → 네이버 비추(12,320)
✓ [11st] 호정가 찹쌀약과세트 1KG | 우리 8,900 → 네이버 추천(11,300)
✓ [11st] 한번 밀면 시원함이 쫙 비비온 롤링 마사지스틱SR138 | 우리 20,900 → 네이버 추천(39,310)
✓ [11st] [코카콜라] W차 식후비법, 500ml, 24개 | 우리 14,900 → 네이버 비추(13,700)
✓ [11st] [삼촌식탁] 고기 동그랑땡 1kg x 2봉 (총2kg) | 우리 11,900 → 네이버 추천(13,590)
✓ [11st] 클래식디자인! 나푸아 ND2500 클래식무드 88건반 전자 디지털피아 | 우리 178,000 → 네이버 비슷(178,000)

판정 19/123 (15%) · DB기록 123건
✓ [gmarket] 숨 G마켓 스쿨 에디션 물티슈 100매 20팩 초순수 정제수로 안심  | 우리 10,900 → 네이버 비추(10,520)
✓ [gmarket] (1+1)(+모공마스크팩1매 증정) 성분에디터 650만병 완판 그린토 | 우리 12,900 → 네이버 비추(5,940)
✓ [gmarket] 쇼츠딜특가) 슈어메디 리포좀 글루타치온 시그니처 9S 28매 2박스  | 우리 9,900 → 네이버 추천(15,590)
✓ [gmarket] 오리온 초코파이 48P 1872g(1박스) | 우리 13,500 → 네이버 비추(11,200)
✓ [gmarket] (신선집중) 생생스토리 스테비아 대추 방울 토망고 500gX4팩 | 우리 11,510 → 네이버 비슷(11,500)
✓ [gmarket] 이맛쌀 20kg | 우리 61,370 → 네이버 비슷(60,980)
✓ [11st] 설혜담 제천 자연방목 흑염소 진액, 30포, 1개 | 우리 14,900 → 네이버 비슷(14,900)
✓ [11st] 팁코200mL 12+12/쇼군오렌지,브로콜리,코코넛워터,ABC | 우리 25,520 → 네이버 비추(16,000)
✓ [11st] 자연산 100% 모짜렐라 못난이 치즈 800g 파지 자연치즈 | 우리 13,500 → 네이버 비슷(13,500)
✓ [11st] [코카콜라] W차 식후비법, 500ml, 24개 | 우리 14,900 → 네이버 비추(13,700)
✓ [coupang] 탱글탱글 정품 완숙토마토 농장직송 찰 토마토, 1박스, 토마토 5kg | 우리 12,500 → 네이버 비추(10,000)
✓ [coupang] 오프라이스 생새우살 51~70미 (냉동), 510g(중), 1팩 | 우리 11,590 → 네이버 추천(13,150)
✓ [coupang] ELLE PARIS EGF 비타민 기미 탄력 집중앰플, 1개, 100 | 우리 9,990 → 네이버 추천(13,530)
✓ [coupang] 프랭크버거 오리지널 소고기 패티 (냉동), 800g, 1개 | 우리 10,990 → 네이버 추천(11,900)

판정 14/103 (14%) · DB기록 103건
✓ [gmarket] 금강만두 육개장 630g x5봉/ 부산명물 맛집 / 진한국물과 푸짐한 | 우리 17,980 → 네이버 비추(17,100)
✓ [gmarket] 삼양 불닭소스 200g 2개 + 불닭마요소스 250g 1개 | 우리 7,900 → 네이버 비슷(7,900)
✓ [gmarket] (1+1)(+모공마스크팩1매 증정) 성분에디터 650만병 완판 그린토 | 우리 12,900 → 네이버 비추(5,930)
✓ [gmarket] 쇼츠딜특가) 슈어메디 리포좀 글루타치온 시그니처 9S 28매 2박스  | 우리 9,900 → 네이버 추천(15,590)
✓ [gmarket] 오리온 초코파이 48P 1872g(1박스) | 우리 13,500 → 네이버 비추(11,200)
✓ [gmarket] (신선집중) 생생스토리 스테비아 대추 방울 토망고 500gX4팩 | 우리 11,510 → 네이버 비슷(11,500)
✓ [gmarket] 이맛쌀 20kg | 우리 61,370 → 네이버 비슷(60,980)
✓ [11st] 팁코200mL 12+12/쇼군오렌지,브로콜리,코코넛워터,ABC | 우리 25,520 → 네이버 비추(16,000)
✓ [11st] 설혜담 제천 자연방목 흑염소 진액, 30포, 1개 | 우리 14,900 → 네이버 비슷(14,900)
✓ [11st] 자연산 100% 모짜렐라 못난이 치즈 800g 파지 자연치즈 | 우리 13,500 → 네이버 비슷(13,500)
✓ [11st] [코카콜라] W차 식후비법, 500ml, 24개 | 우리 14,900 → 네이버 비추(13,700)
✓ [11st] [본사직영] 설화수 순행클렌징폼 400ml | 우리 60,300 → 네이버 비추(24,270)
✓ [coupang] 탱글탱글 정품 완숙토마토 농장직송 찰 토마토, 1박스, 토마토 5kg | 우리 12,500 → 네이버 비추(10,000)
✓ [coupang] 오프라이스 생새우살 51~70미 (냉동), 510g(중), 1팩 | 우리 11,590 → 네이버 추천(13,150)
✓ [coupang] ELLE PARIS EGF 비타민 기미 탄력 집중앰플, 1개, 100 | 우리 9,990 → 네이버 추천(13,530)
✓ [coupang] 프랭크버거 오리지널 소고기 패티 (냉동), 800g, 1개 | 우리 10,990 → 네이버 추천(11,900)

판정 16/103 (16%) · DB기록 103건
✓ [gmarket] 금강만두 육개장 630g x5봉/ 부산명물 맛집 / 진한국물과 푸짐한 | 우리 17,980 → 네이버 비추(17,100)
✓ [gmarket] 삼양 불닭소스 200g 2개 + 불닭마요소스 250g 1개 | 우리 7,800 → 네이버 비슷(7,800)
✓ [gmarket] (1+1)(+모공마스크팩1매 증정) 성분에디터 650만병 완판 그린토 | 우리 12,900 → 네이버 비추(5,930)
✓ [gmarket] 쇼츠딜특가) 슈어메디 리포좀 글루타치온 시그니처 9S 28매 2박스  | 우리 9,900 → 네이버 추천(15,590)
✓ [gmarket] 오리온 초코파이 48P 1872g(1박스) | 우리 13,500 → 네이버 비추(11,200)
✓ [gmarket] (신선집중) 생생스토리 스테비아 대추 방울 토망고 500gX4팩 | 우리 11,510 → 네이버 비슷(11,500)
✓ [gmarket] 이맛쌀 20kg | 우리 61,370 → 네이버 비슷(60,980)
✓ [11st] 카카오프렌즈 피규어 워터보틀 550ml | 우리 2,900 → 네이버 추천(5,670)
✓ [11st] [코카콜라] W차 식후비법, 500ml, 24개 | 우리 14,900 → 네이버 비추(13,700)
✓ [11st] 자연산 100% 모짜렐라 못난이 치즈 800g 파지 자연치즈 | 우리 13,500 → 네이버 비슷(13,500)
✓ [11st] 쿡솜씨 담양청국장 밀키트 2인분 | 우리 5,890 → 네이버 추천(9,400)
✓ [11st] 쿡솜씨 매콤제육볶음 밀키트 2인분 | 우리 6,900 → 네이버 추천(9,600)
✓ [coupang] 탱글탱글 정품 완숙토마토 농장직송 찰 토마토, 1박스, 토마토 5kg | 우리 12,500 → 네이버 비추(10,000)
✓ [coupang] 오프라이스 생새우살 51~70미 (냉동), 510g(중), 1팩 | 우리 11,590 → 네이버 추천(13,150)
✓ [coupang] ELLE PARIS EGF 비타민 기미 탄력 집중앰플, 1개, 100 | 우리 9,990 → 네이버 추천(13,530)
✓ [coupang] 프랭크버거 오리지널 소고기 패티 (냉동), 800g, 1개 | 우리 10,990 → 네이버 추천(11,900)

판정 16/108 (15%) · DB기록 108건
✓ [gmarket] 금강만두 육개장 630g x5봉/ 부산명물 맛집 / 진한국물과 푸짐한 | 우리 17,980 → 네이버 비추(17,100)
✓ [gmarket] 삼양 불닭소스 200g 2개 + 불닭마요소스 250g 1개 | 우리 7,800 → 네이버 비슷(7,800)
✓ [gmarket] (1+1)(+모공마스크팩1매 증정) 성분에디터 650만병 완판 그린토 | 우리 12,900 → 네이버 비추(5,930)
✓ [gmarket] 쇼츠딜특가) 슈어메디 리포좀 글루타치온 시그니처 9S 28매 2박스  | 우리 9,900 → 네이버 추천(15,590)
✓ [gmarket] 오리온 초코파이 48P 1872g(1박스) | 우리 13,500 → 네이버 비추(11,200)
✓ [gmarket] (신선집중) 생생스토리 스테비아 대추 방울 토망고 500gX4팩 | 우리 11,510 → 네이버 비슷(11,500)
✓ [gmarket] 이맛쌀 20kg | 우리 61,370 → 네이버 비슷(60,980)
✓ [11st] 카카오프렌즈 피규어 워터보틀 550ml | 우리 2,900 → 네이버 추천(5,670)
✓ [11st] [코카콜라] W차 식후비법, 500ml, 24개 | 우리 14,900 → 네이버 비추(13,700)
✓ [11st] 자연산 100% 모짜렐라 못난이 치즈 800g 파지 자연치즈 | 우리 13,500 → 네이버 비슷(13,500)
✓ [coupang] 탱글탱글 정품 완숙토마토 농장직송 찰 토마토, 1박스, 토마토 5kg | 우리 12,500 → 네이버 비추(10,000)
✓ [coupang] 오프라이스 생새우살 51~70미 (냉동), 510g(중), 1팩 | 우리 11,590 → 네이버 추천(13,150)
✓ [coupang] ELLE PARIS EGF 비타민 기미 탄력 집중앰플, 1개, 100 | 우리 9,990 → 네이버 추천(13,530)
✓ [coupang] 프랭크버거 오리지널 소고기 패티 (냉동), 800g, 1개 | 우리 10,990 → 네이버 추천(11,900)

판정 14/109 (13%) · DB기록 109건
✓ [gmarket] 금강만두 육개장 630g x5봉/ 부산명물 맛집 / 진한국물과 푸짐한 | 우리 17,980 → 네이버 비추(17,100)
✓ [gmarket] 삼양 불닭소스 200g 2개 + 불닭마요소스 250g 1개 | 우리 7,800 → 네이버 비슷(7,800)
✓ [gmarket] 불스원 레인OK 빗물을 튕겨주는 발수와이퍼 2개입 SET (운전석+조 | 우리 9,900 → 네이버 추천(11,400)
✓ [gmarket] (1+1)(+모공마스크팩1매 증정) 성분에디터 650만병 완판 그린토 | 우리 12,900 → 네이버 비추(5,870)
✓ [gmarket] (신선집중) 생생스토리 스테비아 대추 방울 토망고 500gX4팩 | 우리 11,510 → 네이버 비슷(11,500)
✓ [gmarket] 이맛쌀 20kg | 우리 61,370 → 네이버 비슷(60,980)
✓ [11st] 신세계 쉐프컬렉션 16결 데니쉬 식빵 130g x 4개입 | 우리 13,940 → 네이버 비슷(14,000)
✓ [11st] 호정가 하루단백질바 20개입 | 우리 12,900 → 네이버 비슷(12,830)
✓ [11st] 광천 곱창돌김 5g 27봉 | 우리 14,900 → 네이버 비추(10,770)
✓ [11st] 더프레시 25년산 영양쌀 10kg | 우리 33,570 → 네이버 비추(30,510)
✓ [11st] 쉬블림로브 (반팔+반바지) 여성 홈웨어 체크 잠옷 세트 GWD0206 | 우리 6,930 → 네이버 비슷(6,930)
✓ [11st] 쉬블림로브 (반팔+반바지) 여성 홈웨어 핑크 체크 잠옷 세트 GGWD | 우리 6,930 → 네이버 비슷(6,920)
✓ [11st] 쉬블림로브 (반팔+}반바지)여성 홈웨어 캡내장 잠옷 세트 GWD054 | 우리 6,930 → 네이버 비슷(6,930)
✓ [11st] 이지견과 미국산 100% 아몬드 버터 300g | 우리 9,900 → 네이버 비추(8,480)
✓ [coupang] 탱글탱글 정품 완숙토마토 농장직송 찰 토마토, 1박스, 토마토 5kg | 우리 12,500 → 네이버 비추(10,000)
✓ [coupang] 오프라이스 생새우살 51~70미 (냉동), 510g(중), 1팩 | 우리 11,590 → 네이버 추천(13,150)
✓ [coupang] ELLE PARIS EGF 비타민 기미 탄력 집중앰플, 1개, 100 | 우리 9,990 → 네이버 추천(13,530)
✓ [coupang] 프랭크버거 오리지널 소고기 패티 (냉동), 800g, 1개 | 우리 10,990 → 네이버 추천(11,900)

판정 18/108 (17%) · DB기록 108건
✓ [gmarket] 금강만두 육개장 630g x5봉/ 부산명물 맛집 / 진한국물과 푸짐한 | 우리 17,980 → 네이버 비추(17,100)
✓ [gmarket] 삼양 불닭소스 200g 2개 + 불닭마요소스 250g 1개 | 우리 7,800 → 네이버 비슷(7,800)
✓ [gmarket] 불스원 레인OK 빗물을 튕겨주는 발수와이퍼 2개입 SET (운전석+조 | 우리 9,900 → 네이버 추천(11,400)
✓ [gmarket] (1+1)(+모공마스크팩1매 증정) 성분에디터 650만병 완판 그린토 | 우리 12,900 → 네이버 비추(5,870)
✓ [gmarket] (신선집중) 생생스토리 스테비아 대추 방울 토망고 500gX4팩 | 우리 11,510 → 네이버 비슷(11,500)
✓ [gmarket] 이맛쌀 20kg | 우리 61,370 → 네이버 비슷(60,980)
✓ [11st] 신세계 쉐프컬렉션 16결 데니쉬 식빵 130g x 4개입 | 우리 13,940 → 네이버 비슷(14,000)
✓ [11st] 호정가 하루단백질바 20개입 | 우리 12,900 → 네이버 비슷(12,830)
✓ [11st] 광천 곱창돌김 5g 27봉 | 우리 14,900 → 네이버 비추(10,770)
✓ [11st] 더프레시 25년산 영양쌀 10kg | 우리 33,570 → 네이버 비추(30,510)
✓ [11st] 쿡솜씨 매콤오징어볶음 밀키트 2인분 | 우리 5,890 → 네이버 추천(10,350)
✓ [11st] 쿡솜씨 해물순두부찌개 밀키트 2인분 | 우리 5,890 → 네이버 추천(6,300)
✓ [11st] [시선집중! 15%즉할] B7 쿨 탈모 샴푸 1000ml+1000ml | 우리 22,900 → 네이버 추천(23,670)
✓ [coupang] 탱글탱글 정품 완숙토마토 농장직송 찰 토마토, 1박스, 토마토 5kg | 우리 12,500 → 네이버 비추(10,000)
✓ [coupang] 오프라이스 생새우살 51~70미 (냉동), 510g(중), 1팩 | 우리 11,590 → 네이버 추천(13,150)
✓ [coupang] ELLE PARIS EGF 비타민 기미 탄력 집중앰플, 1개, 100 | 우리 9,990 → 네이버 추천(13,530)
✓ [coupang] 프랭크버거 오리지널 소고기 패티 (냉동), 800g, 1개 | 우리 10,990 → 네이버 추천(11,900)

판정 17/108 (16%) · DB기록 108건
✓ [gmarket] 베베숲 프라임 아기물티슈 70매 캡 20팩 프리미엄 아기 물티슈/고평 | 우리 22,890 → 네이버 추천(26,560)
✓ [gmarket] 금강만두 육개장 630g x5봉/ 부산명물 맛집 / 진한국물과 푸짐한 | 우리 17,980 → 네이버 비추(17,100)
✓ [gmarket] 삼양 불닭소스 200g 2개 + 불닭마요소스 250g 1개 | 우리 7,800 → 네이버 비슷(7,800)
✓ [gmarket] 불스원 레인OK 빗물을 튕겨주는 발수와이퍼 2개입 SET (운전석+조 | 우리 9,900 → 네이버 추천(11,400)
✓ [gmarket] (1+1)(+모공마스크팩1매 증정) 성분에디터 650만병 완판 그린토 | 우리 12,900 → 네이버 비추(5,920)
✓ [gmarket] (신선집중) 생생스토리 스테비아 대추 방울 토망고 500gX4팩 | 우리 11,510 → 네이버 비슷(11,500)
✓ [gmarket] 이맛쌀 20kg | 우리 61,370 → 네이버 비슷(60,980)
✓ [11st] 신세계 쉐프컬렉션 16결 데니쉬 식빵 130g x 4개입 | 우리 13,940 → 네이버 비슷(14,000)
✓ [11st] 호정가 하루단백질바 20개입 | 우리 12,900 → 네이버 비슷(12,830)
✓ [11st] 광천 곱창돌김 5g 27봉 | 우리 14,900 → 네이버 비추(10,770)
✓ [11st] 더프레시 25년산 영양쌀 10kg | 우리 33,570 → 네이버 비추(30,510)
✓ [11st] 쿡솜씨 매콤오징어볶음 밀키트 2인분 | 우리 5,890 → 네이버 추천(10,350)
✓ [11st] 쿡솜씨 해물순두부찌개 밀키트 2인분 | 우리 5,890 → 네이버 추천(6,300)
✓ [11st] [시선집중! 15%즉할] B7 쿨 탈모 샴푸 1000ml+1000ml | 우리 22,900 → 네이버 비슷(22,900)
✓ [coupang] 탱글탱글 정품 완숙토마토 농장직송 찰 토마토, 1박스, 토마토 5kg | 우리 12,500 → 네이버 비추(10,000)
✓ [coupang] 오프라이스 생새우살 51~70미 (냉동), 510g(중), 1팩 | 우리 11,590 → 네이버 추천(13,150)
✓ [coupang] ELLE PARIS EGF 비타민 기미 탄력 집중앰플, 1개, 100 | 우리 9,990 → 네이버 추천(13,530)
✓ [coupang] 프랭크버거 오리지널 소고기 패티 (냉동), 800g, 1개 | 우리 10,990 → 네이버 추천(11,900)

판정 18/108 (17%) · DB기록 108건
✓ [gmarket] 스파클생수 500ml 100병 | 우리 17,170 → 네이버 비추(16,200)
✓ [gmarket] 불스원 레인OK 빗물을 튕겨주는 발수와이퍼 2개입 SET (운전석+조 | 우리 9,900 → 네이버 추천(11,400)
✓ [gmarket] (1+1)(+모공마스크팩1매 증정) 성분에디터 650만병 완판 그린토 | 우리 12,900 → 네이버 비추(5,920)
✓ [gmarket] 베베숲 프라임 아기물티슈 70매 캡 20팩 프리미엄 아기 물티슈/고평 | 우리 22,890 → 네이버 추천(26,560)
✓ [gmarket] (신선집중) 생생스토리 스테비아 대추 방울 토망고 500gX4팩 | 우리 11,510 → 네이버 비슷(11,500)
✓ [gmarket] 이맛쌀 20kg | 우리 61,370 → 네이버 비슷(60,980)
✓ [11st] 신세계 쉐프컬렉션 16결 데니쉬 식빵 130g x 4개입 | 우리 13,940 → 네이버 비슷(14,000)
✓ [11st] 호정가 하루단백질바 20개입 | 우리 12,900 → 네이버 비슷(12,830)
✓ [11st] 광천 곱창돌김 5g 27봉 | 우리 14,900 → 네이버 비추(10,770)
✓ [11st] 더프레시 25년산 영양쌀 10kg | 우리 33,570 → 네이버 비추(30,510)
✓ [11st] 쿡솜씨 매콤오징어볶음 밀키트 2인분 | 우리 5,890 → 네이버 추천(10,350)
✓ [11st] [신성베이커리] 행복한 호두파이 850g | 우리 13,900 → 네이버 비추(12,670)
✓ [11st] 쿡솜씨 해물순두부찌개 밀키트 2인분 | 우리 5,890 → 네이버 추천(6,300)
✓ [coupang] 미니멜츠 바나나스플릿맛 구슬아이스크림 (냉동), 50g, 1개입, 6 | 우리 11,800 → 네이버 추천(16,370)
✓ [coupang] 코멧 분사기 방향제 블랙체리향 자동분사기 겸용, 4개, 280ml,  | 우리 9,490 → 네이버 추천(13,100)
✓ [coupang] 산과들에 마이포켓넛츠 하루견과, 30개 | 우리 11,020 → 네이버 추천(14,500)
✓ [coupang] 네츄럴랩 강아지 건강가득 큐브 져키, 소고기, 1kg, 1개 | 우리 17,500 → 네이버 추천(37,800)
✓ [coupang] 고래사어묵 국탕용 종합 어묵, 450g, 1팩 | 우리 9,500 → 네이버 추천(11,710)

판정 18/107 (17%) · DB기록 107건
✓ [gmarket] 스파클생수 500ml 100병 | 우리 16,960 → 네이버 비추(16,200)
✓ [gmarket] 불스원 레인OK 빗물을 튕겨주는 발수와이퍼 2개입 SET (운전석+조 | 우리 9,900 → 네이버 추천(11,400)
✓ [gmarket] (1+1)(+모공마스크팩1매 증정) 성분에디터 650만병 완판 그린토 | 우리 12,900 → 네이버 비추(6,240)
✓ [gmarket] 베베숲 프라임 아기물티슈 70매 캡 20팩 프리미엄 아기 물티슈/고평 | 우리 23,800 → 네이버 추천(26,560)
✓ [gmarket] (신선집중) 생생스토리 스테비아 대추 방울 토망고 500gX4팩 | 우리 11,510 → 네이버 비슷(11,500)
✓ [gmarket] 이맛쌀 20kg | 우리 61,370 → 네이버 비슷(60,980)
✓ [11st] 샤워메이트 바디워시 1.2kg 3통/클린코튼,크랜베리 외 | 우리 12,300 → 네이버 비추(7,770)
✓ [11st] 쿡솜씨 매콤오징어볶음 밀키트 2인분 | 우리 5,890 → 네이버 추천(10,350)
✓ [11st] [신성베이커리] 행복한 호두파이 850g | 우리 13,900 → 네이버 비슷(13,900)
✓ [11st] 함초소금+ 생강채+소스 증정 [대한민국농수산] 국내산 자포니카 민물장 | 우리 24,680 → 네이버 비추(20,310)
✓ [coupang] 미니멜츠 바나나스플릿맛 구슬아이스크림 (냉동), 50g, 1개입, 6 | 우리 11,800 → 네이버 추천(16,370)
✓ [coupang] 코멧 분사기 방향제 블랙체리향 자동분사기 겸용, 4개, 280ml,  | 우리 9,490 → 네이버 추천(13,100)
✓ [coupang] 산과들에 마이포켓넛츠 하루견과, 30개 | 우리 11,020 → 네이버 추천(14,500)
✓ [coupang] 고래사어묵 국탕용 종합 어묵, 450g, 1팩 | 우리 9,500 → 네이버 추천(11,710)

판정 14/100 (14%) · DB기록 100건
✓ [gmarket] 올바른 멀티비타민 미네랄 액상 이뮨샷 맥스 비타민 5000%고함량 7 | 우리 24,900 → 네이버 비추(9,740)
✓ [gmarket] 닥터루템 이시형박사의 알부민 플래티넘 마시는 알부민 30병 1박스 | 우리 31,900 → 네이버 추천(36,100)
✓ [gmarket] 불스원 레인OK 빗물을 튕겨주는 발수와이퍼 2개입 SET (운전석+조 | 우리 9,900 → 네이버 추천(11,400)
✓ [gmarket] (1+1)(+모공마스크팩1매 증정) 성분에디터 650만병 완판 그린토 | 우리 12,900 → 네이버 비추(6,240)
✓ [gmarket] 베베숲 프라임 아기물티슈 70매 캡 20팩 프리미엄 아기 물티슈/고평 | 우리 23,800 → 네이버 추천(26,560)
✓ [gmarket] (신선집중) 생생스토리 스테비아 대추 방울 토망고 500gX4팩 | 우리 11,510 → 네이버 비슷(11,500)
✓ [gmarket] 이맛쌀 20kg | 우리 61,370 → 네이버 비슷(60,980)
✓ [11st] 샤워메이트 바디워시 1.2kg 3통/클린코튼,크랜베리 외 | 우리 12,300 → 네이버 비추(7,770)
✓ [11st] 쿡솜씨 매콤오징어볶음 밀키트 2인분 | 우리 5,890 → 네이버 추천(10,350)
✓ [11st] [신성베이커리] 행복한 호두파이 850g | 우리 13,900 → 네이버 비슷(13,900)
✓ [coupang] 미니멜츠 바나나스플릿맛 구슬아이스크림 (냉동), 50g, 1개입, 6 | 우리 11,800 → 네이버 추천(16,370)
✓ [coupang] 코멧 분사기 방향제 블랙체리향 자동분사기 겸용, 4개, 280ml,  | 우리 9,490 → 네이버 추천(13,100)
✓ [coupang] 산과들에 마이포켓넛츠 하루견과, 30개 | 우리 11,020 → 네이버 추천(14,500)
✓ [coupang] 고래사어묵 국탕용 종합 어묵, 450g, 1팩 | 우리 8,950 → 네이버 추천(11,710)

판정 14/102 (14%) · DB기록 102건
✓ [gmarket] 올바른 멀티비타민 미네랄 액상 이뮨샷 맥스 비타민 5000%고함량 7 | 우리 24,900 → 네이버 비추(9,740)
✓ [gmarket] 닥터루템 이시형박사의 알부민 플래티넘 마시는 알부민 30병 1박스 | 우리 31,900 → 네이버 비슷(31,900)
✓ [gmarket] 불스원 레인OK 빗물을 튕겨주는 발수와이퍼 2개입 SET (운전석+조 | 우리 9,900 → 네이버 추천(11,400)
✓ [gmarket] (1+1)(+모공마스크팩1매 증정) 성분에디터 650만병 완판 그린토 | 우리 12,900 → 네이버 비추(6,240)
✓ [gmarket] (신선집중) 생생스토리 스테비아 대추 방울 토망고 500gX4팩 | 우리 11,510 → 네이버 비슷(11,500)
✓ [gmarket] 이맛쌀 20kg | 우리 61,370 → 네이버 비슷(60,980)
✓ [11st] 릴리프로 근육관절 원적외선 패치 혼합형 32매입 | 우리 12,890 → 네이버 추천(14,900)
✓ [11st] [신성베이커리] 행복한 호두파이 850g | 우리 13,900 → 네이버 비슷(13,900)
✓ [11st] 쿡솜씨 매콤오징어볶음 밀키트 2인분 | 우리 5,890 → 네이버 추천(10,350)
✓ [11st] 올챌린지 뽑아쓰는 3겹 키친타올 그레이 100매 9개입 / 유해성분  | 우리 9,950 → 네이버 비추(8,900)
✓ [coupang] 미니멜츠 바나나스플릿맛 구슬아이스크림 (냉동), 50g, 1개입, 6 | 우리 11,800 → 네이버 추천(16,370)
✓ [coupang] 코멧 분사기 방향제 블랙체리향 자동분사기 겸용, 4개, 280ml,  | 우리 9,490 → 네이버 추천(13,100)
✓ [coupang] 산과들에 마이포켓넛츠 하루견과, 30개 | 우리 11,020 → 네이버 추천(14,500)
✓ [coupang] 네츄럴랩 건강가득 큐브 강아지 간식, 오리고기, 1kg, 1개 | 우리 17,500 → 네이버 추천(45,090)
✓ [coupang] 고래사어묵 국탕용 종합 어묵, 450g, 1팩 | 우리 8,950 → 네이버 추천(11,710)

판정 15/102 (15%) · DB기록 102건
✓ [gmarket] (깜짝)스팸 클래식 120g 총 10개 | 우리 14,900 → 네이버 추천(16,500)
✓ [gmarket] 불스원 레인OK 빗물을 튕겨주는 발수와이퍼 2개입 SET (운전석+조 | 우리 9,850 → 네이버 추천(11,400)
✓ [gmarket] 짜파게티 10개 + 신라면 로제 8개 | 우리 20,930 → 네이버 추천(22,330)
✓ [gmarket] (1+1)(+모공마스크팩1매 증정) 성분에디터 650만병 완판 그린토 | 우리 12,900 → 네이버 비추(5,900)
✓ [gmarket] (신선집중) 생생스토리 스테비아 대추 방울 토망고 500gX4팩 | 우리 11,510 → 네이버 비슷(11,500)
✓ [gmarket] 이맛쌀 20kg | 우리 61,370 → 네이버 비슷(60,980)
✓ [gmarket] 아스토니쉬 화제의 만능클리너 제로 750ml 1+1 욕실청소 청소세제 | 우리 20,950 → 네이버 비추(12,800)
✓ [gmarket] 깨끗한나라 순수시그니처 화장지 브라운 30m 30롤 2팩+스마일캐시  | 우리 25,440 → 네이버 비추(23,850)
✓ [11st] 릴리프로 근육관절 원적외선 패치 혼합형 32매입 | 우리 12,890 → 네이버 추천(14,900)
✓ [11st] [신성베이커리] 행복한 호두파이 850g | 우리 13,900 → 네이버 비슷(13,900)
✓ [11st] 쿡솜씨 매콤오징어볶음 밀키트 2인분 | 우리 5,890 → 네이버 추천(10,350)
✓ [coupang] 미니멜츠 바나나스플릿맛 구슬아이스크림 (냉동), 50g, 1개입, 6 | 우리 11,800 → 네이버 추천(16,370)
✓ [coupang] 코멧 분사기 방향제 블랙체리향 자동분사기 겸용, 4개, 280ml,  | 우리 9,490 → 네이버 추천(13,100)
✓ [coupang] 산과들에 마이포켓넛츠 하루견과, 30개 | 우리 11,020 → 네이버 추천(14,500)
✓ [coupang] 네츄럴랩 건강가득 큐브 강아지 간식, 오리고기, 1kg, 1개 | 우리 17,500 → 네이버 추천(45,090)
✓ [coupang] 고래사어묵 국탕용 종합 어묵, 450g, 1팩 | 우리 8,950 → 네이버 추천(11,710)

판정 16/102 (16%) · DB기록 102건
✓ [gmarket] (깜짝)스팸 클래식 120g 총 10개 | 우리 15,900 → 네이버 추천(16,500)
✓ [gmarket] 오리온 비쵸비 초코 5P 125g 2박스 + 딸기 5P 125g 2박 | 우리 12,900 → 네이버 비슷(12,900)
✓ [gmarket] 불스원 레인OK 빗물을 튕겨주는 발수와이퍼 2개입 SET (운전석+조 | 우리 9,850 → 네이버 추천(11,400)
✓ [gmarket] 짜파게티 10개 + 신라면 로제 8개 | 우리 14,790 → 네이버 추천(20,920)
✓ [gmarket] (1+1)(+모공마스크팩1매 증정) 성분에디터 650만병 완판 그린토 | 우리 12,900 → 네이버 비추(6,070)
✓ [gmarket] (신선집중) 생생스토리 스테비아 대추 방울 토망고 500gX4팩 | 우리 11,510 → 네이버 비슷(11,500)
✓ [gmarket] 이맛쌀 20kg | 우리 61,370 → 네이버 비슷(60,980)
✓ [gmarket] 아스토니쉬 화제의 만능클리너 제로 750ml 1+1 욕실청소 청소세제 | 우리 20,950 → 네이버 비추(12,800)
✓ [gmarket] 깨끗한나라 순수시그니처 화장지 브라운 30m 30롤 2팩+스마일캐시  | 우리 25,440 → 네이버 비추(23,850)
✓ [11st] 헤드앤숄더 클리니컬 스트랭스 샴푸 400ml 2개세트 | 우리 33,750 → 네이버 비슷(33,450)
✓ [11st] 해신수산 완도활전복 특 특 大 8-9미 1kg | 우리 22,610 → 네이버 비슷(22,610)
✓ [11st] 한입 쫀득감자 1kg 불닭+콘마요+닭강정 소스 증정 | 우리 11,920 → 네이버 추천(13,830)
✓ [11st] [신성베이커리] 행복한 호두파이 850g | 우리 13,900 → 네이버 비슷(13,900)
✓ [11st] 쿡솜씨 매콤오징어볶음 밀키트 2인분 | 우리 5,890 → 네이버 추천(10,350)
✓ [coupang] 미니멜츠 바나나스플릿맛 구슬아이스크림 (냉동), 50g, 1개입, 6 | 우리 11,800 → 네이버 추천(16,370)
✓ [coupang] 코멧 분사기 방향제 블랙체리향 자동분사기 겸용, 4개, 280ml,  | 우리 9,490 → 네이버 추천(13,100)
✓ [coupang] 산과들에 마이포켓넛츠 하루견과, 30개 | 우리 11,020 → 네이버 추천(14,500)
✓ [coupang] 고래사어묵 국탕용 종합 어묵, 450g, 1팩 | 우리 8,950 → 네이버 추천(11,710)

판정 18/107 (17%) · DB기록 107건
✓ [gmarket] (깜짝)스팸 클래식 120g 총 10개 | 우리 15,900 → 네이버 추천(16,500)
✓ [gmarket] 불스원 레인OK 빗물을 튕겨주는 발수와이퍼 2개입 SET (운전석+조 | 우리 9,850 → 네이버 추천(11,400)
✓ [gmarket] 짜파게티 10개 + 신라면 로제 8개 | 우리 14,790 → 네이버 비슷(14,790)
✓ [gmarket] (1+1)(+모공마스크팩1매 증정) 성분에디터 650만병 완판 그린토 | 우리 12,900 → 네이버 비추(6,070)
✓ [gmarket] (신선집중) 생생스토리 스테비아 대추 방울 토망고 500gX4팩 | 우리 11,510 → 네이버 비슷(11,500)
✓ [gmarket] 이맛쌀 20kg | 우리 61,370 → 네이버 비슷(60,980)
✓ [gmarket] 깨끗한나라 순수시그니처 화장지 브라운 30m 30롤 2팩+스마일캐시  | 우리 25,440 → 네이버 비추(23,850)
✓ [gmarket] 아스토니쉬 화제의 만능클리너 제로 750ml 1+1 욕실청소 청소세제 | 우리 20,950 → 네이버 비추(12,800)
✓ [gmarket] (신선집중) 대패 삼겹살 2KG (1kg+1kg) | 우리 18,770 → 네이버 비추(14,900)
✓ [11st] 헤드앤숄더 클리니컬 스트랭스 샴푸 400ml 2개세트 | 우리 33,750 → 네이버 비슷(33,450)
✓ [11st] 해신수산 완도활전복 특 특 大 8-9미 1kg | 우리 22,610 → 네이버 비슷(22,610)
✓ [11st] 한입 쫀득감자 1kg 불닭+콘마요+닭강정 소스 증정 | 우리 11,920 → 네이버 추천(13,830)
✓ [11st] 특별 최 저 가 특특대전복 [품질보장][최 저 가]해신수산 완도활전복 | 우리 22,610 → 네이버 비슷(22,610)
✓ [11st] 쿡솜씨 매콤오징어볶음 밀키트 2인분 | 우리 5,890 → 네이버 추천(10,350)
✓ [11st] [신성베이커리] 행복한 호두파이 850g | 우리 13,900 → 네이버 비슷(13,900)
✓ [11st] 달콤한 과즙이 가득! 국내산 시원하고 달콤한 하우스 수박 가정용 7k | 우리 13,160 → 네이버 추천(28,900)
✓ [coupang] 미니멜츠 바나나스플릿맛 구슬아이스크림 (냉동), 50g, 1개입, 6 | 우리 11,800 → 네이버 추천(16,370)
✓ [coupang] 코멧 분사기 방향제 블랙체리향 자동분사기 겸용, 4개, 280ml,  | 우리 9,490 → 네이버 추천(13,100)
✓ [coupang] 산과들에 마이포켓넛츠 하루견과, 30개 | 우리 11,020 → 네이버 추천(14,500)
✓ [coupang] 고래사어묵 국탕용 종합 어묵, 450g, 1팩 | 우리 8,950 → 네이버 추천(11,710)

판정 20/108 (19%) · DB기록 108건
✓ [gmarket] (깜짝)스팸 클래식 120g 총 10개 | 우리 15,900 → 네이버 추천(16,500)
✓ [gmarket] 불스원 레인OK 빗물을 튕겨주는 발수와이퍼 2개입 SET (운전석+조 | 우리 9,610 → 네이버 추천(11,400)
✓ [gmarket] 짜파게티 10개 + 신라면 로제 8개 | 우리 14,790 → 네이버 비슷(14,790)
✓ [gmarket] (얼리썸머특가)(5초쿨링미스트/붓기완화/5중세라마이드 속보습) 메디톡 | 우리 17,900 → 네이버 비슷(17,760)
✓ [gmarket] 아스토니쉬 화제의 만능클리너 제로 750ml 1+1 욕실청소 청소세제 | 우리 20,950 → 네이버 비추(12,800)
✓ [gmarket] 농가살리기 푸짐한 맛 배터지는 고기듬뿍 감자탕 5kg(8~10인분) | 우리 19,120 → 네이버 비추(16,320)
✓ [11st] 제주농협 귤로장생 하우스감귤 2.5kg 소과 | 우리 20,400 → 네이버 비추(15,380)
✓ [11st] 쿡솜씨 알고니탕 알탕 밀키트 2인분 | 우리 6,390 → 네이버 추천(10,350)
✓ [11st] 스마트팜 재배 싱싱한 국산 파프리카 1kg | 우리 6,380 → 네이버 비추(6,050)
✓ [11st] 1++NO.9 등급 한우 갈비살 구이모듬 400g 냉장 | 우리 29,900 → 네이버 추천(35,490)
✓ [11st] 숨 천연펄프 소프트블랙 3겹 화장지 30m 30롤 2팩 | 우리 16,900 → 네이버 추천(18,000)
✓ [11st] 삼성 비스포크 냉장고 1등급 4도어 RM70F90R1ZD 905리터  | 우리 2,435,000 → 네이버 비추(1,986,990)
✓ [11st] LG 오브제컬렉션 칸 2in1 FQ17HDKHC2 기본설치포함 | 우리 1,592,080 → 네이버 비추(1,473,000)
✓ [11st] [숨] 100% 천연펄프 무형광 소프트 블랙 3겹 30m 30롤 2팩 | 우리 16,900 → 네이버 추천(18,810)
✓ [11st] 리스테린 쿨민트 750ml, 4개+증정(쿨민트 500ml, 1개) | 우리 20,990 → 네이버 비추(16,800)
✓ [11st] 한상궁김치 겉절이 2kg | 우리 10,040 → 네이버 비추(9,100)
✓ [11st] 하츠 초고속 예열 99.9% 살균 이동식 스팀청소기 포미바 CSC-2 | 우리 75,900 → 네이버 추천(79,000)
✓ [coupang] 미니멜츠 바나나스플릿맛 구슬아이스크림 (냉동), 50g, 1개입, 6 | 우리 11,800 → 네이버 추천(16,370)
✓ [coupang] 코멧 분사기 방향제 블랙체리향 자동분사기 겸용, 4개, 280ml,  | 우리 9,490 → 네이버 추천(13,100)
✓ [coupang] 산과들에 마이포켓넛츠 하루견과, 30개 | 우리 11,020 → 네이버 추천(14,500)
✓ [coupang] 고래사어묵 국탕용 종합 어묵, 450g, 1팩 | 우리 8,950 → 네이버 추천(11,710)

판정 21/139 (15%) · DB기록 139건
✓ [gmarket] (깜짝)스팸 클래식 120g 총 10개 | 우리 15,900 → 네이버 추천(16,500)
✓ [gmarket] 짜파게티 10개 + 신라면 로제 8개 | 우리 14,790 → 네이버 비슷(14,790)
✓ [gmarket] 불스원 레인OK 빗물을 튕겨주는 발수와이퍼 2개입 SET (운전석+조 | 우리 9,610 → 네이버 추천(11,400)
✓ [gmarket] (얼리썸머특가)(5초쿨링미스트/붓기완화/5중세라마이드 속보습) 메디톡 | 우리 17,900 → 네이버 비슷(17,760)
✓ [gmarket] 아스토니쉬 화제의 만능클리너 제로 750ml 1+1 욕실청소 청소세제 | 우리 20,950 → 네이버 비추(12,800)
✓ [gmarket] 농가살리기 푸짐한 맛 배터지는 고기듬뿍 감자탕 5kg(8~10인분) | 우리 19,120 → 네이버 비추(16,320)
✓ [11st] 제주농협 귤로장생 하우스감귤 2.5kg 소과 | 우리 20,400 → 네이버 비추(15,380)
✓ [11st] 쿡솜씨 알고니탕 알탕 밀키트 2인분 | 우리 6,390 → 네이버 추천(10,350)
✓ [11st] 스마트팜 재배 싱싱한 국산 파프리카 1kg | 우리 6,380 → 네이버 비추(6,050)
✓ [11st] 1++NO.9 등급 한우 갈비살 구이모듬 400g 냉장 | 우리 29,900 → 네이버 추천(35,490)
✓ [11st] 숨 천연펄프 소프트블랙 3겹 화장지 30m 30롤 2팩 | 우리 16,900 → 네이버 추천(18,000)
✓ [11st] 삼성 비스포크 냉장고 1등급 4도어 RM70F90R1ZD 905리터  | 우리 2,435,000 → 네이버 비추(1,986,990)
✓ [11st] LG 오브제컬렉션 칸 2in1 FQ17HDKHC2 기본설치포함 | 우리 1,592,080 → 네이버 비추(1,473,000)
✓ [11st] 한상궁김치 겉절이 2kg | 우리 10,040 → 네이버 비추(9,100)
✓ [11st] 쿡솜씨 깻잎매콤순대볶음 밀키트 2인분 | 우리 5,890 → 네이버 추천(9,600)
✓ [11st] 쿡솜씨 동태탕 밀키트 2인분 | 우리 7,400 → 네이버 비추(6,300)
✓ [11st] 오리온 비쵸비 125g, 3개 +통크 초코 45g,10개 | 우리 15,900 → 네이버 추천(18,650)
✓ [11st] 쿡솜씨 해물오꼬노미야끼 밀키트 2인분 | 우리 7,400 → 네이버 추천(10,200)
✓ [coupang] 미니멜츠 바나나스플릿맛 구슬아이스크림 (냉동), 50g, 1개입, 6 | 우리 11,800 → 네이버 추천(16,370)
✓ [coupang] 코멧 분사기 방향제 블랙체리향 자동분사기 겸용, 4개, 280ml,  | 우리 9,490 → 네이버 추천(13,100)
✓ [coupang] 산과들에 마이포켓넛츠 하루견과, 30개 | 우리 11,020 → 네이버 추천(14,500)
✓ [coupang] 고래사어묵 국탕용 종합 어묵, 450g, 1팩 | 우리 8,950 → 네이버 추천(11,710)

판정 22/140 (16%) · DB기록 140건
✓ [gmarket] (깜짝)스팸 클래식 120g 총 10개 | 우리 15,900 → 네이버 추천(16,500)
✓ [gmarket] 짜파게티 10개 + 신라면 로제 8개 | 우리 14,790 → 네이버 비슷(14,790)
✓ [gmarket] 불스원 레인OK 빗물을 튕겨주는 발수와이퍼 2개입 SET (운전석+조 | 우리 9,610 → 네이버 추천(11,400)
✓ [gmarket] (얼리썸머특가)(5초쿨링미스트/붓기완화/5중세라마이드 속보습) 메디톡 | 우리 17,900 → 네이버 비슷(17,760)
✓ [gmarket] 아스토니쉬 화제의 만능클리너 제로 750ml 1+1 욕실청소 청소세제 | 우리 20,950 → 네이버 비추(12,800)
✓ [gmarket] 농가살리기 푸짐한 맛 배터지는 고기듬뿍 감자탕 5kg(8~10인분) | 우리 19,120 → 네이버 비추(16,320)
✓ [11st] 쿡솜씨 알고니탕 알탕 밀키트 2인분 | 우리 6,390 → 네이버 추천(10,350)
✓ [11st] 제주농협 귤로장생 하우스감귤 2.5kg 소과 | 우리 20,400 → 네이버 비추(15,380)
✓ [11st] 스마트팜 재배 싱싱한 국산 파프리카 1kg | 우리 6,380 → 네이버 추천(7,700)
✓ [11st] 숨 천연펄프 소프트블랙 3겹 화장지 30m 30롤 2팩 | 우리 16,900 → 네이버 추천(18,000)
✓ [11st] LG 오브제컬렉션 칸 2in1 FQ17HDKHC2 기본설치포함 | 우리 1,592,080 → 네이버 비추(1,473,000)
✓ [11st] 1++NO.9 등급 한우 갈비살 구이모듬 400g 냉장 | 우리 29,900 → 네이버 추천(35,490)
✓ [11st] 삼성 비스포크 냉장고 1등급 4도어 RM70F90R1ZD 905리터  | 우리 2,435,000 → 네이버 비추(1,986,990)
✓ [11st] [숨] 100% 천연펄프 무형광 소프트 블랙 3겹 30m 30롤 2팩 | 우리 16,900 → 네이버 추천(18,810)
✓ [11st] 한상궁김치 겉절이 2kg | 우리 10,040 → 네이버 비추(9,100)
✓ [11st] 쿡솜씨 깻잎매콤순대볶음 밀키트 2인분 | 우리 5,890 → 네이버 추천(9,600)
✓ [11st] 쿡솜씨 동태탕 밀키트 2인분 | 우리 7,400 → 네이버 비추(6,300)
✓ [11st] 쿡솜씨 해물오꼬노미야끼 밀키트 2인분 | 우리 7,400 → 네이버 추천(10,200)
✓ [11st] 오리온 비쵸비 125g, 3개 +통크 초코 45g,10개 | 우리 15,900 → 네이버 추천(22,100)
✓ [coupang] 미니멜츠 바나나스플릿맛 구슬아이스크림 (냉동), 50g, 1개입, 6 | 우리 11,800 → 네이버 추천(16,370)
✓ [coupang] 코멧 분사기 방향제 블랙체리향 자동분사기 겸용, 4개, 280ml,  | 우리 9,490 → 네이버 추천(13,100)
✓ [coupang] 산과들에 마이포켓넛츠 하루견과, 30개 | 우리 11,020 → 네이버 추천(14,500)
✓ [coupang] 고래사어묵 국탕용 종합 어묵, 450g, 1팩 | 우리 8,950 → 네이버 추천(11,710)

판정 23/139 (17%) · DB기록 139건
✓ [gmarket] (깜짝)스팸 클래식 120g 총 10개 | 우리 15,900 → 네이버 추천(16,500)
✓ [gmarket] 짜파게티 10개 + 신라면 로제 8개 | 우리 14,790 → 네이버 비슷(14,790)
✓ [gmarket] 불스원 레인OK 빗물을 튕겨주는 발수와이퍼 2개입 SET (운전석+조 | 우리 9,610 → 네이버 추천(11,400)
✓ [gmarket] (얼리썸머특가)(5초쿨링미스트/붓기완화/5중세라마이드 속보습) 메디톡 | 우리 17,900 → 네이버 비슷(17,760)
✓ [gmarket] 아스토니쉬 화제의 만능클리너 제로 750ml 1+1 욕실청소 청소세제 | 우리 20,950 → 네이버 비추(12,800)
✓ [gmarket] 농가살리기 푸짐한 맛 배터지는 고기듬뿍 감자탕 5kg(8~10인분) | 우리 19,120 → 네이버 비추(16,320)
✓ [11st] 삼성 비스포크 냉장고 1등급 4도어 RM70F90R1ZD 905리터  | 우리 2,435,000 → 네이버 비추(1,986,990)
✓ [11st] 스마트팜 재배 싱싱한 국산 파프리카 1kg | 우리 6,380 → 네이버 추천(7,700)
✓ [11st] 제주농협 귤로장생 하우스감귤 2.5kg 소과 | 우리 20,400 → 네이버 비추(15,380)
✓ [11st] 1++NO.9 등급 한우 갈비살 구이모듬 400g 냉장 | 우리 29,900 → 네이버 추천(35,490)
✓ [11st] 쿡솜씨 알고니탕 알탕 밀키트 2인분 | 우리 6,390 → 네이버 추천(10,350)
✓ [11st] LG 오브제컬렉션 칸 2in1 FQ17HDKHC2 기본설치포함 | 우리 1,592,080 → 네이버 비추(1,473,000)
✓ [11st] 한상궁김치 겉절이 2kg | 우리 10,040 → 네이버 비추(9,100)
✓ [11st] 피죤 건조기용 드라이시트 미스틱레인 120매, 1개 + 플라워페스티벌 | 우리 12,900 → 네이버 비슷(12,900)
✓ [11st] 쿡솜씨 깻잎매콤순대볶음 밀키트 2인분 | 우리 5,890 → 네이버 추천(9,600)
✓ [11st] 쿡솜씨 동태탕 밀키트 2인분 | 우리 7,400 → 네이버 비추(6,300)
✓ [11st] 오리온 비쵸비 125g, 3개 +통크 초코 45g,10개 | 우리 15,900 → 네이버 추천(22,100)
✓ [coupang] 미니멜츠 바나나스플릿맛 구슬아이스크림 (냉동), 50g, 1개입, 6 | 우리 11,800 → 네이버 추천(16,370)
✓ [coupang] 코멧 분사기 방향제 블랙체리향 자동분사기 겸용, 4개, 280ml,  | 우리 9,490 → 네이버 추천(13,100)
✓ [coupang] 산과들에 마이포켓넛츠 하루견과, 30개 | 우리 11,020 → 네이버 추천(14,500)
✓ [coupang] 고래사어묵 국탕용 종합 어묵, 450g, 1팩 | 우리 8,950 → 네이버 추천(11,710)

판정 21/138 (15%) · DB기록 138건
✓ [gmarket] (깜짝)스팸 클래식 120g 총 10개 | 우리 15,900 → 네이버 추천(16,500)
✓ [gmarket] 리스테린 쿨민트 750mL 4개 + 리스테린 토탈케어플러스 100ml | 우리 17,900 → 네이버 비추(16,900)
✓ [gmarket] 짜파게티 10개 + 신라면 로제 8개 | 우리 14,790 → 네이버 비슷(14,790)
✓ [gmarket] 불스원 레인OK 빗물을 튕겨주는 발수와이퍼 2개입 SET (운전석+조 | 우리 9,610 → 네이버 추천(11,400)
✓ [gmarket] (얼리썸머특가)(5초쿨링미스트/붓기완화/5중세라마이드 속보습) 메디톡 | 우리 17,900 → 네이버 비슷(17,760)
✓ [gmarket] 아스토니쉬 화제의 만능클리너 제로 750ml 1+1 욕실청소 청소세제 | 우리 20,950 → 네이버 비추(12,800)
✓ [gmarket] 농가살리기 푸짐한 맛 배터지는 고기듬뿍 감자탕 5kg(8~10인분) | 우리 19,120 → 네이버 비추(16,320)
✓ [11st] 쿡솜씨 알고니탕 알탕 밀키트 2인분 | 우리 6,390 → 네이버 추천(10,350)
✓ [11st] 제주농협 귤로장생 하우스감귤 2.5kg 소과 | 우리 20,400 → 네이버 비추(15,380)
✓ [11st] 스마트팜 재배 싱싱한 국산 파프리카 1kg | 우리 6,380 → 네이버 추천(7,700)
✓ [11st] 1++NO.9 등급 한우 갈비살 구이모듬 400g 냉장 | 우리 29,900 → 네이버 추천(35,490)
✓ [11st] 삼성 비스포크 냉장고 1등급 4도어 RM70F90R1ZD 905리터  | 우리 2,435,000 → 네이버 비추(1,986,990)
✓ [11st] 한상궁김치 겉절이 2kg | 우리 10,040 → 네이버 비추(9,100)
✓ [11st] 피죤 건조기용 드라이시트 미스틱레인 120매, 1개 + 플라워페스티벌 | 우리 12,900 → 네이버 비슷(12,900)
✓ [11st] 쿡솜씨 깻잎매콤순대볶음 밀키트 2인분 | 우리 5,890 → 네이버 추천(9,600)
✓ [11st] 이스트밸리 자연치즈 트리플 슈레드 피자치즈 1kg | 우리 13,920 → 네이버 비슷(13,920)
✓ [11st] 쿡솜씨 동태탕 밀키트 2인분 | 우리 7,400 → 네이버 비추(6,300)
✓ [11st] 리스테린 쿨민트 750ml, 4개+증정(쿨민트 500ml, 1개) | 우리 20,990 → 네이버 비추(16,800)
✓ [coupang] 김치의 정석 100%국내산 전라도 맛김치, 5kg, 1개 | 우리 15,890 → 네이버 추천(22,900)
✓ [coupang] 조선문방구 명품 삼겹살 지우개, 혼합색상, 32개 | 우리 11,190 → 네이버 비슷(11,140)
✓ [coupang] 2+1 출시하자마자 1위 퓨어그램 모공이별 딥클렌징폼 제주 그린티 저 | 우리 13,550 → 네이버 추천(14,900)

판정 21/140 (15%) · DB기록 140건
✓ [gmarket] 동원 DHA 참치 150g 원터치 12캔 | 우리 23,900 → 네이버 비추(23,400)
✓ [gmarket] AHC 마스터즈 아쿠아리치 선크림 듀오세트 2개(총 30ml 4개)  | 우리 22,960 → 네이버 비슷(23,030)
✓ [gmarket] 올반 겉바속촉의 대명사 크런치 찰 핫도그 75gx30봉 | 우리 22,940 → 네이버 비슷(22,920)
✓ [gmarket] (얼리썸머특가)(5초쿨링미스트/붓기완화/5중세라마이드 속보습) 메디톡 | 우리 17,900 → 네이버 비슷(17,760)
✓ [gmarket] 아스토니쉬 화제의 만능클리너 제로 750ml 1+1 욕실청소 청소세제 | 우리 20,950 → 네이버 비추(12,800)
✓ [11st] 삼성 비스포크 냉장고 1등급 4도어 RM70F90R1ZD 905리터  | 우리 2,435,000 → 네이버 비추(1,986,990)
✓ [11st] 쿡솜씨 알고니탕 알탕 밀키트 2인분 | 우리 6,390 → 네이버 추천(10,350)
✓ [11st] LG 오브제컬렉션 칸 2in1 FQ17HDKHC2 기본설치포함 | 우리 1,592,080 → 네이버 비추(1,529,000)
✓ [11st] 제주농협 귤로장생 하우스감귤 2.5kg 소과 | 우리 20,400 → 네이버 비추(15,380)
✓ [11st] 1++NO.9 등급 한우 갈비살 구이모듬 400g 냉장 | 우리 29,900 → 네이버 추천(35,490)
✓ [11st] 스마트팜 재배 싱싱한 국산 파프리카 1kg | 우리 6,380 → 네이버 추천(7,700)
✓ [11st] 한상궁김치 겉절이 2kg | 우리 10,040 → 네이버 비추(9,100)
✓ [11st] 피죤 건조기용 드라이시트 미스틱레인 120매, 1개 + 플라워페스티벌 | 우리 12,900 → 네이버 비슷(12,900)
✓ [11st] 이스트밸리 자연치즈 트리플 슈레드 피자치즈 1kg | 우리 13,920 → 네이버 비추(13,540)
✓ [11st] 쿡솜씨 깻잎매콤순대볶음 밀키트 2인분 | 우리 5,890 → 네이버 추천(9,600)
✓ [coupang] 김치의 정석 100%국내산 전라도 맛김치, 5kg, 1개 | 우리 15,890 → 네이버 추천(22,900)
✓ [coupang] 조선문방구 명품 삼겹살 지우개, 혼합색상, 32개 | 우리 11,190 → 네이버 비슷(11,140)
✓ [coupang] 2+1 출시하자마자 1위 퓨어그램 모공이별 딥클렌징폼 제주 그린티 저 | 우리 13,550 → 네이버 추천(14,900)

판정 18/138 (13%) · DB기록 138건
✓ [gmarket] 동원 DHA 참치 150g 원터치 12캔 | 우리 23,900 → 네이버 비추(23,400)
✓ [gmarket] 올반 겉바속촉의 대명사 크런치 찰 핫도그 75gx30봉 | 우리 22,900 → 네이버 비슷(22,920)
✓ [gmarket] (얼리썸머특가)(5초쿨링미스트/붓기완화/5중세라마이드 속보습) 메디톡 | 우리 17,900 → 네이버 비슷(17,760)
✓ [gmarket] 베베숲 프라임 아기물티슈 70매 캡 20팩 프리미엄 아기 물티슈/고평 | 우리 19,900 → 네이버 추천(26,560)
✓ [gmarket] 이맛쌀 20kg | 우리 58,070 → 네이버 추천(60,980)
✓ [gmarket] 아스토니쉬 화제의 만능클리너 제로 750ml 1+1 욕실청소 청소세제 | 우리 20,950 → 네이버 비추(12,800)
✓ [11st] 돈팡 한돈 제주식 생 목살 600g | 우리 9,900 → 네이버 추천(13,900)
✓ [11st] 밥지을때 넣어먹는 밥다시마/완도다시마 200g | 우리 9,270 → 네이버 비추(5,900)
✓ [11st] 품질보장!무료반품! 돈팡 한돈 제주식 생 목살 600g | 우리 9,900 → 네이버 추천(13,900)
✓ [11st] 한상궁김치 겉절이 2kg | 우리 10,040 → 네이버 비추(9,100)
✓ [11st] 도깨비방망이 핸드블렌더 핸드믹서기 SHB2300 풀구성 | 우리 59,800 → 네이버 추천(79,800)
✓ [11st] 쿡솜씨 깻잎매콤순대볶음 밀키트 2인분 | 우리 5,890 → 네이버 추천(9,600)
✓ [coupang] 김치의 정석 100%국내산 전라도 맛김치, 5kg, 1개 | 우리 15,890 → 네이버 추천(22,900)
✓ [coupang] 조선문방구 명품 삼겹살 지우개, 혼합색상, 32개 | 우리 11,190 → 네이버 비슷(11,190)
✓ [coupang] 2+1 출시하자마자 1위 퓨어그램 모공이별 딥클렌징폼 제주 그린티 저 | 우리 13,550 → 네이버 추천(14,900)

판정 15/134 (11%) · DB기록 134건
✓ [gmarket] (빠른발송) 삼성전자 갤럭시 핏 FIT 3 Galaxy Fit 3 피 | 우리 52,600 → 네이버 비슷(52,600)
✓ [gmarket] 2080 오리지날 칫솔 미세모 5+5개입 4세트 (총40개) | 우리 15,900 → 네이버 추천(18,530)
✓ [gmarket] (얼리썸머특가)(5초쿨링미스트/붓기완화/5중세라마이드 속보습) 메디톡 | 우리 17,900 → 네이버 비슷(17,760)
✓ [gmarket] 이맛쌀 20kg | 우리 58,070 → 네이버 추천(60,980)
✓ [gmarket] 아스토니쉬 화제의 만능클리너 제로 750ml 1+1 욕실청소 청소세제 | 우리 20,950 → 네이버 비추(12,800)
✓ [11st] 밥지을때 넣어먹는 밥다시마/완도다시마 200g | 우리 9,270 → 네이버 비추(5,900)
✓ [11st] 돈팡 한돈 제주식 생 목살 600g | 우리 9,900 → 네이버 추천(13,900)
✓ [11st] 품질보장!무료반품! 돈팡 한돈 제주식 생 목살 600g | 우리 9,900 → 네이버 추천(13,900)
✓ [11st] 한상궁김치 겉절이 2kg | 우리 10,040 → 네이버 비추(9,100)
✓ [11st] [숨] 100% 천연펄프 무형광 소프트 블랙 3겹 30m 30롤 2팩 | 우리 17,770 → 네이버 비슷(17,770)
✓ [11st] 도깨비방망이 핸드블렌더 핸드믹서기 SHB2300 풀구성 | 우리 59,800 → 네이버 추천(79,800)
✓ [coupang] 김치의 정석 100%국내산 전라도 맛김치, 5kg, 1개 | 우리 15,890 → 네이버 추천(22,900)
✓ [coupang] 조선문방구 명품 삼겹살 지우개, 혼합색상, 32개 | 우리 11,190 → 네이버 비슷(11,190)
✓ [coupang] 2+1 출시하자마자 1위 퓨어그램 모공이별 딥클렌징폼 제주 그린티 저 | 우리 13,550 → 네이버 추천(14,900)

판정 14/135 (10%) · DB기록 135건
✓ [gmarket] 스팸 25%라이트 200g x6 + 스팸 클래식 200gx3 | 우리 20,900 → 네이버 추천(25,900)
✓ [gmarket] (빠른발송) 삼성전자 갤럭시 핏 FIT 3 Galaxy Fit 3 피 | 우리 52,600 → 네이버 비슷(52,600)
✓ [gmarket] 타임딜 5시간/4.5만) 보랄 BLDC 리모컨 스탠드 팬 BR-MF5 | 우리 45,390 → 네이버 비추(44,190)
✓ [gmarket] 2080 오리지날 칫솔 미세모 5+5개입 4세트 (총40개) | 우리 15,900 → 네이버 비슷(15,900)
✓ [gmarket] (얼리썸머특가)(5초쿨링미스트/붓기완화/5중세라마이드 속보습) 메디톡 | 우리 17,900 → 네이버 비슷(17,760)
✓ [gmarket] 이맛쌀 20kg | 우리 58,070 → 네이버 추천(60,980)
✓ [gmarket] 아스토니쉬 화제의 만능클리너 제로 750ml 1+1 욕실청소 청소세제 | 우리 20,950 → 네이버 비추(12,800)
✓ [11st] 원데이그래놀라초코바10개세트*3개 | 우리 10,710 → 네이버 추천(13,120)
✓ [11st] 명태잡는날 백명란젓 400g | 우리 11,900 → 네이버 추천(21,590)
✓ [11st] 26년 NEW 한일 초미풍 14인치 리모컨 선풍기 | 우리 47,900 → 네이버 비추(42,200)
✓ [11st] 셀렉스 프로틴 고소한 맛 캔, 304g+증정 | 우리 33,900 → 네이버 비추(22,500)
✓ [11st] 달큼푸드 고온스팀으로 찐 고소한 병아리콩 45g 10봉 | 우리 13,920 → 네이버 비추(10,950)
✓ [11st] 한상궁김치 겉절이 2kg | 우리 10,040 → 네이버 비추(9,100)
✓ [11st] [숨] 100% 천연펄프 무형광 소프트 블랙 3겹 30m 30롤 2팩 | 우리 17,770 → 네이버 비슷(17,770)
✓ [11st] 26년 신제품 한일 14인치 초미풍 리모컨 선풍기 EFe-A140R | 우리 47,900 → 네이버 비슷(47,900)
✓ [11st] 5분조리 간편식 홍대쭈꾸미 300g 6팩 수제양념 쭈꾸미볶음 냉동 택 | 우리 32,900 → 네이버 비슷(32,900)
✓ [11st] [본사직영] 설화수 순행클렌징폼 400ml | 우리 60,300 → 네이버 비추(24,270)
✓ [11st] 하림 치킨너겟2 1kg + 용가리치킨 1kg | 우리 21,900 → 네이버 비추(19,900)
✓ [11st] 쿡솜씨 깻잎매콤순대볶음 밀키트 2인분 | 우리 5,890 → 네이버 추천(9,600)
✓ [coupang] 김치의 정석 100%국내산 전라도 맛김치, 5kg, 1개 | 우리 15,890 → 네이버 추천(22,900)
✓ [coupang] 조선문방구 명품 삼겹살 지우개, 혼합색상, 32개 | 우리 11,190 → 네이버 비슷(11,190)
✓ [coupang] 2+1 출시하자마자 1위 퓨어그램 모공이별 딥클렌징폼 제주 그린티 저 | 우리 13,550 → 네이버 추천(14,900)

판정 22/132 (17%) · DB기록 132건
✓ [gmarket] 크라운 마이쮸 딸기리치 720g+포도사과 720g+토마토 284g | 우리 16,920 → 네이버 추천(17,860)
✓ [gmarket] 바이오코어 100억 유산균 30캡슐 3박스 | 우리 25,900 → 네이버 추천(30,710)
✓ [gmarket] (얼리썸머특가)(5초쿨링미스트/붓기완화/5중세라마이드 속보습) 메디톡 | 우리 17,900 → 네이버 비슷(17,760)
✓ [gmarket] 이맛쌀 20kg | 우리 58,070 → 네이버 추천(60,980)
✓ [gmarket] 아스토니쉬 화제의 만능클리너 제로 750ml 1+1 욕실청소 청소세제 | 우리 20,950 → 네이버 비추(12,800)
✓ [11st] 원데이그래놀라초코바10개세트*3개 | 우리 10,710 → 네이버 추천(13,120)
✓ [11st] 26년 NEW 한일 초미풍 14인치 리모컨 선풍기 | 우리 47,900 → 네이버 비추(42,200)
✓ [11st] 달큼푸드 고온스팀으로 찐 고소한 병아리콩 45g 10봉 | 우리 13,920 → 네이버 비추(10,950)
✓ [11st] 명태잡는날 백명란젓 400g | 우리 11,900 → 네이버 추천(21,590)
✓ [11st] 셀렉스 프로틴 고소한 맛 캔, 304g+증정 | 우리 33,900 → 네이버 비추(22,500)
✓ [11st] 한상궁김치 겉절이 2kg | 우리 10,040 → 네이버 비추(9,100)
✓ [11st] [숨] 100% 천연펄프 무형광 소프트 블랙 3겹 30m 30롤 2팩 | 우리 17,770 → 네이버 비슷(17,770)
✓ [11st] 돈팡 한돈 제주식 생 목살 600g | 우리 13,520 → 네이버 비슷(13,520)
✓ [11st] [본사직영] 설화수 순행클렌징폼 400ml | 우리 60,300 → 네이버 비추(24,270)
✓ [11st] 5분조리 간편식 홍대쭈꾸미 300g 6팩 수제양념 쭈꾸미볶음 냉동 택 | 우리 32,900 → 네이버 비슷(32,900)
✓ [11st] 26년 신제품 한일 14인치 초미풍 리모컨 선풍기 EFe-A140R | 우리 47,900 → 네이버 비슷(47,900)
✓ [11st] 하림 치킨너겟2 1kg + 용가리치킨 1kg | 우리 21,900 → 네이버 비추(19,900)
✓ [coupang] 김치의 정석 100%국내산 전라도 맛김치, 5kg, 1개 | 우리 15,890 → 네이버 추천(22,900)
✓ [coupang] 조선문방구 명품 삼겹살 지우개, 혼합색상, 32개 | 우리 11,190 → 네이버 비슷(11,190)
✓ [coupang] 2+1 출시하자마자 1위 퓨어그램 모공이별 딥클렌징폼 제주 그린티 저 | 우리 13,550 → 네이버 추천(14,900)

판정 20/130 (15%) · DB기록 130건
✓ [gmarket] 크라운 마이쮸 딸기리치 720g+포도사과 720g+토마토 284g | 우리 16,920 → 네이버 비슷(16,920)
✓ [gmarket] 바이오코어 100억 유산균 30캡슐 3박스 | 우리 25,900 → 네이버 추천(30,100)
✓ [gmarket] (얼리썸머특가)(5초쿨링미스트/붓기완화/5중세라마이드 속보습) 메디톡 | 우리 17,900 → 네이버 비슷(17,760)
✓ [gmarket] 베베숲 프라임 아기물티슈 70매 캡 20팩 프리미엄 아기 물티슈/고평 | 우리 19,900 → 네이버 추천(23,890)
✓ [gmarket] 이맛쌀 20kg | 우리 58,070 → 네이버 추천(60,980)
✓ [gmarket] 아스토니쉬 화제의 만능클리너 제로 750ml 1+1 욕실청소 청소세제 | 우리 20,950 → 네이버 비추(12,800)
✓ [11st] 오아로 트리벨리 파프리카 1.2kg | 우리 9,380 → 네이버 비슷(9,500)
✓ [11st] 테일러 푸룬주스 1.89L x 2병+건자두 등 | 우리 26,060 → 네이버 비슷(26,100)
✓ [11st] 한상궁김치 겉절이 2kg | 우리 10,040 → 네이버 비추(9,100)
✓ [11st] 5분조리 간편식 홍대쭈꾸미 300g 6팩 수제양념 쭈꾸미볶음 냉동 택 | 우리 32,900 → 네이버 비슷(32,900)
✓ [11st] [숨] 100% 천연펄프 무형광 소프트 블랙 3겹 30m 30롤 2팩 | 우리 17,770 → 네이버 비슷(17,770)
✓ [11st] 돈팡 한돈 제주식 생 목살 600g | 우리 13,520 → 네이버 비슷(13,520)
✓ [11st] [대용량 더블팩] 항진육포 오리지날 500g x 2봉 | 우리 56,610 → 네이버 비슷(56,610)
✓ [11st] 이스트밸리 자연치즈 트리플 슈레드 피자치즈 1kg | 우리 13,920 → 네이버 비슷(13,920)
✓ [coupang] 김치의 정석 100%국내산 전라도 맛김치, 5kg, 1개 | 우리 15,890 → 네이버 추천(22,900)
✓ [coupang] 조선문방구 명품 삼겹살 지우개, 혼합색상, 32개 | 우리 11,190 → 네이버 비슷(11,190)
✓ [coupang] 2+1 출시하자마자 1위 퓨어그램 모공이별 딥클렌징폼 제주 그린티 저 | 우리 13,550 → 네이버 추천(14,900)

판정 17/131 (13%) · DB기록 131건
✓ [gmarket] 크라운 마이쮸 딸기리치 720g+포도사과 720g+토마토 284g | 우리 16,920 → 네이버 비슷(16,920)
✓ [gmarket] 바이오코어 100억 유산균 30캡슐 3박스 | 우리 25,900 → 네이버 추천(30,100)
✓ [gmarket] (얼리썸머특가)(5초쿨링미스트/붓기완화/5중세라마이드 속보습) 메디톡 | 우리 17,900 → 네이버 비슷(17,760)
✓ [gmarket] 베베숲 프라임 아기물티슈 70매 캡 20팩 프리미엄 아기 물티슈/고평 | 우리 19,900 → 네이버 추천(23,890)
✓ [gmarket] 이맛쌀 20kg | 우리 58,070 → 네이버 추천(60,980)
✓ [gmarket] 아스토니쉬 화제의 만능클리너 제로 750ml 1+1 욕실청소 청소세제 | 우리 20,950 → 네이버 비추(12,800)
✓ [11st] 오아로 트리벨리 파프리카 1.2kg | 우리 9,380 → 네이버 비슷(9,500)
✓ [11st] 테일러 푸룬주스 1.89L x 2병+건자두 등 | 우리 26,060 → 네이버 비슷(26,100)
✓ [11st] 한상궁김치 겉절이 2kg | 우리 10,040 → 네이버 비추(9,100)
✓ [11st] 5분조리 간편식 홍대쭈꾸미 300g 6팩 수제양념 쭈꾸미볶음 냉동 택 | 우리 32,900 → 네이버 비슷(32,900)
✓ [11st] [숨] 100% 천연펄프 무형광 소프트 블랙 3겹 30m 30롤 2팩 | 우리 17,770 → 네이버 비슷(17,770)
✓ [11st] 이스트밸리 자연치즈 트리플 슈레드 피자치즈 1kg | 우리 13,920 → 네이버 비슷(13,920)
✓ [11st] [대용량 더블팩] 항진육포 오리지날 500g x 2봉 | 우리 56,610 → 네이버 비슷(56,610)
✓ [11st] 돈팡 한돈 제주식 생 목살 600g | 우리 13,520 → 네이버 비슷(13,520)
✓ [coupang] 김치의 정석 100%국내산 전라도 맛김치, 5kg, 1개 | 우리 15,890 → 네이버 추천(22,900)
✓ [coupang] 조선문방구 명품 삼겹살 지우개, 혼합색상, 32개 | 우리 11,140 → 네이버 비슷(11,190)

판정 16/132 (12%) · DB기록 132건
✓ [gmarket] 크라운 마이쮸 딸기리치 720g+포도사과 720g+토마토 284g | 우리 16,920 → 네이버 비슷(16,920)
✓ [gmarket] 바이오코어 100억 유산균 30캡슐 3박스 | 우리 25,900 → 네이버 추천(30,100)
✓ [gmarket] 베베숲 프라임 아기물티슈 70매 캡 20팩 프리미엄 아기 물티슈/고평 | 우리 23,900 → 네이버 비슷(23,890)
✓ [gmarket] 햇반 백미 윤기가득쌀밥 210g 36개 | 우리 38,600 → 네이버 비추(32,110)
✓ [gmarket] 아스토니쉬 화제의 만능클리너 제로 750ml 1+1 욕실청소 청소세제 | 우리 20,950 → 네이버 비추(12,800)
✓ [gmarket] 달콤한 토망고 2kg (500g x4팩) 스테비아 대추방울토마토 | 우리 9,930 → 네이버 비슷(9,920)
✓ [gmarket] 농가살리기 푸짐한 맛 배터지는 고기듬뿍 감자탕 5kg(8~10인분) | 우리 19,120 → 네이버 비추(16,890)
✓ [11st] 전남 고흥 해풍맞은 복숭아 황도/백도 랜덤 1.25kg | 우리 8,840 → 네이버 비추(8,570)
✓ [11st] 삼성 비스포크 키친핏 냉장고 김치냉장고 세트 RM70F63R2A+RQ | 우리 3,782,000 → 네이버 비추(3,605,240)
✓ [11st] 크리스피치킨텐더 1kg 2봉 | 우리 18,900 → 네이버 추천(21,340)
✓ [11st] 환타 제로 파인 350ml+제로 오렌지 350ml+제로 포도 350m | 우리 13,900 → 네이버 추천(14,900)
✓ [11st] 한상궁김치 겉절이 2kg | 우리 10,040 → 네이버 비추(9,100)
✓ [11st] 5분조리 간편식 홍대쭈꾸미 300g 6팩 수제양념 쭈꾸미볶음 냉동 택 | 우리 32,900 → 네이버 비슷(32,900)
✓ [11st] [숨] 100% 천연펄프 무형광 소프트 블랙 3겹 30m 30롤 2팩 | 우리 17,770 → 네이버 비슷(17,770)
✓ [11st] 돈팡 한돈 제주식 생 목살 600g | 우리 13,520 → 네이버 비슷(13,520)
✓ [coupang] 김치의 정석 100%국내산 전라도 맛김치, 5kg, 1개 | 우리 15,890 → 네이버 추천(22,900)
✓ [coupang] 조선문방구 명품 삼겹살 지우개, 혼합색상, 32개 | 우리 11,140 → 네이버 비슷(11,190)
✓ [coupang] 2+1 출시하자마자 1위 퓨어그램 모공이별 딥클렌징폼 제주 그린티 저 | 우리 13,550 → 네이버 추천(14,900)

판정 18/123 (15%) · DB기록 123건
✓ [gmarket] 바이오코어 100억 유산균 30캡슐 3박스 | 우리 25,900 → 네이버 추천(30,100)
✓ [gmarket] 크라운 마이쮸 딸기리치 720g+포도사과 720g+토마토 284g | 우리 16,920 → 네이버 비슷(16,920)
✓ [gmarket] 베베숲 프라임 아기물티슈 70매 캡 20팩 프리미엄 아기 물티슈/고평 | 우리 23,900 → 네이버 비슷(23,890)
✓ [gmarket] 스프라이트 킨사이다 185ml x 60캔 | 우리 17,710 → 네이버 비슷(17,690)
✓ [gmarket] 아스토니쉬 화제의 만능클리너 제로 750ml 1+1 욕실청소 청소세제 | 우리 20,950 → 네이버 비추(12,800)
✓ [gmarket] 햇반 백미 윤기가득쌀밥 210g 36개 | 우리 38,600 → 네이버 비추(32,110)
✓ [gmarket] 달콤한 토망고 2kg (500g x4팩) 스테비아 대추방울토마토 | 우리 9,930 → 네이버 비슷(9,920)
✓ [gmarket] 농가살리기 푸짐한 맛 배터지는 고기듬뿍 감자탕 5kg(8~10인분) | 우리 19,120 → 네이버 비추(16,890)
✓ [11st] 이롬 황성주 국산콩 두유 190ml x 16개 | 우리 9,900 → 네이버 추천(10,600)
✓ [11st] 삼성 비스포크 키친핏 냉장고 김치냉장고 세트 RM70F63R2A+RQ | 우리 3,782,000 → 네이버 비추(3,605,240)
✓ [11st] 전남 고흥 해풍맞은 복숭아 황도/백도 랜덤 1.25kg | 우리 8,840 → 네이버 비추(8,570)
✓ [11st] 크리스피치킨텐더 1kg 2봉 | 우리 18,900 → 네이버 추천(21,340)
✓ [11st] 이스트밸리 자연치즈 트리플 슈레드 피자치즈 1kg | 우리 14,790 → 네이버 비추(13,920)
✓ [11st] [오아로] 트리벨리 파프리카 1.2kg | 우리 9,380 → 네이버 비슷(9,500)
✓ [11st] [대용량] 항진육포 오리지날 500g 가성비 육포 | 우리 29,840 → 네이버 비슷(29,840)
✓ [11st] 청정원 토마토 파스타소스 600g, 3개 + 스파게티면 500g, 1 | 우리 13,900 → 네이버 추천(17,760)
✓ [11st] [대용량 더블팩] 항진육포 오리지날 500g x 2봉 | 우리 56,610 → 네이버 비슷(56,610)
✓ [coupang] 김치의 정석 100%국내산 전라도 맛김치, 5kg, 1개 | 우리 15,890 → 네이버 추천(22,900)
✓ [coupang] 조선문방구 명품 삼겹살 지우개, 혼합색상, 32개 | 우리 11,140 → 네이버 비슷(11,190)
✓ [coupang] 2+1 출시하자마자 1위 퓨어그램 모공이별 딥클렌징폼 제주 그린티 저 | 우리 13,550 → 네이버 추천(14,900)

판정 20/123 (16%) · DB기록 123건
✓ [gmarket] 바이오코어 100억 유산균 30캡슐 3박스 | 우리 25,900 → 네이버 추천(30,100)
✓ [gmarket] 크라운 마이쮸 딸기리치 720g+포도사과 720g+토마토 284g | 우리 16,920 → 네이버 비슷(16,920)
✓ [gmarket] 베베숲 프라임 아기물티슈 70매 캡 20팩 프리미엄 아기 물티슈/고평 | 우리 23,900 → 네이버 비슷(23,890)
✓ [gmarket] 아스토니쉬 화제의 만능클리너 제로 750ml 1+1 욕실청소 청소세제 | 우리 20,950 → 네이버 비추(12,800)
✓ [gmarket] 햇반 백미 윤기가득쌀밥 210g 36개 | 우리 38,600 → 네이버 비추(32,110)
✓ [gmarket] 달콤한 토망고 2kg (500g x4팩) 스테비아 대추방울토마토 | 우리 9,930 → 네이버 비슷(9,920)
✓ [gmarket] 농가살리기 푸짐한 맛 배터지는 고기듬뿍 감자탕 5kg(8~10인분) | 우리 19,120 → 네이버 비추(16,890)
✓ [11st] 삼성 비스포크 키친핏 냉장고 김치냉장고 세트 RM70F63R2A+RQ | 우리 3,782,000 → 네이버 비추(3,605,240)
✓ [11st] 전남 고흥 해풍맞은 복숭아 황도/백도 랜덤 1.25kg | 우리 8,840 → 네이버 비추(8,570)
✓ [11st] 크리스피치킨텐더 1kg 2봉 | 우리 18,900 → 네이버 비슷(18,900)
✓ [11st] 부드럽고 촉촉한 한성 몬스터크랩 72g x 20개 | 우리 15,800 → 네이버 비추(14,240)
✓ [11st] 이스트밸리 자연치즈 트리플 슈레드 피자치즈 1kg | 우리 14,790 → 네이버 비추(13,920)
✓ [11st] [대용량 더블팩] 항진육포 오리지날 500g x 2봉 | 우리 56,610 → 네이버 비슷(56,610)
✓ [11st] 청정원 로제파스타소스 600g, 3개 + 스파게티면 500g, 1개 | 우리 13,900 → 네이버 비슷(13,900)
✓ [11st] [오아로] 트리벨리 파프리카 1.2kg | 우리 9,380 → 네이버 비슷(9,500)
✓ [11st] 부드럽고 촉촉한 한성 크래미H 90g x 20개 | 우리 16,990 → 네이버 추천(18,720)
✓ [11st] [대용량] 항진육포 원육포 클래식 소고기 자투리 육포 500g | 우리 30,260 → 네이버 비슷(30,260)
✓ [11st] 청정원 토마토 파스타소스 600g, 3개 + 스파게티면 500g, 1 | 우리 13,900 → 네이버 비슷(13,900)
✓ [11st] 100% 유기농 바이퀸 델리오 100% NFC 착즙 유기농 ABC주스 | 우리 17,900 → 네이버 추천(23,790)
✓ [coupang] 김치의 정석 100%국내산 전라도 맛김치, 5kg, 1개 | 우리 15,890 → 네이버 추천(22,900)
✓ [coupang] 조선문방구 명품 삼겹살 지우개, 혼합색상, 32개 | 우리 11,140 → 네이버 비슷(11,140)
✓ [coupang] 2+1 출시하자마자 1위 퓨어그램 모공이별 딥클렌징폼 제주 그린티 저 | 우리 13,550 → 네이버 추천(14,900)

판정 22/123 (18%) · DB기록 123건
✓ [gmarket] 바이오코어 100억 유산균 30캡슐 3박스 | 우리 25,900 → 네이버 비추(12,350)
✓ [gmarket] 크라운 마이쮸 딸기리치 720g+포도사과 720g+토마토 284g | 우리 16,920 → 네이버 비슷(16,920)
✓ [gmarket] 베베숲 프라임 아기물티슈 70매 캡 20팩 프리미엄 아기 물티슈/고평 | 우리 23,900 → 네이버 비슷(23,890)
✓ [gmarket] 아스토니쉬 화제의 만능클리너 제로 750ml 1+1 욕실청소 청소세제 | 우리 20,950 → 네이버 비추(12,800)
✓ [gmarket] 햇반 백미 윤기가득쌀밥 210g 36개 | 우리 38,600 → 네이버 비추(32,110)
✓ [gmarket] 달콤한 토망고 2kg (500g x4팩) 스테비아 대추방울토마토 | 우리 9,930 → 네이버 비슷(9,920)
✓ [11st] 삼성 비스포크 키친핏 냉장고 김치냉장고 세트 RM70F63R2A+RQ | 우리 3,782,000 → 네이버 비추(3,605,240)
✓ [11st] 전남 고흥 해풍맞은 복숭아 황도/백도 랜덤 1.25kg | 우리 8,840 → 네이버 비추(8,570)
✓ [11st] 크리스피치킨텐더 1kg 2봉 | 우리 18,900 → 네이버 추천(23,670)
✓ [11st] 부드럽고 촉촉한 한성 몬스터크랩 72g x 20개 | 우리 15,800 → 네이버 비추(14,240)
✓ [11st] 이스트밸리 자연치즈 트리플 슈레드 피자치즈 1kg | 우리 14,790 → 네이버 비추(13,920)
✓ [11st] [대용량 더블팩] 항진육포 오리지날 500g x 2봉 | 우리 56,610 → 네이버 비슷(56,610)
✓ [11st] 청정원 로제파스타소스 600g, 3개 + 스파게티면 500g, 1개 | 우리 13,900 → 네이버 비슷(13,900)
✓ [11st] 부드럽고 촉촉한 한성 크래미H 90g x 20개 | 우리 16,990 → 네이버 추천(18,720)
✓ [11st] [오아로] 트리벨리 파프리카 1.2kg | 우리 9,380 → 네이버 비슷(9,500)
✓ [11st] 청정원 토마토 파스타소스 600g, 3개 + 스파게티면 500g, 1 | 우리 13,900 → 네이버 비슷(13,900)
✓ [11st] [대용량] 항진육포 원육포 클래식 소고기 자투리 육포 500g | 우리 30,260 → 네이버 비슷(30,260)
✓ [coupang] 김치의 정석 100%국내산 전라도 맛김치, 5kg, 1개 | 우리 15,890 → 네이버 추천(22,900)
✓ [coupang] 조선문방구 명품 삼겹살 지우개, 혼합색상, 32개 | 우리 11,140 → 네이버 비슷(11,140)
✓ [coupang] 2+1 출시하자마자 1위 퓨어그램 모공이별 딥클렌징폼 제주 그린티 저 | 우리 13,550 → 네이버 추천(14,900)

판정 20/122 (16%) · DB기록 122건
✓ [gmarket] 바이오코어 100억 유산균 30캡슐 3박스 | 우리 25,900 → 네이버 추천(30,100)
✓ [gmarket] 크라운 마이쮸 딸기리치 720g+포도사과 720g+토마토 284g | 우리 16,920 → 네이버 비슷(16,920)
✓ [gmarket] 베베숲 프라임 아기물티슈 70매 캡 20팩 프리미엄 아기 물티슈/고평 | 우리 23,900 → 네이버 비슷(23,890)
✓ [gmarket] 아스토니쉬 화제의 만능클리너 제로 750ml 1+1 욕실청소 청소세제 | 우리 20,950 → 네이버 비추(12,800)
✓ [gmarket] 달콤한 토망고 2kg (500g x4팩) 스테비아 대추방울토마토 | 우리 9,930 → 네이버 비슷(9,920)
✓ [gmarket] 햇반 백미 윤기가득쌀밥 210g 36개 | 우리 38,600 → 네이버 비추(32,110)
✓ [11st] 전남 고흥 해풍맞은 복숭아 황도/백도 랜덤 1.25kg | 우리 8,840 → 네이버 비추(8,570)
✓ [11st] 삼성 비스포크 키친핏 냉장고 김치냉장고 세트 RM70F63R2A+RQ | 우리 3,782,000 → 네이버 비추(3,605,240)
✓ [11st] 크리스피치킨텐더 1kg 2봉 | 우리 18,900 → 네이버 추천(23,670)
✓ [11st] 부드럽고 촉촉한 한성 몬스터크랩 72g x 20개 | 우리 15,800 → 네이버 비추(14,240)
✓ [11st] 청정원 로제파스타소스 600g, 3개 + 스파게티면 500g, 1개 | 우리 13,900 → 네이버 비슷(13,900)
✓ [11st] 이스트밸리 자연치즈 트리플 슈레드 피자치즈 1kg | 우리 13,920 → 네이버 비슷(13,920)
✓ [11st] [대용량 더블팩] 항진육포 오리지날 500g x 2봉 | 우리 56,610 → 네이버 비슷(56,610)
✓ [11st] 부드럽고 촉촉한 한성 크래미H 90g x 20개 | 우리 16,990 → 네이버 추천(18,720)
✓ [11st] 100% 유기농 바이퀸 델리오 100% NFC 착즙 유기농 ABC주스 | 우리 17,900 → 네이버 추천(23,790)
✓ [11st] [에치와이] 헬리코박터 프로젝트 윌 오리지널 에코 180ml, 10개 | 우리 15,920 → 네이버 비슷(15,920)
✓ [coupang] 나누담 깍둑 썰어 보관하는 수박 보관통 밀폐용기, 2L, 2개 | 우리 10,500 → 네이버 비추(9,900)
✓ [coupang] 원더푸드 짜먹는 고양이 간식 60p, 혼합맛(닭가슴살/연어/참치),  | 우리 9,900 → 네이버 비슷(9,900)

판정 18/121 (15%) · DB기록 121건
✓ [gmarket] (신선집중) 광천김 올리브유 녹차 도시락김 5g 72봉 (대용량 1b | 우리 18,920 → 네이버 비추(17,910)
✓ [gmarket] 스프라이트 킨 사이다 185ml 30캔+과일촌 배 드링크 175ml  | 우리 13,430 → 네이버 비슷(13,410)
✓ [gmarket] 베베숲 프라임 아기물티슈 70매 캡 20팩 프리미엄 아기 물티슈/고평 | 우리 22,900 → 네이버 추천(23,890)
✓ [gmarket] 스프라이트 킨사이다 185ml x 60캔 | 우리 17,710 → 네이버 비슷(17,690)
✓ [gmarket] 아스토니쉬 화제의 만능클리너 제로 750ml 1+1 욕실청소 청소세제 | 우리 20,950 → 네이버 비추(12,800)
✓ [gmarket] 달콤한 토망고 2kg (500g x4팩) 스테비아 대추방울토마토 | 우리 9,930 → 네이버 비슷(9,920)
✓ [gmarket] 햇반 백미 윤기가득쌀밥 210g 36개 | 우리 38,600 → 네이버 비추(32,110)
✓ [gmarket] 농가살리기 푸짐한 맛 배터지는 고기듬뿍 감자탕 5kg(8~10인분) | 우리 19,120 → 네이버 비추(16,890)
✓ [11st] 이롬 황성주 국산콩 두유 190ml x 16개 | 우리 9,900 → 네이버 추천(10,600)
✓ [11st] 전남 고흥 해풍맞은 복숭아 황도/백도 랜덤 1.25kg | 우리 8,840 → 네이버 비슷(8,840)
✓ [11st] 삼성 비스포크 키친핏 냉장고 김치냉장고 세트 RM70F63R2A+RQ | 우리 3,782,000 → 네이버 비추(3,605,240)
✓ [11st] 크리스피치킨텐더 1kg 2봉 | 우리 18,900 → 네이버 추천(20,440)
✓ [11st] 이스트밸리 자연치즈 트리플 슈레드 피자치즈 1kg | 우리 13,920 → 네이버 비슷(13,920)
✓ [11st] 청정원 로제파스타소스 600g, 3개 + 스파게티면 500g, 1개 | 우리 13,900 → 네이버 비슷(13,900)
✓ [11st] [대용량 더블팩] 항진육포 오리지날 500g x 2봉 | 우리 56,610 → 네이버 비슷(56,610)
✓ [11st] 100% 유기농 바이퀸 델리오 100% NFC 착즙 유기농 ABC주스 | 우리 17,900 → 네이버 추천(23,790)
✓ [coupang] 나누담 깍둑 썰어 보관하는 수박 보관통 밀폐용기, 2L, 2개 | 우리 10,500 → 네이버 비슷(10,500)
✓ [coupang] 원더푸드 짜먹는 고양이 간식 60p, 혼합맛(닭가슴살/연어/참치),  | 우리 9,900 → 네이버 비슷(9,900)

판정 18/121 (15%) · DB기록 121건
✓ [gmarket] (신선집중) 광천김 올리브유 녹차 도시락김 5g 72봉 (대용량 1b | 우리 18,910 → 네이버 비추(17,910)
✓ [gmarket] 스프라이트 킨 사이다 185ml 30캔+과일촌 배 드링크 175ml  | 우리 13,070 → 네이버 비슷(13,070)
✓ [gmarket] 베베숲 프라임 아기물티슈 70매 캡 20팩 프리미엄 아기 물티슈/고평 | 우리 22,900 → 네이버 추천(23,890)
✓ [gmarket] 스프라이트 킨사이다 185ml x 60캔 | 우리 17,710 → 네이버 비슷(17,690)
✓ [gmarket] 달콤한 토망고 2kg (500g x4팩) 스테비아 대추방울토마토 | 우리 9,930 → 네이버 비슷(9,920)
✓ [gmarket] 햇반 백미 윤기가득쌀밥 210g 36개 | 우리 38,600 → 네이버 비추(32,110)
✓ [gmarket] 농가살리기 푸짐한 맛 배터지는 고기듬뿍 감자탕 5kg(8~10인분) | 우리 19,120 → 네이버 비추(16,890)
✓ [11st] 프롬비 터보 바디팬 FG265 | 우리 29,800 → 네이버 추천(39,800)
✓ [11st] 헬리코박터 프로젝트 윌 오리지널 에코 180ml 10개 | 우리 15,920 → 네이버 비슷(15,920)
✓ [11st] 완도 활 전복1kg 10-12미 특대전복 횟감용 구이용 살아서도착 + | 우리 17,430 → 네이버 추천(21,680)
✓ [11st] [신상품] 프롬비 터보 바디팬 FG265 레인저카키 | 우리 29,800 → 네이버 추천(39,800)
✓ [11st] 이스트밸리 자연치즈 트리플 슈레드 피자치즈 1kg | 우리 13,920 → 네이버 비슷(13,920)
✓ [11st] 청정원 로제파스타소스 600g, 3개 + 스파게티면 500g, 1개 | 우리 13,900 → 네이버 비슷(13,900)
✓ [11st] [대용량 더블팩] 항진육포 오리지날 500g x 2봉 | 우리 56,610 → 네이버 비슷(56,610)
✓ [coupang] 나누담 깍둑 썰어 보관하는 수박 보관통 밀폐용기, 2L, 2개 | 우리 10,500 → 네이버 비슷(10,500)
✓ [coupang] 원더푸드 짜먹는 고양이 간식 60p, 혼합맛(닭가슴살/연어/참치),  | 우리 9,900 → 네이버 비슷(9,900)

판정 16/119 (13%) · DB기록 119건
✓ [gmarket] 안성탕면10입 +너구리5입+짜파게티5입 (총 20봉) | 우리 12,910 → 네이버 비슷(12,910)
✓ [gmarket] 숨 순수 소프트 3겹 30m 30롤 2팩 100% 천연펄프 무형광 화 | 우리 15,490 → 네이버 추천(15,990)
✓ [gmarket] (10%결제할인)일리윤 저자극 이지워시 선크림 80ML 2입 | 우리 19,370 → 네이버 추천(20,970)
✓ [gmarket] 베베숲 프라임 아기물티슈 70매 캡 20팩 프리미엄 아기 물티슈/고평 | 우리 22,900 → 네이버 추천(23,890)
✓ [gmarket] 스프라이트 킨사이다 185ml x 60캔 | 우리 17,710 → 네이버 비슷(17,690)
✓ [gmarket] 달콤한 토망고 2kg (500g x4팩) 스테비아 대추방울토마토 | 우리 9,930 → 네이버 비슷(9,920)
✓ [gmarket] 햇반 백미 윤기가득쌀밥 210g 36개 | 우리 38,600 → 네이버 비추(32,110)
✓ [gmarket] 농가살리기 푸짐한 맛 배터지는 고기듬뿍 감자탕 5kg(8~10인분) | 우리 19,120 → 네이버 비추(16,890)
✓ [11st] 헬리코박터 프로젝트 윌 오리지널 에코 180ml 10개 | 우리 15,920 → 네이버 비슷(15,920)
✓ [11st] 프롬비 터보 바디팬 FG265 | 우리 29,800 → 네이버 추천(39,800)
✓ [11st] [신상품] 프롬비 터보 바디팬 FG265 레인저카키 | 우리 29,800 → 네이버 추천(39,800)
✓ [11st] 완도 활 전복1kg 10-12미 특대전복 횟감용 구이용 살아서도착 + | 우리 17,430 → 네이버 추천(21,680)
✓ [11st] 이스트밸리 자연치즈 트리플 슈레드 피자치즈 1kg | 우리 13,920 → 네이버 비슷(13,920)
✓ [11st] 청정원 로제파스타소스 600g, 3개 + 스파게티면 500g, 1개 | 우리 13,900 → 네이버 비슷(13,900)
✓ [11st] [에치와이] 헬리코박터 프로젝트 윌 오리지널 에코 180ml, 10개 | 우리 15,920 → 네이버 비슷(15,920)
✓ [coupang] 나누담 깍둑 썰어 보관하는 수박 보관통 밀폐용기, 2L, 2개 | 우리 10,500 → 네이버 비슷(10,500)
✓ [coupang] 원더푸드 짜먹는 고양이 간식 60p, 혼합맛(연어/참치), 720g, | 우리 9,900 → 네이버 비슷(9,900)

판정 17/121 (14%) · DB기록 121건
✓ [gmarket] (타임딜) 서울우유 저지방 멸균우유 200mlx24입+24입 (총 4 | 우리 22,600 → 네이버 비추(13,210)
✓ [gmarket] 안성탕면10입 +너구리5입+짜파게티5입 (총 20봉) | 우리 12,910 → 네이버 비슷(12,910)
✓ [gmarket] 숨 순수 소프트 3겹 30m 30롤 2팩 100% 천연펄프 무형광 화 | 우리 15,490 → 네이버 비슷(15,490)
✓ [gmarket] (10%결제할인)일리윤 저자극 이지워시 선크림 80ML 2입 | 우리 19,370 → 네이버 비슷(19,360)
✓ [gmarket] 베베숲 프라임 아기물티슈 70매 캡 20팩 프리미엄 아기 물티슈/고평 | 우리 22,900 → 네이버 추천(23,890)
✓ [gmarket] 스프라이트 킨사이다 185ml x 60캔 | 우리 17,710 → 네이버 비슷(17,690)
✓ [gmarket] 달콤한 토망고 2kg (500g x4팩) 스테비아 대추방울토마토 | 우리 9,930 → 네이버 비슷(9,920)
✓ [gmarket] 햇반 백미 윤기가득쌀밥 210g 36개 | 우리 38,600 → 네이버 비추(32,110)
✓ [11st] 덴마크 테이크 얼라이브 48개 자몽/망고/청포도/오렌지 | 우리 14,440 → 네이버 추천(15,710)
✓ [11st] 완도 활 전복1kg 10-12미 특대전복 횟감용 구이용 살아서도착 + | 우리 17,430 → 네이버 추천(21,680)
✓ [11st] 이스트밸리 자연치즈 트리플 슈레드 피자치즈 1kg | 우리 13,920 → 네이버 비슷(13,920)
✓ [11st] 청정원 로제파스타소스 600g, 3개 + 스파게티면 500g, 1개 | 우리 13,900 → 네이버 비슷(13,900)
✓ [coupang] 나누담 깍둑 썰어 보관하는 수박 보관통 밀폐용기, 2L, 2개 | 우리 10,500 → 네이버 비슷(10,500)
✓ [coupang] 원더푸드 짜먹는 고양이 간식 60p, 혼합맛(닭가슴살/연어/참치),  | 우리 9,900 → 네이버 비슷(9,900)

판정 14/117 (12%) · DB기록 117건
✓ [gmarket] (신선집중) 대패 삼겹살 2KG (1kg+1kg) | 우리 17,850 → 네이버 비추(14,900)
✓ [gmarket] 이클립스 한정판 시티 컬렉션 34g X 10개입 | 우리 16,090 → 네이버 비슷(16,100)
✓ [gmarket] 퐁퐁 친환경 주방세제 오렌지 1.2L 4개 | 우리 7,900 → 네이버 비추(6,120)
✓ [gmarket] 3장세트 기능성 쿨 드라이 무지 반팔 티셔츠 무지티 쿨티셔츠 반팔티 | 우리 9,880 → 네이버 추천(10,700)
✓ [gmarket] 2080 오리지날 칫솔 미세모 5+5개입 3세트 (총30개) | 우리 11,900 → 네이버 추천(16,250)
✓ [gmarket] 베베숲 프라임 아기물티슈 70매 캡 20팩 프리미엄 아기 물티슈/고평 | 우리 22,900 → 네이버 추천(23,890)
✓ [gmarket] 스프라이트 킨사이다 185ml x 60캔 | 우리 17,710 → 네이버 비슷(17,690)
✓ [gmarket] 달콤한 토망고 2kg (500g x4팩) 스테비아 대추방울토마토 | 우리 9,930 → 네이버 비슷(9,920)
✓ [gmarket] 햇반 백미 윤기가득쌀밥 210g 36개 | 우리 38,600 → 네이버 비추(32,110)
✓ [gmarket] 농가살리기 푸짐한 맛 배터지는 고기듬뿍 감자탕 5kg(8~10인분) | 우리 19,120 → 네이버 비추(16,890)
✓ [11st] 덴마크 테이크 얼라이브 48개 자몽/망고/청포도/오렌지 | 우리 14,440 → 네이버 추천(15,710)
✓ [11st] 완도 활 전복1kg 10-12미 특대전복 횟감용 구이용 살아서도착 + | 우리 17,430 → 네이버 추천(21,680)
✓ [11st] 덴마크 테이크 얼라이브 24+24입 (오렌지/망고/자몽/샤인) | 우리 14,440 → 네이버 비추(11,900)
✓ [11st] 이스트밸리 자연치즈 트리플 슈레드 피자치즈 1kg | 우리 13,920 → 네이버 비슷(13,920)
✓ [11st] 청정원 로제파스타소스 600g, 3개 + 스파게티면 500g, 1개 | 우리 13,900 → 네이버 비슷(13,900)
✓ [coupang] 나누담 깍둑 썰어 보관하는 수박 보관통 밀폐용기, 2L, 2개 | 우리 10,500 → 네이버 비슷(10,500)
✓ [coupang] 원더푸드 짜먹는 고양이 간식 60p, 혼합맛(닭가슴살/연어/참치),  | 우리 9,900 → 네이버 비슷(9,900)

판정 17/117 (15%) · DB기록 117건
✓ [gmarket] 고추장아찌 무침 국내산100% 500g 여수김치명가에서 제조한 새콤달 | 우리 14,000 → 네이버 비슷(13,990)
✓ [gmarket] (신선집중) 대패 삼겹살 2KG (1kg+1kg) | 우리 17,850 → 네이버 비추(14,900)
✓ [gmarket] 퐁퐁 친환경 주방세제 오렌지 1.2L 4개 | 우리 7,900 → 네이버 비추(6,120)
✓ [gmarket] 3장세트 기능성 쿨 드라이 무지 반팔 티셔츠 무지티 쿨티셔츠 반팔티 | 우리 9,880 → 네이버 추천(10,700)
✓ [gmarket] 카사베르디 유기농 레드와인 비니거 500ml 2개 + 파로착한밥 3개 | 우리 37,900 → 네이버 비추(36,450)
✓ [gmarket] 베베숲 프라임 아기물티슈 70매 캡 20팩 프리미엄 아기 물티슈/고평 | 우리 22,900 → 네이버 추천(23,890)
✓ [gmarket] 달콤한 토망고 2kg (500g x4팩) 스테비아 대추방울토마토 | 우리 9,930 → 네이버 비슷(9,920)
✓ [gmarket] 햇반 백미 윤기가득쌀밥 210g 36개 | 우리 38,600 → 네이버 비추(32,110)
✓ [gmarket] 농가살리기 푸짐한 맛 배터지는 고기듬뿍 감자탕 5kg(8~10인분) | 우리 19,120 → 네이버 비추(16,890)
✓ [11st] 이쌀이다 25년산 햅쌀 삼시세끼 오분도미 삼광 10kg | 우리 36,330 → 네이버 비추(34,850)
✓ [11st] 농심 라이필 더마콜라겐 시그니처 84정 외 | 우리 24,210 → 네이버 비슷(23,760)
✓ [11st] [1+1]랩클 비건 무기자차 톤업 선크림 50ml | 우리 13,410 → 네이버 비추(11,590)
✓ [11st] 투게더 바닐라 오리지널 900ml 3+2 | 우리 26,100 → 네이버 추천(28,190)
✓ [11st] 품질보증 아삭달큰 국내산 제주 구좌 흙당근 3kg 왕 | 우리 6,320 → 네이버 추천(7,180)
✓ [11st] 건강한 탄수화물 [이쌀이다] 25년산 햅쌀 삼시세끼 오분도미 삼광 1 | 우리 36,330 → 네이버 비추(35,100)
✓ [11st] 완도 활 전복1kg 10-12미 특대전복 횟감용 구이용 살아서도착 + | 우리 17,430 → 네이버 추천(21,680)
✓ [11st] 라이필 더마콜라겐 시그니처 에센스 84정, 1개 | 우리 24,210 → 네이버 비슷(24,210)
✓ [11st] 이스트밸리 자연치즈 트리플 슈레드 피자치즈 1kg | 우리 13,920 → 네이버 비슷(13,920)
✓ [11st] 청정원 로제파스타소스 600g, 3개 + 스파게티면 500g, 1개 | 우리 13,900 → 네이버 비슷(13,900)
✓ [coupang] 나누담 깍둑 썰어 보관하는 수박 보관통 밀폐용기, 2L, 2개 | 우리 10,500 → 네이버 비추(9,900)
✓ [coupang] 원더푸드 짜먹는 고양이 간식 60p, 혼합맛(닭가슴살/연어/참치),  | 우리 9,900 → 네이버 비슷(9,900)

판정 21/123 (17%) · DB기록 123건
✓ [gmarket] 고추장아찌 무침 국내산100% 500g 여수김치명가에서 제조한 새콤달 | 우리 14,000 → 네이버 비슷(13,990)
✓ [gmarket] (신선집중) 대패 삼겹살 2KG (1kg+1kg) | 우리 17,850 → 네이버 비추(14,900)
✓ [gmarket] 퐁퐁 친환경 주방세제 오렌지 1.2L 4개 | 우리 7,900 → 네이버 비추(6,120)
✓ [gmarket] 3장세트 기능성 쿨 드라이 무지 반팔 티셔츠 무지티 쿨티셔츠 반팔티 | 우리 9,880 → 네이버 비슷(9,880)
✓ [gmarket] 카사베르디 유기농 레드와인 비니거 500ml 2개 + 파로착한밥 3개 | 우리 37,900 → 네이버 비추(36,450)
✓ [gmarket] 베베숲 프라임 아기물티슈 70매 캡 20팩 프리미엄 아기 물티슈/고평 | 우리 22,900 → 네이버 추천(23,900)
✓ [gmarket] 달콤한 토망고 2kg (500g x4팩) 스테비아 대추방울토마토 | 우리 9,930 → 네이버 비슷(9,920)
✓ [gmarket] 햇반 백미 윤기가득쌀밥 210g 36개 | 우리 38,600 → 네이버 비추(32,110)
✓ [gmarket] 농가살리기 푸짐한 맛 배터지는 고기듬뿍 감자탕 5kg(8~10인분) | 우리 19,120 → 네이버 비추(16,890)
✓ [11st] 이쌀이다 25년산 햅쌀 삼시세끼 오분도미 삼광 10kg | 우리 36,330 → 네이버 비추(34,850)
✓ [11st] 농심 라이필 더마콜라겐 시그니처 84정 외 | 우리 24,210 → 네이버 비슷(23,760)
✓ [11st] [1+1]랩클 비건 무기자차 톤업 선크림 50ml | 우리 13,410 → 네이버 비추(9,810)
✓ [11st] 투게더 바닐라 오리지널 900ml 3+2 | 우리 26,100 → 네이버 추천(28,190)
✓ [11st] 품질보증 아삭달큰 국내산 제주 구좌 흙당근 3kg 왕 | 우리 6,320 → 네이버 추천(7,180)
✓ [11st] 라이필 더마콜라겐 시그니처 에센스 84정, 1개 | 우리 24,210 → 네이버 비슷(24,210)
✓ [11st] 건강한 탄수화물 [이쌀이다] 25년산 햅쌀 삼시세끼 오분도미 삼광 1 | 우리 36,330 → 네이버 비추(35,100)
✓ [11st] 완도 활 전복1kg 10-12미 특대전복 횟감용 구이용 살아서도착 + | 우리 17,430 → 네이버 추천(21,680)
✓ [11st] 이스트밸리 자연치즈 트리플 슈레드 피자치즈 1kg | 우리 13,920 → 네이버 비슷(13,920)
✓ [11st] 청정원 로제파스타소스 600g, 3개 + 스파게티면 500g, 1개 | 우리 13,900 → 네이버 비슷(13,900)
✓ [coupang] 나누담 깍둑 썰어 보관하는 수박 보관통 밀폐용기, 2L, 2개 | 우리 10,500 → 네이버 비추(9,900)
✓ [coupang] 원더푸드 짜먹는 고양이 간식 60p, 혼합맛(닭가슴살/연어/참치),  | 우리 9,900 → 네이버 비슷(9,900)

판정 21/123 (17%) · DB기록 123건
✓ [gmarket] (신선집중) 대패 삼겹살 2KG (1kg+1kg) | 우리 17,850 → 네이버 비추(14,900)
✓ [gmarket] 퐁퐁 친환경 주방세제 오렌지 1.2L 4개 | 우리 7,900 → 네이버 비추(6,120)
✓ [gmarket] 3장세트 기능성 쿨 드라이 무지 반팔 티셔츠 무지티 쿨티셔츠 반팔티 | 우리 9,880 → 네이버 비슷(9,880)
✓ [gmarket] 카사베르디 유기농 레드와인 비니거 500ml 2개 + 파로착한밥 3개 | 우리 37,900 → 네이버 비추(36,450)
✓ [gmarket] (얼리썸머특가)(5초쿨링미스트/붓기완화/5중세라마이드 속보습) 메디톡 | 우리 17,900 → 네이버 비슷(17,760)
✓ [gmarket] 쇼츠딜특가) 슈어메디 리포좀 글루타치온 시그니처 9S 28매 2박스  | 우리 9,470 → 네이버 추천(15,360)
✓ [gmarket] 달콤한 토망고 2kg (500g x4팩) 스테비아 대추방울토마토 | 우리 9,930 → 네이버 비슷(9,920)
✓ [gmarket] 햇반 백미 윤기가득쌀밥 210g 36개 | 우리 38,600 → 네이버 비추(32,110)
✓ [gmarket] 농가살리기 푸짐한 맛 배터지는 고기듬뿍 감자탕 5kg(8~10인분) | 우리 19,120 → 네이버 비추(16,890)
✓ [11st] 더주 휴게소 철판구이 몸통 오징어 200g 7-14미 | 우리 11,030 → 네이버 추천(11,500)
✓ [11st] 동전자석파스 피프 에레키반 MAX 2000, 마그네루프 | 우리 15,900 → 네이버 추천(33,900)
✓ [11st] 경북고령 고당도 멜론 하미과 메론 로얄과 2kg 2~3과 | 우리 15,890 → 네이버 추천(19,710)
✓ [11st] 삼성전자 S24F330 60.4cm(24인치) 베젤리스 100Hz 컴 | 우리 130,920 → 네이버 비추(127,000)
✓ [11st] 쿠쿠 에어프라이어 오븐 7L CAF-D0710TW, 1개 | 우리 79,000 → 네이버 추천(98,100)
✓ [11st] 핏테라 1초 뚝딱의자 2개 1세트 접이식 휴대용 일체형 등산 캠핑의자 | 우리 13,800 → 네이버 추천(26,900)
✓ [11st] 쿠쿠 휴대용 미니 1구 인덕션 CIR-C102FB, 1개 | 우리 69,000 → 네이버 비슷(69,500)
✓ [11st] 티트리 스킨 클리어링 훼이셜 워시 250ML (33429) | 우리 26,000 → 네이버 비추(16,900)
✓ [11st] [1+1] 핑크 그레이프후룻 바디요거트 200ML (37049) | 우리 26,000 → 네이버 비추(19,800)
✓ [11st] 티트리 스킨 클리어링 훼이셜 워시 250ML (33429) | 우리 26,000 → 네이버 비추(16,900)
✓ [coupang] 나누담 깍둑 썰어 보관하는 수박 보관통 밀폐용기, 2L, 2개 | 우리 10,500 → 네이버 비추(9,900)
✓ [coupang] 원더푸드 짜먹는 고양이 간식 60p, 혼합맛(닭가슴살/연어/참치),  | 우리 9,900 → 네이버 비슷(9,900)

판정 21/123 (17%) · DB기록 123건
✓ [gmarket] (신선집중) 대패 삼겹살 2KG (1kg+1kg) | 우리 17,850 → 네이버 비추(14,900)
✓ [gmarket] 3장세트 기능성 쿨 드라이 무지 반팔 티셔츠 무지티 쿨티셔츠 반팔티 | 우리 9,880 → 네이버 비슷(9,880)
✓ [gmarket] 퐁퐁 친환경 주방세제 오렌지 1.2L 4개 | 우리 7,900 → 네이버 비추(6,120)
✓ [gmarket] 카사베르디 유기농 레드와인 비니거 500ml 2개 + 파로착한밥 3개 | 우리 37,900 → 네이버 비추(36,450)
✓ [gmarket] (얼리썸머특가)(5초쿨링미스트/붓기완화/5중세라마이드 속보습) 메디톡 | 우리 17,900 → 네이버 비슷(17,760)
✓ [gmarket] 쇼츠딜특가) 슈어메디 리포좀 글루타치온 시그니처 9S 28매 2박스  | 우리 9,470 → 네이버 추천(15,360)
✓ [gmarket] 달콤한 토망고 2kg (500g x4팩) 스테비아 대추방울토마토 | 우리 9,930 → 네이버 비슷(9,920)
✓ [gmarket] 햇반 백미 윤기가득쌀밥 210g 36개 | 우리 38,600 → 네이버 비추(32,110)
✓ [gmarket] 농가살리기 푸짐한 맛 배터지는 고기듬뿍 감자탕 5kg(8~10인분) | 우리 19,120 → 네이버 비추(16,890)
✓ [11st] 더주 휴게소 철판구이 몸통 오징어 200g 7-14미 | 우리 11,030 → 네이버 추천(11,500)
✓ [11st] 삼성전자 S24F330 60.4cm(24인치) 베젤리스 100Hz 컴 | 우리 130,920 → 네이버 비추(127,000)
✓ [11st] 동전자석파스 피프 에레키반 MAX 2000, 마그네루프 | 우리 15,900 → 네이버 추천(33,900)
✓ [11st] 경북고령 고당도 멜론 하미과 메론 로얄과 2kg 2~3과 | 우리 15,890 → 네이버 추천(19,710)
✓ [11st] [1+1] 핑크 그레이프후룻 바디요거트 200ML (37049) | 우리 26,000 → 네이버 비추(19,800)
✓ [11st] 진저 스캘프 케어 샴푸 400ML (42551) | 우리 18,360 → 네이버 비추(16,500)
✓ [11st] 모링가 바디 미스트 100ML (42380) | 우리 16,320 → 네이버 비추(12,780)
✓ [11st] [1+1] 티트리 스킨 클리어링 훼이셜 워시 250ML (33429) | 우리 26,000 → 네이버 비추(16,900)
✓ [11st] 핑크 그레이프후룻 샤워 젤 750ML 듀오 세트 (886601) | 우리 54,320 → 네이버 비추(52,000)
✓ [coupang] 나누담 깍둑 썰어 보관하는 수박 보관통 밀폐용기, 2L, 2개 | 우리 10,500 → 네이버 비추(9,900)
✓ [coupang] 원더푸드 짜먹는 고양이 간식 60p, 혼합맛(닭가슴살/연어/참치),  | 우리 9,900 → 네이버 비슷(9,900)

판정 20/122 (16%) · DB기록 122건
✓ [gmarket] (신선집중) 대패 삼겹살 2KG (1kg+1kg) | 우리 17,850 → 네이버 비추(14,900)
✓ [gmarket] 3장세트 기능성 쿨 드라이 무지 반팔 티셔츠 무지티 쿨티셔츠 반팔티 | 우리 9,880 → 네이버 비슷(9,880)
✓ [gmarket] 퐁퐁 친환경 주방세제 오렌지 1.2L 4개 | 우리 7,900 → 네이버 비추(6,120)
✓ [gmarket] 카사베르디 유기농 레드와인 비니거 500ml 2개 + 파로착한밥 3개 | 우리 37,900 → 네이버 비추(36,450)
✓ [gmarket] (얼리썸머특가)(5초쿨링미스트/붓기완화/5중세라마이드 속보습) 메디톡 | 우리 17,900 → 네이버 비슷(17,760)
✓ [gmarket] 쇼츠딜특가) 슈어메디 리포좀 글루타치온 시그니처 9S 28매 2박스  | 우리 9,470 → 네이버 추천(15,360)
✓ [gmarket] 달콤한 토망고 2kg (500g x4팩) 스테비아 대추방울토마토 | 우리 9,930 → 네이버 비슷(9,920)
✓ [gmarket] 햇반 백미 윤기가득쌀밥 210g 36개 | 우리 38,600 → 네이버 비추(32,110)
✓ [gmarket] 농가살리기 푸짐한 맛 배터지는 고기듬뿍 감자탕 5kg(8~10인분) | 우리 19,120 → 네이버 비추(16,890)
✓ [11st] 더주 휴게소 철판구이 몸통 오징어 200g 7-14미 | 우리 11,030 → 네이버 추천(11,500)
✓ [11st] 삼성전자 S24F330 60.4cm(24인치) 베젤리스 100Hz 컴 | 우리 130,920 → 네이버 비추(127,000)
✓ [11st] 동전자석파스 피프 에레키반 MAX 2000, 마그네루프 | 우리 15,900 → 네이버 추천(33,900)
✓ [11st] 경북고령 고당도 멜론 하미과 메론 로얄과 2kg 2~3과 | 우리 15,890 → 네이버 추천(19,710)
✓ [11st] [1+1] 핑크 그레이프후룻 바디요거트 200ML (37049) | 우리 26,000 → 네이버 비추(19,800)
✓ [11st] 한정수량 스테비아 방토 특가 [품질보장]스테비아 토마토 허니마토 방울 | 우리 12,930 → 네이버 비추(8,280)
✓ [11st] 진저 스캘프 케어 샴푸 400ML (42551) | 우리 18,360 → 네이버 비추(16,500)
✓ [11st] 스트로베리 바디 요거트 200ML (37045) | 우리 17,680 → 네이버 추천(20,800)
✓ [11st] 모링가 바디 미스트 100ML (42380) | 우리 16,320 → 네이버 비추(12,780)
✓ [coupang] 나누담 깍둑 썰어 보관하는 수박 보관통 밀폐용기, 2L, 2개 | 우리 10,500 → 네이버 비추(9,900)
✓ [coupang] 원더푸드 짜먹는 고양이 간식 60p, 혼합맛(닭가슴살/연어/참치),  | 우리 9,900 → 네이버 비슷(9,900)

판정 20/122 (16%) · DB기록 122건
✓ [gmarket] (신선집중) 대패 삼겹살 2KG (1kg+1kg) | 우리 17,850 → 네이버 비추(14,900)
✓ [gmarket] 카사베르디 유기농 레드와인 비니거 500ml 2개 + 파로착한밥 3개 | 우리 37,900 → 네이버 비추(36,450)
✓ [gmarket] (얼리썸머특가)(5초쿨링미스트/붓기완화/5중세라마이드 속보습) 메디톡 | 우리 17,900 → 네이버 비슷(17,760)
✓ [gmarket] 쇼츠딜특가) 슈어메디 리포좀 글루타치온 시그니처 9S 28매 2박스  | 우리 9,470 → 네이버 추천(15,360)
✓ [gmarket] 달콤한 토망고 2kg (500g x4팩) 스테비아 대추방울토마토 | 우리 9,930 → 네이버 비슷(9,920)
✓ [gmarket] 햇반 백미 윤기가득쌀밥 210g 36개 | 우리 38,600 → 네이버 비추(32,110)
✓ [gmarket] 농가살리기 푸짐한 맛 배터지는 고기듬뿍 감자탕 5kg(8~10인분) | 우리 19,120 → 네이버 비추(16,890)
✓ [11st] 경북고령 고당도 멜론 하미과 메론 로얄과 2kg 2~3과 | 우리 15,890 → 네이버 추천(19,710)
✓ [11st] 더주 휴게소 철판구이 몸통 오징어 200g 7-14미 | 우리 11,030 → 네이버 비슷(11,120)
✓ [11st] 삼성전자 S24F330 60.4cm(24인치) 베젤리스 100Hz 컴 | 우리 130,920 → 네이버 비추(127,000)
✓ [11st] 동전자석파스 피프 에레키반 MAX 2000, 마그네루프 | 우리 15,900 → 네이버 추천(33,900)
✓ [11st] [1+1] 핑크 그레이프후룻 바디요거트 200ML (37049) | 우리 26,000 → 네이버 비추(19,800)
✓ [11st] 한정수량 스테비아 방토 특가 [품질보장]스테비아 토마토 허니마토 방울 | 우리 12,930 → 네이버 비추(8,280)
✓ [11st] 진저 스캘프 케어 샴푸 400ML (42551) | 우리 18,360 → 네이버 비추(16,500)
✓ [11st] 여름에도 겨울에도 시원한 열무김치2kg | 우리 9,950 → 네이버 추천(13,590)
✓ [11st] 브리티쉬 로즈 샤워 젤 750ML 대용량 듀오세트 (888078) | 우리 54,320 → 네이버 추천(55,540)
✓ [coupang] 나누담 깍둑 썰어 보관하는 수박 보관통 밀폐용기, 2L, 2개 | 우리 10,500 → 네이버 비추(9,900)
✓ [coupang] 원더푸드 짜먹는 고양이 간식 60p, 혼합맛(닭가슴살/연어/참치),  | 우리 9,900 → 네이버 비슷(9,900)

판정 18/119 (15%) · DB기록 119건
✓ [gmarket] (신선집중) 대패 삼겹살 2KG (1kg+1kg) | 우리 17,850 → 네이버 비추(14,900)
✓ [gmarket] 카사베르디 유기농 레드와인 비니거 500ml 2개 + 파로착한밥 3개 | 우리 37,900 → 네이버 비추(36,450)
✓ [gmarket] (얼리썸머특가)(5초쿨링미스트/붓기완화/5중세라마이드 속보습) 메디톡 | 우리 17,900 → 네이버 비슷(17,760)
✓ [gmarket] 쇼츠딜특가) 슈어메디 리포좀 글루타치온 시그니처 9S 28매 2박스  | 우리 9,470 → 네이버 추천(15,360)
✓ [gmarket] 달콤한 토망고 2kg (500g x4팩) 스테비아 대추방울토마토 | 우리 9,930 → 네이버 비슷(9,920)
✓ [gmarket] 햇반 백미 윤기가득쌀밥 210g 36개 | 우리 38,600 → 네이버 비추(32,110)
✓ [gmarket] 농가살리기 푸짐한 맛 배터지는 고기듬뿍 감자탕 5kg(8~10인분) | 우리 19,120 → 네이버 비추(16,890)
✓ [11st] 삼성전자 S24F330 60.4cm(24인치) 베젤리스 100Hz 컴 | 우리 130,920 → 네이버 비추(127,000)
✓ [11st] 더주 휴게소 철판구이 몸통 오징어 200g 7-14미 | 우리 11,030 → 네이버 비슷(11,120)
✓ [11st] 동전자석파스 피프 에레키반 MAX 2000, 마그네루프 | 우리 15,900 → 네이버 추천(33,900)
✓ [11st] 경북고령 고당도 멜론 하미과 메론 로얄과 2kg 2~3과 | 우리 15,890 → 네이버 추천(19,710)
✓ [11st] [1+1] 핑크 그레이프후룻 바디요거트 200ML (37049) | 우리 26,000 → 네이버 비추(19,800)
✓ [11st] 진저 스캘프 케어 샴푸 400ML (42551) | 우리 18,360 → 네이버 비추(16,500)
✓ [11st] 한정수량 스테비아 방토 특가 [품질보장]스테비아 토마토 허니마토 방울 | 우리 12,930 → 네이버 비추(8,280)
✓ [11st] 모링가 바디 미스트 100ML (42380) | 우리 16,320 → 네이버 비추(12,780)
✓ [11st] 여름에도 겨울에도 시원한 열무김치2kg | 우리 9,950 → 네이버 추천(13,590)
✓ [coupang] 원스탑 제로갭 납작 큐브 고용량 USB C 고속충전 멀티탭 4000W | 우리 28,410 → 네이버 비추(25,560)
✓ [coupang] 어메이징오트 오리지널 혼합음료, 190ml, 24개 | 우리 14,200 → 네이버 비추(13,400)
✓ [coupang] 한우 1등급 숙성등심 구이용 (냉장), 200g, 1개 | 우리 14,710 → 네이버 비추(5,560)
✓ [coupang] 고고새우 푸짐한 모둠 명태알 대구곤이 (냉동), 350g, 1개 | 우리 7,090 → 네이버 추천(13,030)
✓ [coupang] 맛있는 찰옥수수 냉동 옥수수, 10개, 옥수수중 | 우리 12,240 → 네이버 비추(9,410)
✓ [coupang] 이엘후레쉬 햄에멘탈치즈 샌드위치, 180g, 2개 | 우리 11,480 → 네이버 추천(13,090)
✓ [coupang] 가야산천년수 무라벨 생수, 2L, 24개 | 우리 13,760 → 네이버 비추(7,550)
✓ [coupang] 온더바디 코튼풋 발을 씻자 풋샴푸 쿨링, 1개입, 3개, 385ml | 우리 14,700 → 네이버 추천(22,600)
✓ [coupang] 퍼실 디스크 파워 캡슐세제 파우치, 26개입, 1개 | 우리 15,500 → 네이버 비추(9,900)
✓ [coupang] 부케가르니 딥 퍼퓸 볼륨 바디워시 화이트머스크, 1L, 1개 | 우리 9,900 → 네이버 추천(14,500)

판정 26/119 (22%) · DB기록 119건
✓ [gmarket] (신선집중) 신세계푸드 파라다이스 호텔 포기김치 4kg | 우리 22,130 → 네이버 비슷(22,120)
✓ [gmarket] 1+1 아모스 녹차실감 지성(산뜻한 타입) 샴푸 500g (무료배송) | 우리 24,900 → 네이버 비추(12,300)
✓ [gmarket] 퍼펙트 에어리 유브이 선스틱 23g 1+1+1+1/썬스틱/선크림/선스 | 우리 21,520 → 네이버 비추(12,900)
✓ [gmarket] (얼리썸머특가)(5초쿨링미스트/붓기완화/5중세라마이드 속보습) 메디톡 | 우리 17,900 → 네이버 비슷(17,760)
✓ [gmarket] 쇼츠딜특가) 슈어메디 리포좀 글루타치온 시그니처 9S 28매 2박스  | 우리 9,470 → 네이버 추천(15,370)
✓ [gmarket] 달콤한 토망고 2kg (500g x4팩) 스테비아 대추방울토마토 | 우리 9,930 → 네이버 비슷(9,920)
✓ [gmarket] 농가살리기 푸짐한 맛 배터지는 고기듬뿍 감자탕 5kg(8~10인분) | 우리 19,120 → 네이버 비추(16,890)
✓ [11st] 더주 휴게소 철판구이 몸통 오징어 200g 7-14미 | 우리 11,030 → 네이버 비슷(11,120)
✓ [11st] 동전자석파스 피프 에레키반 MAX 2000, 마그네루프 | 우리 15,900 → 네이버 추천(33,900)
✓ [11st] 경북고령 고당도 멜론 하미과 메론 로얄과 2kg 2~3과 | 우리 15,890 → 네이버 추천(19,710)
✓ [11st] 삼성전자 S24F330 60.4cm(24인치) 베젤리스 100Hz 컴 | 우리 130,920 → 네이버 비추(127,000)
✓ [11st] 모링가 바디 미스트 100ML (42380) | 우리 16,320 → 네이버 비추(12,780)
✓ [11st] [1+1] 핑크 그레이프후룻 바디요거트 200ML (37049) | 우리 26,000 → 네이버 비추(19,800)
✓ [11st] 진저 스캘프 케어 샴푸 400ML (42551) | 우리 18,360 → 네이버 비추(16,500)
✓ [11st] 한정수량 스테비아 방토 특가 [품질보장]스테비아 토마토 허니마토 방울 | 우리 12,930 → 네이버 비추(8,280)
✓ [11st] 여름에도 겨울에도 시원한 열무김치2kg | 우리 9,950 → 네이버 비슷(9,950)
✓ [coupang] 어메이징오트 오리지널 혼합음료, 190ml, 24개 | 우리 14,200 → 네이버 비추(13,400)
✓ [coupang] 한우 1등급 숙성등심 구이용 (냉장), 200g, 1개 | 우리 14,710 → 네이버 비추(5,560)
✓ [coupang] 고고새우 푸짐한 모둠 명태알 대구곤이 (냉동), 350g, 1개 | 우리 7,090 → 네이버 추천(13,030)
✓ [coupang] 맛있는 찰옥수수 냉동 옥수수, 10개, 옥수수중 | 우리 12,240 → 네이버 비추(9,410)
✓ [coupang] 이엘후레쉬 햄에멘탈치즈 샌드위치, 180g, 2개 | 우리 11,480 → 네이버 추천(13,090)
✓ [coupang] 가야산천년수 무라벨 생수, 2L, 24개 | 우리 13,760 → 네이버 비추(7,550)
✓ [coupang] 온더바디 코튼풋 발을 씻자 풋샴푸 쿨링, 1개입, 3개, 385ml | 우리 14,700 → 네이버 추천(22,600)
✓ [coupang] 퍼실 디스크 파워 캡슐세제 파우치, 26개입, 1개 | 우리 15,500 → 네이버 비추(9,900)
✓ [coupang] 부케가르니 딥 퍼퓸 볼륨 바디워시 화이트머스크, 1L, 1개 | 우리 9,900 → 네이버 추천(14,500)

판정 25/119 (21%) · DB기록 119건
✓ [gmarket] (신선집중) 신세계푸드 파라다이스 호텔 포기김치 4kg | 우리 21,960 → 네이버 비슷(21,960)
✓ [gmarket] 1+1 아모스 녹차실감 지성(산뜻한 타입) 샴푸 500g (무료배송) | 우리 24,900 → 네이버 비추(12,300)
✓ [gmarket] 퍼펙트 에어리 유브이 선스틱 23g 1+1+1+1/썬스틱/선크림/선스 | 우리 21,520 → 네이버 비추(12,900)
✓ [gmarket] (얼리썸머특가)(5초쿨링미스트/붓기완화/5중세라마이드 속보습) 메디톡 | 우리 17,900 → 네이버 비슷(17,760)
✓ [gmarket] 쇼츠딜특가) 슈어메디 리포좀 글루타치온 시그니처 9S 28매 2박스  | 우리 9,470 → 네이버 추천(15,370)
✓ [gmarket] 달콤한 토망고 2kg (500g x4팩) 스테비아 대추방울토마토 | 우리 9,930 → 네이버 비슷(9,920)
✓ [gmarket] 농가살리기 푸짐한 맛 배터지는 고기듬뿍 감자탕 5kg(8~10인분) | 우리 19,120 → 네이버 비추(18,040)
✓ [11st] 50％세일 시그니처 콜라겐 글루타치온 8박스 16개월 | 우리 55,880 → 네이버 비추(53,460)
✓ [11st] 에치와이 바이오리브 100억 유산균 1개월분 외 | 우리 9,920 → 네이버 비슷(9,920)
✓ [11st] 고기중독 단1회착유 통참깨 진심 참기름 350ml+350ml | 우리 12,890 → 네이버 추천(20,400)
✓ [11st] 25년 햇 볶은땅콩 24/28 큰알 3.75kg 1봉 | 우리 19,900 → 네이버 추천(30,690)
✓ [11st] [1+1] 일리윤 세라마이드 아토 수딩젤 175ml+증정 | 우리 23,270 → 네이버 비추(11,370)
✓ [11st] 모링가 바디 미스트 100ML (42380) | 우리 16,320 → 네이버 비추(12,780)
✓ [11st] [비비안웨스트우드] MINI BAS RELIEF 목걸이 6302008 | 우리 189,830 → 네이버 비슷(189,830)
✓ [11st] 진저 스캘프 케어 샴푸 400ML (42551) | 우리 18,360 → 네이버 비추(16,500)
✓ [11st] [1+1] 핑크 그레이프후룻 바디요거트 200ML (37049) | 우리 26,000 → 네이버 비추(19,800)
✓ [coupang] 어메이징오트 오리지널 혼합음료, 190ml, 24개 | 우리 14,200 → 네이버 비추(13,400)
✓ [coupang] 한우 1등급 숙성등심 구이용 (냉장), 200g, 1개 | 우리 14,710 → 네이버 비추(5,560)
✓ [coupang] 고고새우 푸짐한 모둠 명태알 대구곤이 (냉동), 350g, 1개 | 우리 7,090 → 네이버 추천(13,030)
✓ [coupang] 맛있는 찰옥수수 냉동 옥수수, 10개, 옥수수중 | 우리 12,240 → 네이버 비추(9,410)
✓ [coupang] 이엘후레쉬 햄에멘탈치즈 샌드위치, 180g, 2개 | 우리 11,480 → 네이버 추천(13,090)
✓ [coupang] 가야산천년수 무라벨 생수, 2L, 24개 | 우리 13,760 → 네이버 비추(7,550)
✓ [coupang] 온더바디 코튼풋 발을 씻자 풋샴푸 쿨링, 1개입, 3개, 385ml | 우리 14,700 → 네이버 추천(22,600)
✓ [coupang] 퍼실 디스크 파워 캡슐세제 파우치, 26개입, 1개 | 우리 15,500 → 네이버 비추(9,900)
✓ [coupang] 부케가르니 딥 퍼퓸 볼륨 바디워시 화이트머스크, 1L, 1개 | 우리 9,900 → 네이버 추천(14,490)

판정 25/120 (21%) · DB기록 120건
✓ [gmarket] 마렐라XL 3.5L 화이트+기본필터 1입 | 우리 19,800 → 네이버 추천(32,300)
✓ [gmarket] 질레트 마하3 면도날 8개입 | 우리 15,500 → 네이버 비추(8,480)
✓ [gmarket] (특가 구성) 미니멜츠 구슬아이스크림 콤보 20개입 / 2set 구매 | 우리 18,400 → 네이버 추천(26,140)
✓ [gmarket] (얼리썸머특가)(5초쿨링미스트/붓기완화/5중세라마이드 속보습) 메디톡 | 우리 17,900 → 네이버 비슷(17,760)
✓ [gmarket] 쇼츠딜특가) 슈어메디 리포좀 글루타치온 시그니처 9S 28매 2박스  | 우리 9,470 → 네이버 추천(15,370)
✓ [gmarket] 달콤한 토망고 2kg (500g x4팩) 스테비아 대추방울토마토 | 우리 9,930 → 네이버 비슷(9,920)
✓ [gmarket] 농가살리기 푸짐한 맛 배터지는 고기듬뿍 감자탕 5kg(8~10인분) | 우리 19,120 → 네이버 비추(18,040)
✓ [11st] 50％세일 시그니처 콜라겐 글루타치온 8박스 16개월 | 우리 55,880 → 네이버 비추(53,460)
✓ [11st] 에치와이 바이오리브 100억 유산균 1개월분 외 | 우리 9,920 → 네이버 비슷(9,920)
✓ [11st] 고기중독 단1회착유 통참깨 진심 참기름 350ml+350ml | 우리 12,890 → 네이버 추천(20,400)
✓ [11st] 25년 햇 볶은땅콩 24/28 큰알 3.75kg 1봉 | 우리 19,900 → 네이버 추천(30,690)
✓ [11st] [1+1] 일리윤 세라마이드 아토 수딩젤 175ml+증정 | 우리 23,270 → 네이버 비추(11,370)
✓ [11st] 모링가 바디 미스트 100ML (42380) | 우리 16,320 → 네이버 비추(12,780)
✓ [11st] 진저 스캘프 케어 샴푸 400ML (42551) | 우리 18,360 → 네이버 비추(16,500)
✓ [11st] [1+1] 핑크 그레이프후룻 바디요거트 200ML (37049) | 우리 26,000 → 네이버 비추(19,800)
✓ [coupang] 어메이징오트 오리지널 혼합음료, 190ml, 24개 | 우리 14,200 → 네이버 비추(13,400)
✓ [coupang] 한우 1등급 숙성등심 구이용 (냉장), 200g, 1개 | 우리 14,710 → 네이버 비추(5,560)
✓ [coupang] 고고새우 푸짐한 모둠 명태알 대구곤이 (냉동), 350g, 1개 | 우리 7,090 → 네이버 추천(13,030)
✓ [coupang] 맛있는 찰옥수수 냉동 옥수수, 10개, 옥수수중 | 우리 12,240 → 네이버 비추(9,410)
✓ [coupang] 이엘후레쉬 햄에멘탈치즈 샌드위치, 180g, 2개 | 우리 11,480 → 네이버 추천(13,090)
✓ [coupang] 가야산천년수 무라벨 생수, 2L, 24개 | 우리 13,760 → 네이버 비추(7,550)
✓ [coupang] 온더바디 코튼풋 발을 씻자 풋샴푸 쿨링, 1개입, 3개, 385ml | 우리 14,700 → 네이버 추천(22,600)
✓ [coupang] 퍼실 디스크 파워 캡슐세제 파우치, 26개입, 1개 | 우리 15,500 → 네이버 비추(9,900)
✓ [coupang] 부케가르니 딥 퍼퓸 볼륨 바디워시 화이트머스크, 1L, 1개 | 우리 9,900 → 네이버 추천(14,490)

판정 24/122 (20%) · DB기록 122건
✓ [gmarket] 마렐라XL 3.5L 화이트+기본필터 1입 | 우리 19,800 → 네이버 추천(32,300)
✓ [gmarket] 질레트 마하3 면도날 8개입 | 우리 15,500 → 네이버 비추(8,480)
✓ [gmarket] (특가 구성) 미니멜츠 구슬아이스크림 콤보 20개입 / 2set 구매 | 우리 18,400 → 네이버 추천(26,140)
✓ [gmarket] (얼리썸머특가)(5초쿨링미스트/붓기완화/5중세라마이드 속보습) 메디톡 | 우리 17,900 → 네이버 비슷(17,760)
✓ [gmarket] 쇼츠딜특가) 슈어메디 리포좀 글루타치온 시그니처 9S 28매 2박스  | 우리 9,470 → 네이버 추천(15,370)
✓ [gmarket] 달콤한 토망고 2kg (500g x4팩) 스테비아 대추방울토마토 | 우리 9,930 → 네이버 비슷(9,920)
✓ [gmarket] 농가살리기 푸짐한 맛 배터지는 고기듬뿍 감자탕 5kg(8~10인분) | 우리 19,120 → 네이버 비추(18,040)
✓ [gmarket] 3장세트 기능성 쿨 드라이 무지 반팔 티셔츠 무지티 쿨티셔츠 반팔티 | 우리 11,130 → 네이버 비추(10,700)
✓ [11st] 매콤한 춘천 양념 닭갈비 600g+600g 순살 닭갈비 외 | 우리 12,580 → 네이버 비슷(12,580)
✓ [11st] 유리아쥬 진피 리프레싱 젤 500ml x 2개세트 | 우리 38,860 → 네이버 비추(35,700)
✓ [11st] 대우 14인치 발터치 리모컨 5엽 수면/자연풍 고출력 저소음 선풍기 | 우리 34,900 → 네이버 비추(31,250)
✓ [11st] 광천김 바삭바삭 해물 모둠 김자반 40g x 10봉 | 우리 11,900 → 네이버 추천(12,920)
✓ [11st] 델포유 오븐에 구운 십센치 파운드 5가지맛 15개 | 우리 9,570 → 네이버 비슷(9,570)
✓ [11st] 센토 인텐스 디퓨저 550ml 2개 | 우리 19,900 → 네이버 비추(19,120)
✓ [11st] 모링가 바디 미스트 100ML (42380) | 우리 16,320 → 네이버 비추(12,780)
✓ [11st] 진저 스캘프 케어 샴푸 400ML (42551) | 우리 18,360 → 네이버 비추(16,500)
✓ [11st] [1+1] 핑크 그레이프후룻 바디요거트 200ML (37049) | 우리 26,000 → 네이버 비추(19,800)
✓ [11st] 대우 스테디셀러 대우 14인치 발터치 리모컨 저소음 선풍기 | 우리 34,900 → 네이버 비추(31,250)
✓ [coupang] 어메이징오트 오리지널 혼합음료, 190ml, 24개 | 우리 14,200 → 네이버 비추(13,400)
✓ [coupang] 한우 1등급 숙성등심 구이용 (냉장), 200g, 1개 | 우리 14,710 → 네이버 비추(5,560)
✓ [coupang] 고고새우 푸짐한 모둠 명태알 대구곤이 (냉동), 350g, 1개 | 우리 7,090 → 네이버 추천(13,030)
✓ [coupang] 맛있는 찰옥수수 냉동 옥수수, 10개, 옥수수중 | 우리 12,240 → 네이버 비추(9,410)
✓ [coupang] 이엘후레쉬 햄에멘탈치즈 샌드위치, 180g, 2개 | 우리 11,480 → 네이버 추천(13,090)
✓ [coupang] 가야산천년수 무라벨 생수, 2L, 24개 | 우리 13,760 → 네이버 비추(7,550)
✓ [coupang] 온더바디 코튼풋 발을 씻자 풋샴푸 쿨링, 1개입, 3개, 385ml | 우리 14,700 → 네이버 추천(22,600)
✓ [coupang] 퍼실 디스크 파워 캡슐세제 파우치, 26개입, 1개 | 우리 15,500 → 네이버 비추(9,900)
✓ [coupang] 부케가르니 딥 퍼퓸 볼륨 바디워시 화이트머스크, 1L, 1개 | 우리 9,900 → 네이버 추천(14,490)

판정 27/122 (22%) · DB기록 122건
✓ [gmarket] 펩시제로 210ml 30캔 +사이다제로 210ml 30캔 제로칼로리  | 우리 23,500 → 네이버 비슷(23,900)
✓ [gmarket] 아토베리어365 크림80ml 2개 +증정 | 우리 49,500 → 네이버 비추(24,900)
✓ [gmarket] X3600 POWER QHD 블랙박스 스마트폰 연동  AS/2년+GP | 우리 106,740 → 네이버 비슷(107,410)
✓ [gmarket] 닥터페퍼 제로 190ml 30캔 + 스프라이트 제로 190ml 30캔 | 우리 21,990 → 네이버 추천(23,110)
✓ [gmarket] (얼리썸머특가)(5초쿨링미스트/붓기완화/5중세라마이드 속보습) 메디톡 | 우리 17,900 → 네이버 비슷(17,760)
✓ [gmarket] 쇼츠딜특가) 슈어메디 리포좀 글루타치온 시그니처 9S 28매 2박스  | 우리 9,470 → 네이버 추천(15,370)
✓ [gmarket] 달콤한 토망고 2kg (500g x4팩) 스테비아 대추방울토마토 | 우리 9,930 → 네이버 비슷(9,920)
✓ [gmarket] 농가살리기 푸짐한 맛 배터지는 고기듬뿍 감자탕 5kg(8~10인분) | 우리 19,120 → 네이버 비추(18,040)
✓ [gmarket] 3장세트 기능성 쿨 드라이 무지 반팔 티셔츠 무지티 쿨티셔츠 반팔티 | 우리 11,130 → 네이버 비추(10,700)
✓ [11st] 매콤한 춘천 양념 닭갈비 600g+600g 순살 닭갈비 외 | 우리 12,580 → 네이버 비슷(12,580)
✓ [11st] 유리아쥬 진피 리프레싱 젤 500ml x 2개세트 | 우리 38,860 → 네이버 비추(35,700)
✓ [11st] 대우 14인치 발터치 리모컨 5엽 수면/자연풍 고출력 저소음 선풍기 | 우리 34,900 → 네이버 비추(31,250)
✓ [11st] 광천김 바삭바삭 해물 모둠 김자반 40g x 10봉 | 우리 11,900 → 네이버 추천(12,920)
✓ [11st] 델포유 오븐에 구운 십센치 파운드 5가지맛 15개 | 우리 9,570 → 네이버 비슷(9,570)
✓ [11st] 센토 인텐스 디퓨저 550ml 2개 | 우리 19,900 → 네이버 비추(19,120)
✓ [11st] 모링가 바디 미스트 100ML (42380) | 우리 16,320 → 네이버 비추(12,780)
✓ [11st] 진저 스캘프 케어 샴푸 400ML (42551) | 우리 18,360 → 네이버 비추(16,500)
✓ [11st] 대우 스테디셀러 대우 14인치 발터치 리모컨 저소음 선풍기 | 우리 34,900 → 네이버 비추(31,250)
✓ [11st] [1+1] 핑크 그레이프후룻 바디요거트 200ML (37049) | 우리 26,000 → 네이버 비추(19,800)
✓ [coupang] 어메이징오트 오리지널 혼합음료, 190ml, 24개 | 우리 14,200 → 네이버 비추(13,400)
✓ [coupang] 한우 1등급 숙성등심 구이용 (냉장), 200g, 1개 | 우리 14,710 → 네이버 비추(5,560)
✓ [coupang] 고고새우 푸짐한 모둠 명태알 대구곤이 (냉동), 350g, 1개 | 우리 7,090 → 네이버 추천(13,030)
✓ [coupang] 맛있는 찰옥수수 냉동 옥수수, 10개, 옥수수중 | 우리 12,240 → 네이버 비추(9,410)
✓ [coupang] 이엘후레쉬 햄에멘탈치즈 샌드위치, 180g, 2개 | 우리 11,480 → 네이버 추천(13,090)
✓ [coupang] 가야산천년수 무라벨 생수, 2L, 24개 | 우리 13,760 → 네이버 비추(7,550)
✓ [coupang] 온더바디 코튼풋 발을 씻자 풋샴푸 쿨링, 1개입, 3개, 385ml | 우리 14,700 → 네이버 추천(22,600)
✓ [coupang] 퍼실 디스크 파워 캡슐세제 파우치, 26개입, 1개 | 우리 15,500 → 네이버 비추(9,900)
✓ [coupang] 부케가르니 딥 퍼퓸 볼륨 바디워시 화이트머스크, 1L, 1개 | 우리 9,900 → 네이버 추천(14,490)

판정 28/121 (23%) · DB기록 121건
✓ [gmarket] 펩시제로 210ml 30캔 +사이다제로 210ml 30캔 제로칼로리  | 우리 23,500 → 네이버 비슷(23,500)
✓ [gmarket] 아토베리어365 크림80ml 2개 +증정 | 우리 39,600 → 네이버 비추(24,900)
✓ [gmarket] X3600 POWER QHD 블랙박스 스마트폰 연동  AS/2년+GP | 우리 106,740 → 네이버 비슷(106,740)
✓ [gmarket] 오예스 미니4팩 (768g)  /케이크/과자/파이/다과 | 우리 9,890 → 네이버 비슷(9,880)
✓ [gmarket] 닥터페퍼 제로 190ml 30캔 + 스프라이트 제로 190ml 30캔 | 우리 21,990 → 네이버 비슷(21,990)
✓ [gmarket] (얼리썸머특가)(5초쿨링미스트/붓기완화/5중세라마이드 속보습) 메디톡 | 우리 17,900 → 네이버 비슷(17,760)
✓ [gmarket] 쇼츠딜특가) 슈어메디 리포좀 글루타치온 시그니처 9S 28매 2박스  | 우리 9,470 → 네이버 추천(15,370)
✓ [gmarket] 달콤한 토망고 2kg (500g x4팩) 스테비아 대추방울토마토 | 우리 9,930 → 네이버 비슷(9,920)
✓ [gmarket] 스프라이트 킨사이다 185ml x 60캔 | 우리 17,710 → 네이버 비슷(17,690)
✓ [gmarket] 농가살리기 푸짐한 맛 배터지는 고기듬뿍 감자탕 5kg(8~10인분) | 우리 19,120 → 네이버 비추(18,040)
✓ [11st] 예지미인 데일리코튼 롱 팬티라이너 81Px3팩 총243P | 우리 17,750 → 네이버 추천(24,940)
✓ [11st] 오리온 초코송이 + 초코송이 딸기 6+6 총 12개 | 우리 9,900 → 네이버 추천(13,470)
✓ [11st] 부드러운 한입 양념LA갈비 500g +500g 외 | 우리 22,950 → 네이버 비추(11,900)
✓ [11st] 국내산 새송이버섯 2kg 상급 | 우리 7,930 → 네이버 비추(4,900)
✓ [11st] 모링가 바디 미스트 100ML (42380) | 우리 16,320 → 네이버 비추(12,780)
✓ [11st] 삼성물류배송 [타임딜한정체감가 173만원대]삼성 비스포크 AI 냉장고 | 우리 2,490,000 → 네이버 비슷(2,490,000)
✓ [11st] 진저 스캘프 케어 샴푸 400ML (42551) | 우리 18,360 → 네이버 비추(16,500)
✓ [11st] [SET] 토리든 다이브인 저분자 히알루론산 클렌징 폼 150ml X | 우리 21,900 → 네이버 추천(23,450)
✓ [coupang] 어메이징오트 오리지널 혼합음료, 190ml, 24개 | 우리 14,200 → 네이버 비추(13,400)
✓ [coupang] 한우 1등급 숙성등심 구이용 (냉장), 200g, 1개 | 우리 14,710 → 네이버 비추(5,560)
✓ [coupang] 고고새우 푸짐한 모둠 명태알 대구곤이 (냉동), 350g, 1개 | 우리 7,090 → 네이버 추천(13,030)
✓ [coupang] 맛있는 찰옥수수 냉동 옥수수, 10개, 옥수수중 | 우리 12,240 → 네이버 비추(9,410)
✓ [coupang] 이엘후레쉬 햄에멘탈치즈 샌드위치, 180g, 2개 | 우리 11,480 → 네이버 추천(13,090)
✓ [coupang] 가야산천년수 무라벨 생수, 2L, 24개 | 우리 13,760 → 네이버 비추(7,550)
✓ [coupang] 온더바디 코튼풋 발을 씻자 풋샴푸 쿨링, 1개입, 3개, 385ml | 우리 14,700 → 네이버 추천(22,600)
✓ [coupang] 퍼실 디스크 파워 캡슐세제 파우치, 26개입, 1개 | 우리 15,500 → 네이버 비추(9,900)
✓ [coupang] 부케가르니 딥 퍼퓸 볼륨 바디워시 화이트머스크, 1L, 1개 | 우리 9,900 → 네이버 추천(14,490)

판정 27/119 (23%) · DB기록 119건
✓ [gmarket] 펩시제로 210ml 30캔 +사이다제로 210ml 30캔 제로칼로리  | 우리 23,500 → 네이버 비슷(23,500)
✓ [gmarket] 아토베리어365 크림80ml 2개 +증정 | 우리 39,600 → 네이버 비추(24,900)
✓ [gmarket] X3600 POWER QHD 블랙박스 스마트폰 연동  AS/2년+GP | 우리 106,740 → 네이버 비슷(106,740)
✓ [gmarket] 오예스 미니4팩 (768g)  /케이크/과자/파이/다과 | 우리 9,890 → 네이버 비슷(9,880)
✓ [gmarket] 닥터페퍼 제로 190ml 30캔 + 스프라이트 제로 190ml 30캔 | 우리 21,990 → 네이버 비슷(21,990)
✓ [gmarket] (얼리썸머특가)(5초쿨링미스트/붓기완화/5중세라마이드 속보습) 메디톡 | 우리 17,900 → 네이버 비슷(17,760)
✓ [gmarket] 쇼츠딜특가) 슈어메디 리포좀 글루타치온 시그니처 9S 28매 2박스  | 우리 9,470 → 네이버 추천(15,370)
✓ [gmarket] 달콤한 토망고 2kg (500g x4팩) 스테비아 대추방울토마토 | 우리 9,930 → 네이버 비슷(9,920)
✓ [gmarket] 농가살리기 푸짐한 맛 배터지는 고기듬뿍 감자탕 5kg(8~10인분) | 우리 19,120 → 네이버 비추(18,040)
✓ [11st] 부드러운 한입 양념LA갈비 500g +500g 외 | 우리 22,950 → 네이버 비추(11,900)
✓ [11st] 국내산 새송이버섯 2kg 상급 | 우리 7,930 → 네이버 비추(4,900)
✓ [11st] 오리온 초코송이 + 초코송이 딸기 6+6 총 12개 | 우리 9,900 → 네이버 추천(13,470)
✓ [11st] 예지미인 데일리코튼 롱 팬티라이너 81Px3팩 총243P | 우리 17,750 → 네이버 추천(24,940)
✓ [11st] 삼성물류배송 [타임딜한정체감가 173만원대]삼성 비스포크 AI 냉장고 | 우리 2,490,000 → 네이버 비슷(2,490,000)
✓ [11st] 모링가 바디 미스트 100ML (42380) | 우리 16,320 → 네이버 비추(12,780)
✓ [11st] 오리온 초코송이 50g + 초코송이 딸기,45g 각6개 (총 12개) | 우리 9,900 → 네이버 비슷(9,900)
✓ [11st] 진저 스캘프 케어 샴푸 400ML (42551) | 우리 18,360 → 네이버 비추(16,500)
✓ [coupang] 어메이징오트 오리지널 혼합음료, 190ml, 24개 | 우리 14,200 → 네이버 비추(13,400)
✓ [coupang] 한우 1등급 숙성등심 구이용 (냉장), 200g, 1개 | 우리 14,710 → 네이버 비추(5,560)
✓ [coupang] 고고새우 푸짐한 모둠 명태알 대구곤이 (냉동), 350g, 1개 | 우리 7,090 → 네이버 추천(13,030)
✓ [coupang] 맛있는 찰옥수수 냉동 옥수수, 10개, 옥수수중 | 우리 12,240 → 네이버 비추(9,410)
✓ [coupang] 이엘후레쉬 햄에멘탈치즈 샌드위치, 180g, 2개 | 우리 11,480 → 네이버 추천(13,090)
✓ [coupang] 가야산천년수 무라벨 생수, 2L, 24개 | 우리 13,760 → 네이버 비추(7,550)
✓ [coupang] 온더바디 코튼풋 발을 씻자 풋샴푸 쿨링, 1개입, 3개, 385ml | 우리 14,700 → 네이버 추천(22,600)
✓ [coupang] 퍼실 디스크 파워 캡슐세제 파우치, 26개입, 1개 | 우리 15,500 → 네이버 비추(9,900)
✓ [coupang] 부케가르니 딥 퍼퓸 볼륨 바디워시 화이트머스크, 1L, 1개 | 우리 9,900 → 네이버 추천(14,490)

판정 26/119 (22%) · DB기록 119건
✓ [gmarket] 펩시제로 210ml 30캔 +사이다제로 210ml 30캔 제로칼로리  | 우리 23,500 → 네이버 비슷(23,500)
✓ [gmarket] 아토베리어365 크림80ml 2개 +증정 | 우리 39,600 → 네이버 비추(24,900)
✓ [gmarket] X3600 POWER QHD 블랙박스 스마트폰 연동  AS/2년+GP | 우리 106,740 → 네이버 비슷(106,740)
✓ [gmarket] 오예스 미니4팩 (768g)  /케이크/과자/파이/다과 | 우리 9,890 → 네이버 비슷(9,880)
✓ [gmarket] 닥터페퍼 제로 190ml 30캔 + 스프라이트 제로 190ml 30캔 | 우리 21,990 → 네이버 비슷(21,990)
✓ [gmarket] (얼리썸머특가)(5초쿨링미스트/붓기완화/5중세라마이드 속보습) 메디톡 | 우리 17,900 → 네이버 비슷(17,760)
✓ [gmarket] 쇼츠딜특가) 슈어메디 리포좀 글루타치온 시그니처 9S 28매 2박스  | 우리 9,470 → 네이버 추천(15,370)
✓ [gmarket] 달콤한 토망고 2kg (500g x4팩) 스테비아 대추방울토마토 | 우리 9,930 → 네이버 비슷(9,920)
✓ [gmarket] 농가살리기 푸짐한 맛 배터지는 고기듬뿍 감자탕 5kg(8~10인분) | 우리 19,120 → 네이버 비추(18,040)
✓ [11st] 오브휴 오코텍스 냉감 쿨매트 Q-MAX 0.4 | 우리 17,900 → 네이버 비추(11,810)
✓ [11st] 삼성 비스포크 냉장고 1등급 4도어 RM70F90R1ZD 905리터  | 우리 2,435,000 → 네이버 비추(1,999,000)
✓ [11st] 배상면주가 느린마을막걸리 5입 | 우리 12,430 → 네이버 추천(14,500)
✓ [11st] LG 휘센 AI 오브제컬렉션 뷰II 2in1 FQ17GU1BC2 기본 | 우리 1,909,000 → 네이버 비슷(1,909,000)
✓ [11st] 루솔 진한 배도라지즙 선물박스 60포 배즙 | 우리 50,400 → 네이버 비추(45,080)
✓ [11st] 제스타 향기나는 습기제거제 라벤더향 250g 18개입 | 우리 13,400 → 네이버 추천(15,740)
✓ [11st] 뉴트리 내츄럴 TG 식물성 오메가3 1개월분, 3개 + 쇼핑백 | 우리 22,900 → 네이버 추천(33,860)
✓ [11st] [삼육김] 들기름 광천김 식탁김 (20매) 11g 30봉 | 우리 13,300 → 네이버 추천(19,880)
✓ [11st] 뉴트리 질유산균 마스터바이옴 지노마스터 30일분, 1개+증정(에버콜라 | 우리 28,900 → 네이버 비슷(28,900)
✓ [11st] 체지방감소+유산균증식 푸드올로지 콜레올로지 컷 다이어트 유산균 1개  | 우리 27,900 → 네이버 비추(24,490)
✓ [coupang] 어메이징오트 오리지널 혼합음료, 190ml, 24개 | 우리 14,200 → 네이버 비추(13,400)
✓ [coupang] 한우 1등급 숙성등심 구이용 (냉장), 200g, 1개 | 우리 14,710 → 네이버 비추(5,560)
✓ [coupang] 고고새우 푸짐한 모둠 명태알 대구곤이 (냉동), 350g, 1개 | 우리 7,090 → 네이버 추천(13,030)
✓ [coupang] 맛있는 찰옥수수 냉동 옥수수, 10개, 옥수수중 | 우리 12,240 → 네이버 비추(9,410)
✓ [coupang] 가야산천년수 무라벨 생수, 2L, 24개 | 우리 13,760 → 네이버 비추(7,550)
✓ [coupang] 이엘후레쉬 햄에멘탈치즈 샌드위치, 180g, 2개 | 우리 11,480 → 네이버 추천(13,090)
✓ [coupang] 온더바디 코튼풋 발을 씻자 풋샴푸 쿨링, 1개입, 3개, 385ml | 우리 14,700 → 네이버 추천(22,600)
✓ [coupang] 퍼실 디스크 파워 캡슐세제 파우치, 26개입, 1개 | 우리 15,500 → 네이버 비추(9,900)
✓ [coupang] 부케가르니 딥 퍼퓸 볼륨 바디워시 화이트머스크, 1L, 1개 | 우리 9,900 → 네이버 추천(14,490)

판정 28/126 (22%) · DB기록 126건
✓ [gmarket] 펩시제로 210ml 30캔 +사이다제로 210ml 30캔 제로칼로리  | 우리 23,500 → 네이버 비슷(23,500)
✓ [gmarket] 아토베리어365 크림80ml 2개 +증정 | 우리 39,600 → 네이버 비추(24,900)
✓ [gmarket] X3600 POWER QHD 블랙박스 스마트폰 연동  AS/2년+GP | 우리 106,740 → 네이버 비슷(106,740)
✓ [gmarket] 오예스 미니4팩 (768g)  /케이크/과자/파이/다과 | 우리 9,890 → 네이버 비슷(9,880)
✓ [gmarket] 닥터페퍼 제로 190ml 30캔 + 스프라이트 제로 190ml 30캔 | 우리 21,990 → 네이버 비슷(21,990)
✓ [gmarket] (얼리썸머특가)(5초쿨링미스트/붓기완화/5중세라마이드 속보습) 메디톡 | 우리 17,900 → 네이버 비슷(17,760)
✓ [gmarket] 쇼츠딜특가) 슈어메디 리포좀 글루타치온 시그니처 9S 28매 2박스  | 우리 9,470 → 네이버 추천(15,370)
✓ [gmarket] 달콤한 토망고 2kg (500g x4팩) 스테비아 대추방울토마토 | 우리 9,930 → 네이버 비슷(9,920)
✓ [gmarket] 농가살리기 푸짐한 맛 배터지는 고기듬뿍 감자탕 5kg(8~10인분) | 우리 19,120 → 네이버 비추(18,040)
✓ [11st] 배상면주가 느린마을막걸리 5입 | 우리 12,430 → 네이버 추천(14,500)
✓ [11st] LG 휘센 AI 오브제컬렉션 뷰II 2in1 FQ17GU1BC2 기본 | 우리 1,909,000 → 네이버 비슷(1,909,000)
✓ [11st] 루솔 진한 배도라지즙 선물박스 60포 배즙 | 우리 50,400 → 네이버 비추(45,080)
✓ [11st] 삼성 비스포크 냉장고 1등급 4도어 RM70F90R1ZD 905리터  | 우리 2,435,000 → 네이버 비추(1,999,000)
✓ [11st] 오브휴 오코텍스 냉감 쿨매트 Q-MAX 0.4 | 우리 17,900 → 네이버 비추(11,810)
✓ [11st] [삼육김] 들기름 광천김 식탁김 (20매) 11g 30봉 | 우리 13,300 → 네이버 추천(19,880)
✓ [11st] 본사 직영, 갓 담근 김치 종가 행복이온 전라도 포기김치 10kg | 우리 59,330 → 네이버 추천(68,900)
✓ [11st] [이디야쿠폰] 드시모네 키즈 스텝1 블루베리향 50일분, 2개+증정( | 우리 147,000 → 네이버 추천(165,200)
✓ [coupang] 어메이징오트 오리지널 혼합음료, 190ml, 24개 | 우리 14,200 → 네이버 비추(13,400)
✓ [coupang] 한우 1등급 숙성등심 구이용 (냉장), 200g, 1개 | 우리 14,710 → 네이버 비추(5,560)
✓ [coupang] 고고새우 푸짐한 모둠 명태알 대구곤이 (냉동), 350g, 1개 | 우리 7,090 → 네이버 추천(13,030)
✓ [coupang] 맛있는 찰옥수수 냉동 옥수수, 10개, 옥수수중 | 우리 12,240 → 네이버 비추(9,410)
✓ [coupang] 가야산천년수 무라벨 생수, 2L, 24개 | 우리 13,760 → 네이버 비추(7,550)
✓ [coupang] 이엘후레쉬 햄에멘탈치즈 샌드위치, 180g, 2개 | 우리 11,480 → 네이버 추천(13,090)
✓ [coupang] 온더바디 코튼풋 발을 씻자 풋샴푸 쿨링, 1개입, 3개, 385ml | 우리 14,700 → 네이버 추천(22,600)
✓ [coupang] 퍼실 디스크 파워 캡슐세제 파우치, 26개입, 1개 | 우리 15,500 → 네이버 비추(9,900)
✓ [coupang] 부케가르니 딥 퍼퓸 볼륨 바디워시 화이트머스크, 1L, 1개 | 우리 9,900 → 네이버 추천(14,490)

판정 26/126 (21%) · DB기록 126건
✓ [gmarket] 펩시제로 210ml 30캔 +사이다제로 210ml 30캔 제로칼로리  | 우리 23,500 → 네이버 비슷(23,500)
✓ [gmarket] 아토베리어365 크림80ml 2개 +증정 | 우리 39,600 → 네이버 비추(24,900)
✓ [gmarket] X3600 POWER QHD 블랙박스 스마트폰 연동  AS/2년+GP | 우리 106,740 → 네이버 비슷(106,740)
✓ [gmarket] 오예스 미니4팩 (768g)  /케이크/과자/파이/다과 | 우리 9,890 → 네이버 비슷(9,880)
✓ [gmarket] 닥터페퍼 제로 190ml 30캔 + 스프라이트 제로 190ml 30캔 | 우리 21,990 → 네이버 비슷(21,990)
✓ [gmarket] (얼리썸머특가)(5초쿨링미스트/붓기완화/5중세라마이드 속보습) 메디톡 | 우리 17,900 → 네이버 비슷(17,760)
✓ [gmarket] 쇼츠딜특가) 슈어메디 리포좀 글루타치온 시그니처 9S 28매 2박스  | 우리 9,470 → 네이버 추천(15,370)
✓ [gmarket] 달콤한 토망고 2kg (500g x4팩) 스테비아 대추방울토마토 | 우리 9,930 → 네이버 비슷(9,920)
✓ [gmarket] 농가살리기 푸짐한 맛 배터지는 고기듬뿍 감자탕 5kg(8~10인분) | 우리 19,120 → 네이버 비추(18,040)
✓ [11st] 배상면주가 느린마을막걸리 5입 | 우리 12,430 → 네이버 추천(14,500)
✓ [11st] LG 휘센 AI 오브제컬렉션 뷰II 2in1 FQ17GU1BC2 기본 | 우리 1,909,000 → 네이버 비슷(1,909,000)
✓ [11st] 루솔 진한 배도라지즙 선물박스 60포 배즙 | 우리 50,400 → 네이버 비추(45,080)
✓ [11st] 삼성 비스포크 냉장고 1등급 4도어 RM70F90R1ZD 905리터  | 우리 2,435,000 → 네이버 비추(1,999,000)
✓ [11st] 오브휴 오코텍스 냉감 쿨매트 Q-MAX 0.4 | 우리 17,900 → 네이버 비추(11,810)
✓ [11st] [삼육김] 들기름 광천김 식탁김 (20매) 11g 30봉 | 우리 13,300 → 네이버 추천(19,880)
✓ [11st] 오리온 고소미 70g, 5개 + 오리온샌드 나 77g, 5개 | 우리 10,400 → 네이버 추천(17,500)
✓ [11st] 본사 직영, 갓 담근 김치 종가 행복이온 전라도 포기김치 10kg | 우리 59,330 → 네이버 추천(68,900)
✓ [11st] [이디야쿠폰] 드시모네 키즈 스텝1 블루베리향 50일분, 2개+증정( | 우리 147,000 → 네이버 추천(165,200)
✓ [coupang] 어메이징오트 오리지널 혼합음료, 190ml, 24개 | 우리 14,200 → 네이버 비추(13,400)
✓ [coupang] 한우 1등급 숙성등심 구이용 (냉장), 200g, 1개 | 우리 14,710 → 네이버 비추(5,560)
✓ [coupang] 고고새우 푸짐한 모둠 명태알 대구곤이 (냉동), 350g, 1개 | 우리 7,090 → 네이버 추천(13,030)
✓ [coupang] 맛있는 찰옥수수 냉동 옥수수, 10개, 옥수수중 | 우리 12,240 → 네이버 비추(9,410)
✓ [coupang] 가야산천년수 무라벨 생수, 2L, 24개 | 우리 13,760 → 네이버 비추(7,550)
✓ [coupang] 이엘후레쉬 햄에멘탈치즈 샌드위치, 180g, 2개 | 우리 11,480 → 네이버 추천(13,090)
✓ [coupang] 온더바디 코튼풋 발을 씻자 풋샴푸 쿨링, 1개입, 3개, 385ml | 우리 14,700 → 네이버 추천(22,600)
✓ [coupang] 퍼실 디스크 파워 캡슐세제 파우치, 26개입, 1개 | 우리 15,500 → 네이버 비추(9,900)
✓ [coupang] 코코도르 그란데 디퓨저, 블랙체리, 500ml, 3개 | 우리 25,800 → 네이버 비슷(25,800)
✓ [coupang] 부케가르니 딥 퍼퓸 볼륨 바디워시 화이트머스크, 1L, 1개 | 우리 9,900 → 네이버 추천(14,490)

판정 28/126 (22%) · DB기록 126건
✓ [gmarket] 펩시제로 210ml 30캔 +사이다제로 210ml 30캔 제로칼로리  | 우리 23,500 → 네이버 비슷(23,500)
✓ [gmarket] 아토베리어365 크림80ml 2개 +증정 | 우리 39,600 → 네이버 비추(24,900)
✓ [gmarket] X3600 POWER QHD 블랙박스 스마트폰 연동  AS/2년+GP | 우리 106,740 → 네이버 비슷(106,740)
✓ [gmarket] 오예스 미니4팩 (768g)  /케이크/과자/파이/다과 | 우리 9,890 → 네이버 비슷(9,880)
✓ [gmarket] 닥터페퍼 제로 190ml 30캔 + 스프라이트 제로 190ml 30캔 | 우리 21,990 → 네이버 비슷(21,990)
✓ [gmarket] 체감가 9.9만) 쿠첸 더핏 슬림 6인용 전기압력밥솥 CRS-FSWK | 우리 117,200 → 네이버 추천(128,490)
✓ [gmarket] 파스텔 야돔 강력 상쾌한 투명 6개입 세트 (유칼립투스X10배) 10 | 우리 8,230 → 네이버 추천(16,350)
✓ [gmarket] 베베숲 프라임 아기물티슈 70매 캡 20팩 프리미엄 아기 물티슈/고평 | 우리 23,900 → 네이버 비슷(23,900)
✓ [gmarket] (신선집중) 생생스토리 스테비아 대추 방울 토망고 500gX4팩 | 우리 9,930 → 네이버 비슷(9,920)
✓ [gmarket] 달콤한 토망고 2kg (500g x4팩) 스테비아 대추방울토마토 | 우리 9,930 → 네이버 비슷(9,920)
✓ [gmarket] 이맛쌀 20kg | 우리 58,070 → 네이버 추천(62,680)
✓ [11st] LG 휘센 AI 오브제컬렉션 뷰II 2in1 FQ17GU1BC2 기본 | 우리 1,909,000 → 네이버 비슷(1,909,000)
✓ [11st] 오브휴 오코텍스 냉감 쿨매트 Q-MAX 0.4 | 우리 17,900 → 네이버 비추(11,810)
✓ [11st] 삼성 비스포크 냉장고 1등급 4도어 RM70F90R1ZD 905리터  | 우리 2,435,000 → 네이버 비추(1,999,000)
✓ [11st] 루솔 진한 배도라지즙 선물박스 60포 배즙 | 우리 50,400 → 네이버 비추(45,080)
✓ [11st] 배상면주가 느린마을막걸리 5입 | 우리 12,430 → 네이버 추천(14,500)
✓ [11st] [삼육김] 들기름 광천김 식탁김 (20매) 11g 30봉 | 우리 13,300 → 네이버 추천(19,880)
✓ [11st] 본사 직영, 갓 담근 김치 종가 행복이온 전라도 포기김치 10kg | 우리 59,330 → 네이버 추천(68,900)
✓ [11st] 오리온 고소미 70g, 5개 + 오리온샌드 나 77g, 5개 | 우리 10,400 → 네이버 추천(17,500)
✓ [coupang] 어메이징오트 오리지널 혼합음료, 190ml, 24개 | 우리 14,200 → 네이버 비추(13,400)
✓ [coupang] 한우 1등급 숙성등심 구이용 (냉장), 200g, 1개 | 우리 14,710 → 네이버 비추(5,560)
✓ [coupang] 고고새우 푸짐한 모둠 명태알 대구곤이 (냉동), 350g, 1개 | 우리 7,090 → 네이버 추천(13,030)
✓ [coupang] 맛있는 찰옥수수 냉동 옥수수, 10개, 옥수수중 | 우리 12,240 → 네이버 비추(9,410)
✓ [coupang] 가야산천년수 무라벨 생수, 2L, 24개 | 우리 13,760 → 네이버 비추(7,550)
✓ [coupang] 이엘후레쉬 햄에멘탈치즈 샌드위치, 180g, 2개 | 우리 11,480 → 네이버 추천(13,090)
✓ [coupang] 온더바디 코튼풋 발을 씻자 풋샴푸 쿨링, 1개입, 3개, 385ml | 우리 14,700 → 네이버 추천(22,600)
✓ [coupang] 퍼실 디스크 파워 캡슐세제 파우치, 26개입, 1개 | 우리 15,500 → 네이버 비추(9,900)
✓ [coupang] 코코도르 그란데 디퓨저, 블랙체리, 500ml, 3개 | 우리 25,800 → 네이버 비슷(25,800)
✓ [coupang] 부케가르니 딥 퍼퓸 볼륨 바디워시 화이트머스크, 1L, 1개 | 우리 9,900 → 네이버 추천(14,490)

판정 29/128 (23%) · DB기록 128건
✓ [gmarket] 펩시제로 210ml 30캔 +사이다제로 210ml 30캔 제로칼로리  | 우리 23,500 → 네이버 비슷(23,500)
✓ [gmarket] 아토베리어365 크림80ml 2개 +증정 | 우리 39,600 → 네이버 비추(24,900)
✓ [gmarket] 오예스 미니4팩 (768g)  /케이크/과자/파이/다과 | 우리 9,890 → 네이버 비슷(9,880)
✓ [gmarket] X3600 POWER QHD 블랙박스 스마트폰 연동  AS/2년+GP | 우리 106,740 → 네이버 비슷(106,740)
✓ [gmarket] 닥터페퍼 제로 190ml 30캔 + 스프라이트 제로 190ml 30캔 | 우리 21,990 → 네이버 비슷(21,990)
✓ [gmarket] 체감가 9.9만) 쿠첸 더핏 슬림 6인용 전기압력밥솥 CRS-FSWK | 우리 117,200 → 네이버 추천(128,490)
✓ [gmarket] 파스텔 야돔 강력 상쾌한 투명 6개입 세트 (유칼립투스X10배) 10 | 우리 8,230 → 네이버 추천(16,350)
✓ [gmarket] 베베숲 프라임 아기물티슈 70매 캡 20팩 프리미엄 아기 물티슈/고평 | 우리 23,900 → 네이버 비슷(23,900)
✓ [gmarket] (신선집중) 생생스토리 스테비아 대추 방울 토망고 500gX4팩 | 우리 9,930 → 네이버 비슷(9,920)
✓ [gmarket] 달콤한 토망고 2kg (500g x4팩) 스테비아 대추방울토마토 | 우리 9,930 → 네이버 비슷(9,920)
✓ [gmarket] 이맛쌀 20kg | 우리 58,070 → 네이버 추천(62,680)
✓ [coupang] 글루어트 베지스타터 자몽맛 치커리 식이섬유 이눌린 식전야채 유산균 3 | 우리 21,040 → 네이버 추천(21,490)
✓ [coupang] 두번구워 찢은 손질먹태 160g + 와사비마요 15g x 3p + 전 | 우리 14,900 → 네이버 추천(18,870)
✓ [coupang] 다향 닭다리살 매콤 닭갈비 (냉동), 500g, 1개 | 우리 8,900 → 네이버 추천(12,260)
✓ [coupang] 벌키니 저염 닭가슴살 (냉동), 100g, 5개, 1개입 | 우리 10,320 → 네이버 추천(14,220)
✓ [coupang] 려 청아 딥 클렌징 앤 쿨링 탈모증상완화 샴푸 시트러스향, 480ml | 우리 8,450 → 네이버 비추(7,490)
✓ [11st] 오브휴 오코텍스 냉감 쿨매트 Q-MAX 0.4 | 우리 17,900 → 네이버 비추(11,810)
✓ [11st] 삼성 비스포크 냉장고 1등급 4도어 RM70F90R1ZD 905리터  | 우리 2,435,000 → 네이버 비추(1,999,000)
✓ [11st] 배상면주가 느린마을막걸리 5입 | 우리 12,430 → 네이버 추천(14,500)
✓ [11st] LG 휘센 AI 오브제컬렉션 뷰II 2in1 FQ17GU1BC2 기본 | 우리 1,909,000 → 네이버 비슷(1,909,000)
✓ [11st] 루솔 진한 배도라지즙 선물박스 60포 배즙 | 우리 50,400 → 네이버 비추(45,080)
✓ [11st] [삼육김] 들기름 광천김 식탁김 (20매) 11g 30봉 | 우리 13,300 → 네이버 추천(19,880)
✓ [11st] 오리온 고소미 70g, 5개 + 오리온샌드 나 77g, 5개 | 우리 10,400 → 네이버 추천(17,500)

판정 23/128 (18%) · DB기록 128건
✓ [gmarket] 순솔 100% 메밀국수 1kg | 우리 14,000 → 네이버 비슷(13,990)
✓ [gmarket] 체감가 9.9만) 쿠첸 더핏 슬림 6인용 전기압력밥솥 CRS-FSWK | 우리 117,200 → 네이버 비슷(117,200)
✓ [gmarket] 파스텔 야돔 강력 상쾌한 투명 6개입 세트 (유칼립투스X10배) 10 | 우리 8,230 → 네이버 추천(16,350)
✓ [gmarket] 베베숲 프라임 아기물티슈 70매 캡 20팩 프리미엄 아기 물티슈/고평 | 우리 23,900 → 네이버 비슷(23,900)
✓ [gmarket] (신선집중) 생생스토리 스테비아 대추 방울 토망고 500gX4팩 | 우리 9,930 → 네이버 비슷(9,920)
✓ [gmarket] 달콤한 토망고 2kg (500g x4팩) 스테비아 대추방울토마토 | 우리 9,930 → 네이버 비슷(9,920)
✓ [gmarket] 이맛쌀 20kg | 우리 58,070 → 네이버 추천(62,680)
✓ [11st] 배상면주가 느린마을막걸리 5입 | 우리 12,430 → 네이버 추천(14,490)
✓ [11st] LG 휘센 AI 오브제컬렉션 뷰II 2in1 FQ17GU1BC2 기본 | 우리 1,909,000 → 네이버 비슷(1,909,000)
✓ [11st] 루솔 진한 배도라지즙 선물박스 60포 배즙 | 우리 50,400 → 네이버 비추(44,970)
✓ [11st] 삼성 비스포크 냉장고 1등급 4도어 RM70F90R1ZD 905리터  | 우리 2,435,000 → 네이버 비추(1,999,000)
✓ [11st] 오브휴 오코텍스 냉감 쿨매트 Q-MAX 0.4 | 우리 17,900 → 네이버 비추(11,810)
✓ [11st] [삼육김] 들기름 광천김 식탁김 (20매) 11g 30봉 | 우리 13,300 → 네이버 추천(19,880)
✓ [11st] 오리온 고소미 70g, 5개 + 오리온샌드 나 77g, 5개 | 우리 10,400 → 네이버 추천(17,500)
✓ [coupang] 글루어트 베지스타터 자몽맛 치커리 식이섬유 이눌린 식전야채 유산균 3 | 우리 21,040 → 네이버 비추(20,410)
✓ [coupang] 두번구워 찢은 손질먹태 160g + 와사비마요 15g x 3p + 전 | 우리 14,900 → 네이버 추천(18,670)
✓ [coupang] 다향 닭다리살 매콤 닭갈비 (냉동), 500g, 1개 | 우리 8,900 → 네이버 추천(12,260)
✓ [coupang] 벌키니 저염 닭가슴살 (냉동), 100g, 5개, 1개입 | 우리 10,320 → 네이버 추천(14,220)
✓ [coupang] 려 청아 딥 클렌징 앤 쿨링 탈모증상완화 샴푸 시트러스향, 480ml | 우리 8,450 → 네이버 비추(7,490)

판정 19/128 (15%) · DB기록 128건
✓ [gmarket] 순솔 100% 메밀국수 1kg | 우리 14,000 → 네이버 비슷(13,990)
✓ [gmarket] 체감가 9.9만) 쿠첸 더핏 슬림 6인용 전기압력밥솥 CRS-FSWK | 우리 117,200 → 네이버 비슷(117,200)
✓ [gmarket] 파스텔 야돔 강력 상쾌한 투명 6개입 세트 (유칼립투스X10배) 10 | 우리 8,230 → 네이버 추천(16,350)
✓ [gmarket] 베베숲 프라임 아기물티슈 70매 캡 20팩 프리미엄 아기 물티슈/고평 | 우리 23,900 → 네이버 비슷(23,900)
✓ [gmarket] (신선집중) 생생스토리 스테비아 대추 방울 토망고 500gX4팩 | 우리 9,930 → 네이버 비슷(9,920)
✓ [gmarket] 달콤한 토망고 2kg (500g x4팩) 스테비아 대추방울토마토 | 우리 9,930 → 네이버 비슷(9,920)
✓ [gmarket] 이맛쌀 20kg | 우리 58,070 → 네이버 추천(62,680)
✓ [11st] 비오템 아쿠아파워 올인원 200ml 세트+올인원 100ml | 우리 38,530 → 네이버 비슷(38,530)
✓ [11st] [비오템옴므](강남점)[SSG] 아쿠아파워 올인원 200ml 세트(+ | 우리 38,530 → 네이버 비추(36,800)
✓ [coupang] 글루어트 베지스타터 자몽맛 치커리 식이섬유 이눌린 식전야채 유산균 3 | 우리 21,040 → 네이버 비추(20,410)
✓ [coupang] 두번구워 찢은 손질먹태 160g + 와사비마요 15g x 3p + 전 | 우리 14,900 → 네이버 추천(18,670)
✓ [coupang] 다향 닭다리살 매콤 닭갈비 (냉동), 500g, 1개 | 우리 8,900 → 네이버 추천(12,260)
✓ [coupang] 벌키니 저염 닭가슴살 (냉동), 100g, 5개, 1개입 | 우리 10,320 → 네이버 추천(14,220)
✓ [coupang] 려 청아 딥 클렌징 앤 쿨링 탈모증상완화 샴푸 시트러스향, 480ml | 우리 8,450 → 네이버 비추(7,490)

판정 14/124 (11%) · DB기록 124건
✓ [gmarket] 순솔 100% 메밀국수 1kg | 우리 14,000 → 네이버 비슷(13,990)
✓ [gmarket] 체감가 9.9만) 쿠첸 더핏 슬림 6인용 전기압력밥솥 CRS-FSWK | 우리 117,200 → 네이버 비슷(117,200)
✓ [gmarket] 파스텔 야돔 강력 상쾌한 투명 6개입 세트 (유칼립투스X10배) 10 | 우리 8,230 → 네이버 추천(16,350)
✓ [gmarket] 베베숲 프라임 아기물티슈 70매 캡 20팩 프리미엄 아기 물티슈/고평 | 우리 23,900 → 네이버 비슷(23,900)
✓ [gmarket] (신선집중) 생생스토리 스테비아 대추 방울 토망고 500gX4팩 | 우리 9,930 → 네이버 비슷(9,920)
✓ [gmarket] 달콤한 토망고 2kg (500g x4팩) 스테비아 대추방울토마토 | 우리 9,930 → 네이버 비슷(9,920)
✓ [gmarket] 이맛쌀 20kg | 우리 58,070 → 네이버 추천(62,680)
✓ [11st] 비오템 아쿠아파워 올인원 200ml 세트+올인원 100ml | 우리 38,530 → 네이버 비슷(38,530)
✓ [11st] [비오템옴므](강남점)[SSG] 아쿠아파워 올인원 200ml 세트(+ | 우리 38,530 → 네이버 비추(36,800)
✓ [coupang] 글루어트 베지스타터 자몽맛 치커리 식이섬유 이눌린 식전야채 유산균 3 | 우리 21,040 → 네이버 비추(20,410)
✓ [coupang] 두번구워 찢은 손질먹태 160g + 와사비마요 15g x 3p + 전 | 우리 14,900 → 네이버 추천(18,670)
✓ [coupang] 다향 닭다리살 매콤 닭갈비 (냉동), 500g, 1개 | 우리 8,900 → 네이버 추천(12,260)
✓ [coupang] 벌키니 저염 닭가슴살 (냉동), 100g, 5개, 1개입 | 우리 10,320 → 네이버 추천(14,220)
✓ [coupang] 려 청아 딥 클렌징 앤 쿨링 탈모증상완화 샴푸 시트러스향, 480ml | 우리 8,450 → 네이버 비추(7,490)

판정 14/124 (11%) · DB기록 124건
✓ [gmarket] 순솔 100% 메밀국수 1kg | 우리 14,000 → 네이버 비슷(13,990)
✓ [gmarket] 체감가 9.9만) 쿠첸 더핏 슬림 6인용 전기압력밥솥 CRS-FSWK | 우리 117,200 → 네이버 추천(128,490)
✓ [gmarket] 파스텔 야돔 강력 상쾌한 투명 6개입 세트 (유칼립투스X10배) 10 | 우리 8,230 → 네이버 추천(16,350)
✓ [gmarket] 베베숲 프라임 아기물티슈 70매 캡 20팩 프리미엄 아기 물티슈/고평 | 우리 23,900 → 네이버 비슷(23,900)
✓ [gmarket] (신선집중) 생생스토리 스테비아 대추 방울 토망고 500gX4팩 | 우리 9,930 → 네이버 비슷(9,920)
✓ [gmarket] 달콤한 토망고 2kg (500g x4팩) 스테비아 대추방울토마토 | 우리 9,930 → 네이버 비슷(9,920)
✓ [gmarket] 이맛쌀 20kg | 우리 58,070 → 네이버 추천(62,680)
✓ [11st] [1+1] 코드나인 FAN190-ST 탁상용 선풍기 BLDC 저소음 | 우리 29,900 → 네이버 비추(19,900)
✓ [11st] 그레인랩 고소한99.9 무가당두유 190ml 40팩, 1개 | 우리 13,900 → 네이버 비슷(13,900)
✓ [11st] Bee2 비투 호주 유칼립투스 꿀 스틱 12g x 250개 | 우리 69,260 → 네이버 비추(65,120)
✓ [11st] 비타그램 흡입 괄사 마사지기 목어깨 안마기 VG-GC100 | 우리 26,500 → 네이버 추천(33,760)
✓ [11st] 남해안 활 새꼬막 3kg | 우리 8,080 → 네이버 비슷(8,080)
✓ [11st] 인절미아몬드*20봉+20봉 | 우리 14,820 → 네이버 비추(10,360)
✓ [11st] 그레인랩 고소한99.9 무가당두유 190ml, 40입, 1개 | 우리 13,900 → 네이버 비슷(13,900)
✓ [11st] 비타그램 흡입 괄사 마사지기 목 어깨 안마기 VG-GC100 | 우리 26,500 → 네이버 추천(33,760)
✓ [11st] 숨 한장씩 쏙쏙 뽑아쓰는 3겹 키친타올 100매 9팩 천연펄프 무형광 | 우리 6,900 → 네이버 비슷(6,900)
✓ [coupang] 글루어트 베지스타터 자몽맛 치커리 식이섬유 이눌린 식전야채 유산균 3 | 우리 21,040 → 네이버 비추(20,410)
✓ [coupang] 두번구워 찢은 손질먹태 160g + 와사비마요 15g x 3p + 전 | 우리 14,900 → 네이버 추천(18,670)
✓ [coupang] 다향 닭다리살 매콤 닭갈비 (냉동), 500g, 1개 | 우리 8,900 → 네이버 추천(12,260)
✓ [coupang] 벌키니 저염 닭가슴살 (냉동), 100g, 5개, 1개입 | 우리 10,320 → 네이버 추천(14,220)
✓ [coupang] 려 청아 딥 클렌징 앤 쿨링 탈모증상완화 샴푸 시트러스향, 480ml | 우리 8,450 → 네이버 비추(7,490)

판정 21/125 (17%) · DB기록 125건
✓ [gmarket] 순솔 100% 메밀국수 1kg | 우리 14,000 → 네이버 비슷(13,990)
✓ [gmarket] 체감가 9.9만) 쿠첸 더핏 슬림 6인용 전기압력밥솥 CRS-FSWK | 우리 117,200 → 네이버 추천(128,400)
✓ [gmarket] 베베숲 프라임 아기물티슈 70매 캡 20팩 프리미엄 아기 물티슈/고평 | 우리 23,900 → 네이버 비슷(23,900)
✓ [gmarket] (신선집중) 생생스토리 스테비아 대추 방울 토망고 500gX4팩 | 우리 9,930 → 네이버 비슷(9,920)
✓ [gmarket] 달콤한 토망고 2kg (500g x4팩) 스테비아 대추방울토마토 | 우리 9,930 → 네이버 비슷(9,920)
✓ [gmarket] 이맛쌀 20kg | 우리 58,070 → 네이버 추천(62,680)
✓ [gmarket] 3장세트 기능성 쿨 드라이 무지 반팔 티셔츠 무지티 쿨티셔츠 반팔티 | 우리 11,130 → 네이버 비추(10,700)
✓ [11st] 그레인랩 고소한99.9 무가당두유 190ml 40팩, 1개 | 우리 13,900 → 네이버 비슷(13,900)
✓ [11st] [1+1] 코드나인 FAN190-ST 탁상용 선풍기 BLDC 저소음 | 우리 29,900 → 네이버 비추(19,900)
✓ [11st] 남해안 활 새꼬막 3kg | 우리 8,080 → 네이버 비슷(8,080)
✓ [11st] 인절미아몬드*20봉+20봉 | 우리 14,820 → 네이버 비추(10,360)
✓ [11st] 비타그램 흡입 괄사 마사지기 목어깨 안마기 VG-GC100 | 우리 26,500 → 네이버 추천(33,760)
✓ [11st] Bee2 비투 호주 유칼립투스 꿀 스틱 12g x 250개 | 우리 69,260 → 네이버 비추(65,120)
✓ [11st] 그레인랩 고소한99.9 무가당두유 190ml, 40입, 1개 | 우리 13,900 → 네이버 비슷(13,900)
✓ [11st] 비타그램 흡입 괄사 마사지기 목 어깨 안마기 VG-GC100 | 우리 26,500 → 네이버 추천(33,760)
✓ [coupang] 글루어트 베지스타터 자몽맛 치커리 식이섬유 이눌린 식전야채 유산균 3 | 우리 21,040 → 네이버 비추(20,410)
✓ [coupang] 두번구워 찢은 손질먹태 160g + 와사비마요 15g x 3p + 전 | 우리 14,900 → 네이버 추천(18,670)
✓ [coupang] 다향 닭다리살 매콤 닭갈비 (냉동), 500g, 1개 | 우리 8,900 → 네이버 추천(12,260)
✓ [coupang] 벌키니 저염 닭가슴살 (냉동), 100g, 5개, 1개입 | 우리 10,320 → 네이버 추천(14,220)
✓ [coupang] 려 청아 딥 클렌징 앤 쿨링 탈모증상완화 샴푸 시트러스향, 480ml | 우리 8,450 → 네이버 비추(7,490)

판정 20/125 (16%) · DB기록 125건
✓ [gmarket] (깜짝)리챔 오리지널 200g 10캔 | 우리 21,400 → 네이버 비추(20,300)
✓ [gmarket] 빈츠 204g x 2곽 + 칙촉 168g x 4곽 | 우리 15,120 → 네이버 비슷(15,120)
✓ [gmarket] 오리온 촉촉한 초코칩 16개입 x 3박스 | 우리 10,900 → 네이버 비슷(10,900)
✓ [gmarket] 순수본가 춘천양념 닭갈비 600g x 4팩/ 닭다리순살/ 17010원 | 우리 19,330 → 네이버 추천(25,910)
✓ [gmarket] (신선집중) 누리푸드 프리미엄 목살과 앞다리살 주물럭용 1.5KG(2 | 우리 15,400 → 네이버 비슷(15,400)
✓ [gmarket] 여수 돌산 고들빼기김치 전남지사인증 100%국내산 1kg | 우리 12,590 → 네이버 비슷(12,590)
✓ [gmarket] 체감가 9.9만) 쿠첸 더핏 슬림 6인용 전기압력밥솥 CRS-FSWK | 우리 117,200 → 네이버 추천(128,400)
✓ [gmarket] 베베숲 프라임 아기물티슈 70매 캡 20팩 프리미엄 아기 물티슈/고평 | 우리 23,900 → 네이버 비슷(23,900)
✓ [gmarket] (신선집중) 생생스토리 스테비아 대추 방울 토망고 500gX4팩 | 우리 9,930 → 네이버 비슷(9,920)
✓ [gmarket] 달콤한 토망고 2kg (500g x4팩) 스테비아 대추방울토마토 | 우리 9,930 → 네이버 비슷(9,920)
✓ [gmarket] 이맛쌀 20kg | 우리 58,070 → 네이버 추천(62,680)
✓ [gmarket] 오리온 초코송이 36g X 18개입 X 2박스 | 우리 16,900 → 네이버 비슷(16,890)
✓ [11st] 푸드올로지 톡스올로지 클렌즈 48시간 ABC주스 1개 외 | 우리 21,800 → 네이버 비추(20,900)
✓ [11st] 맘스터치 바삭 치킨강정 1kg+1kg | 우리 17,990 → 네이버 비추(8,200)
✓ [11st] 라플로 엑스트라버진 올리브오일 750ml/아보카도오일 | 우리 17,850 → 네이버 추천(36,110)
✓ [11st] [사은품]바세린 모이스처 핸드크림 1100ml 15%즉할 | 우리 8,900 → 네이버 추천(15,700)
✓ [11st] 국민과 함께, 삼성전자 감사 페스티벌 [탭데이+최종+80만+트레이드인 | 우리 1,104,210 → 네이버 비추(987,500)
✓ [coupang] 글루어트 베지스타터 자몽맛 치커리 식이섬유 이눌린 식전야채 유산균 3 | 우리 21,040 → 네이버 비추(20,410)
✓ [coupang] 두번구워 찢은 손질먹태 160g + 와사비마요 15g x 3p + 전 | 우리 14,900 → 네이버 추천(18,670)
✓ [coupang] 다향 닭다리살 매콤 닭갈비 (냉동), 500g, 1개 | 우리 8,900 → 네이버 추천(12,260)
✓ [coupang] 벌키니 저염 닭가슴살 (냉동), 100g, 5개, 1개입 | 우리 10,320 → 네이버 추천(14,220)
✓ [coupang] 려 청아 딥 클렌징 앤 쿨링 탈모증상완화 샴푸 시트러스향, 480ml | 우리 8,450 → 네이버 비추(7,490)

판정 22/128 (17%) · DB기록 128건
✓ [gmarket] (깜짝)리챔 오리지널 200g 10캔 | 우리 21,400 → 네이버 비추(20,300)
✓ [gmarket] 빈츠 204g x 2곽 + 칙촉 168g x 4곽 | 우리 15,120 → 네이버 비슷(15,120)
✓ [gmarket] 오리온 촉촉한 초코칩 16개입 x 3박스 | 우리 10,900 → 네이버 비슷(10,900)
✓ [gmarket] (신선집중) 누리푸드 프리미엄 목살과 앞다리살 주물럭용 1.5KG(2 | 우리 15,400 → 네이버 비슷(15,400)
✓ [gmarket] 여수 돌산 고들빼기김치 전남지사인증 100%국내산 1kg | 우리 12,590 → 네이버 비슷(12,590)
✓ [gmarket] 체감가 9.9만) 쿠첸 더핏 슬림 6인용 전기압력밥솥 CRS-FSWK | 우리 117,200 → 네이버 추천(128,400)
✓ [gmarket] 베베숲 프라임 아기물티슈 70매 캡 20팩 프리미엄 아기 물티슈/고평 | 우리 23,900 → 네이버 비슷(23,900)
✓ [gmarket] (신선집중) 생생스토리 스테비아 대추 방울 토망고 500gX4팩 | 우리 9,930 → 네이버 비슷(9,920)
✓ [gmarket] 달콤한 토망고 2kg (500g x4팩) 스테비아 대추방울토마토 | 우리 9,930 → 네이버 비슷(9,920)
✓ [gmarket] 이맛쌀 20kg | 우리 58,070 → 네이버 추천(62,680)
✓ [gmarket] 오리온 초코송이 36g X 18개입 X 2박스 | 우리 16,900 → 네이버 비슷(16,890)
✓ [11st] 푸드올로지 톡스올로지 클렌즈 48시간 ABC주스 1개 외 | 우리 21,800 → 네이버 비추(20,900)
✓ [11st] 맘스터치 바삭 치킨강정 1kg+1kg | 우리 17,990 → 네이버 비추(8,200)
✓ [11st] 라플로 엑스트라버진 올리브오일 750ml/아보카도오일 | 우리 17,850 → 네이버 추천(36,110)
✓ [11st] [사은품]바세린 모이스처 핸드크림 1100ml 15%즉할 | 우리 8,900 → 네이버 추천(15,700)
✓ [11st] 국민과 함께, 삼성전자 감사 페스티벌 [탭데이+최종+80만+트레이드인 | 우리 1,104,210 → 네이버 비추(987,500)
✓ [coupang] 글루어트 베지스타터 자몽맛 치커리 식이섬유 이눌린 식전야채 유산균 3 | 우리 21,040 → 네이버 비추(20,410)
✓ [coupang] 두번구워 찢은 손질먹태 160g + 와사비마요 15g x 3p + 전 | 우리 14,900 → 네이버 추천(18,670)
✓ [coupang] 벌키니 저염 닭가슴살 (냉동), 100g, 5개, 1개입 | 우리 10,320 → 네이버 추천(14,220)
✓ [coupang] 다향 닭다리살 매콤 닭갈비 (냉동), 500g, 1개 | 우리 8,900 → 네이버 추천(12,260)
✓ [coupang] 려 청아 딥 클렌징 앤 쿨링 탈모증상완화 샴푸 시트러스향, 480ml | 우리 8,450 → 네이버 비추(7,490)

판정 21/127 (17%) · DB기록 127건
✓ [gmarket] (깜짝)리챔 오리지널 200g 10캔 | 우리 21,400 → 네이버 비추(20,300)
✓ [gmarket] 빈츠 204g x 2곽 + 칙촉 168g x 4곽 | 우리 15,120 → 네이버 비슷(15,120)
✓ [gmarket] 오리온 촉촉한 초코칩 16개입 x 3박스 | 우리 10,900 → 네이버 비슷(10,900)
✓ [gmarket] (신선집중) 누리푸드 프리미엄 목살과 앞다리살 주물럭용 1.5KG(2 | 우리 15,400 → 네이버 비슷(15,400)
✓ [gmarket] 여수 돌산 고들빼기김치 전남지사인증 100%국내산 1kg | 우리 12,590 → 네이버 비슷(12,590)
✓ [gmarket] 체감가 9.9만) 쿠첸 더핏 슬림 6인용 전기압력밥솥 CRS-FSWK | 우리 117,200 → 네이버 추천(128,400)
✓ [gmarket] 달콤한 토망고 2kg (500g x4팩) 스테비아 대추방울토마토 | 우리 9,930 → 네이버 비슷(9,920)
✓ [gmarket] 베베숲 프라임 아기물티슈 70매 캡 20팩 프리미엄 아기 물티슈/고평 | 우리 23,900 → 네이버 비슷(23,900)
✓ [gmarket] 이맛쌀 20kg | 우리 58,070 → 네이버 추천(62,680)
✓ [gmarket] 오리온 초코송이 36g X 18개입 X 2박스 | 우리 16,900 → 네이버 비슷(16,890)
✓ [coupang] 글루어트 베지스타터 자몽맛 치커리 식이섬유 이눌린 식전야채 유산균 3 | 우리 21,040 → 네이버 비추(20,410)
✓ [coupang] 두번구워 찢은 손질먹태 160g + 와사비마요 15g x 3p + 전 | 우리 14,900 → 네이버 추천(18,670)
✓ [coupang] 벌키니 저염 닭가슴살 (냉동), 100g, 5개, 1개입 | 우리 10,320 → 네이버 추천(14,220)
✓ [coupang] 다향 닭다리살 매콤 닭갈비 (냉동), 500g, 1개 | 우리 8,900 → 네이버 추천(12,260)
✓ [coupang] 려 청아 딥 클렌징 앤 쿨링 탈모증상완화 샴푸 시트러스향, 480ml | 우리 8,450 → 네이버 비추(7,490)
✓ [11st] 26년 수확 국내산 달달하고 단단한 햇 양파 특상 5kg | 우리 6,440 → 네이버 비추(4,450)
✓ [11st] 내일도착 불스원 크리스탈 올인원 컴파운드 140ml | 우리 15,290 → 네이버 비추(10,900)
✓ [11st] 노비타 더블 살균비데 방수 IPX7 리모컨형 | 우리 344,000 → 네이버 추천(364,800)
✓ [11st] 홍주부 저온압착 당일착유 참기름 350ml+350ml | 우리 12,940 → 네이버 비추(5,900)
✓ [11st] 3M 내츄럴 옥수수 수세미15개+사은품 증정 외 | 우리 17,250 → 네이버 추천(26,480)
✓ [11st] [아이러브제이] N.아리아 프릴 3부 팬츠 JVUPT65 | 우리 15,490 → 네이버 추천(18,820)
✓ [11st] [아이러브제이] N.사랑스럽게 러플 3부 팬츠 JVUPT67 | 우리 11,870 → 네이버 추천(16,830)
✓ [11st] [아이러브제이] A.트위티 3부 면마 팬츠 JVUPT84 | 우리 12,830 → 네이버 추천(18,280)
✓ [11st] [아이러브제이] J.쿨링 9부 베이직 레깅스 JVULE02 | 우리 6,010 → 네이버 추천(8,240)
✓ [11st] [아이러브제이] QP/공용 베이직T 반팔 2PACK_WHBK02 | 우리 18,360 → 네이버 추천(28,840)
✓ [11st] [아이러브제이] N.머메이드 스팽글 스커트 JVUSK61 | 우리 24,280 → 네이버 추천(28,910)

판정 26/130 (20%) · DB기록 130건
✓ [gmarket] (깜짝)리챔 오리지널 200g 10캔 | 우리 21,400 → 네이버 비추(20,300)
✓ [gmarket] 빈츠 204g x 2곽 + 칙촉 168g x 4곽 | 우리 15,120 → 네이버 비슷(15,120)
✓ [gmarket] 오리온 촉촉한 초코칩 16개입 x 3박스 | 우리 10,900 → 네이버 비슷(10,900)
✓ [gmarket] (신선집중) 누리푸드 프리미엄 목살과 앞다리살 주물럭용 1.5KG(2 | 우리 15,400 → 네이버 비슷(15,400)
✓ [gmarket] 여수 돌산 고들빼기김치 전남지사인증 100%국내산 1kg | 우리 12,590 → 네이버 비슷(12,590)
✓ [gmarket] PS5 GTA 6 그랜드 테프트 오토6 한글판 예약 11/12 이후  | 우리 89,800 → 네이버 비슷(89,800)
✓ [gmarket] 체감가 9.9만) 쿠첸 더핏 슬림 6인용 전기압력밥솥 CRS-FSWK | 우리 117,200 → 네이버 추천(128,400)
✓ [gmarket] 베베숲 프라임 아기물티슈 70매 캡 20팩 프리미엄 아기 물티슈/고평 | 우리 23,900 → 네이버 비슷(23,900)
✓ [gmarket] 달콤한 토망고 2kg (500g x4팩) 스테비아 대추방울토마토 | 우리 9,930 → 네이버 비슷(9,920)
✓ [gmarket] 이맛쌀 20kg | 우리 58,070 → 네이버 추천(62,680)
✓ [gmarket] 오리온 초코송이 36g X 18개입 X 2박스 | 우리 16,900 → 네이버 비슷(16,890)
✓ [11st] 3M 내츄럴 옥수수 수세미15개+사은품 증정 외 | 우리 17,250 → 네이버 추천(26,480)
✓ [11st] 26년 수확 국내산 달달하고 단단한 햇 양파 특상 5kg | 우리 6,440 → 네이버 비추(4,450)
✓ [11st] 내일도착 불스원 크리스탈 올인원 컴파운드 140ml | 우리 15,290 → 네이버 비추(10,900)
✓ [11st] 홍주부 저온압착 당일착유 참기름 350ml+350ml | 우리 12,940 → 네이버 비추(5,900)
✓ [11st] 노비타 더블 살균비데 방수 IPX7 리모컨형 | 우리 344,000 → 네이버 추천(364,800)
✓ [11st] 라엘 에어리쿨 순면커버 7팩 (중형/대형) | 우리 31,490 → 네이버 비추(20,240)
✓ [11st] [삼촌식탁] 달콤 짭짤 갈비맛 산적 1kg, 2봉(총2kg) | 우리 9,990 → 네이버 추천(13,300)
✓ [coupang] 글루어트 베지스타터 자몽맛 치커리 식이섬유 이눌린 식전야채 유산균 3 | 우리 21,040 → 네이버 비추(20,410)
✓ [coupang] 두번구워 찢은 손질먹태 160g + 와사비마요 15g x 3p + 전 | 우리 14,900 → 네이버 추천(18,670)
✓ [coupang] 벌키니 저염 닭가슴살 (냉동), 100g, 5개, 1개입 | 우리 10,320 → 네이버 추천(14,220)
✓ [coupang] 다향 닭다리살 매콤 닭갈비 (냉동), 500g, 1개 | 우리 8,900 → 네이버 추천(12,260)
✓ [coupang] 려 청아 딥 클렌징 앤 쿨링 탈모증상완화 샴푸 시트러스향, 480ml | 우리 8,450 → 네이버 비추(7,490)

판정 23/128 (18%) · DB기록 128건
✓ [gmarket] (깜짝)리챔 오리지널 200g 10캔 | 우리 21,400 → 네이버 비추(20,300)
✓ [gmarket] 빈츠 204g x 2곽 + 칙촉 168g x 4곽 | 우리 15,120 → 네이버 비슷(15,120)
✓ [gmarket] 오리온 촉촉한 초코칩 16개입 x 3박스 | 우리 10,900 → 네이버 비슷(10,900)
✓ [gmarket] (신선집중) 누리푸드 프리미엄 목살과 앞다리살 주물럭용 1.5KG(2 | 우리 15,400 → 네이버 비슷(15,400)
✓ [gmarket] 여수 돌산 고들빼기김치 전남지사인증 100%국내산 1kg | 우리 12,590 → 네이버 비슷(12,590)
✓ [gmarket] PS5 GTA 6 그랜드 테프트 오토6 한글판 예약 11/12 이후  | 우리 89,800 → 네이버 비슷(89,800)
✓ [gmarket] 체감가 9.9만) 쿠첸 더핏 슬림 6인용 전기압력밥솥 CRS-FSWK | 우리 117,200 → 네이버 추천(128,400)
✓ [gmarket] 베베숲 프라임 아기물티슈 70매 캡 20팩 프리미엄 아기 물티슈/고평 | 우리 23,900 → 네이버 비슷(23,900)
✓ [gmarket] 달콤한 토망고 2kg (500g x4팩) 스테비아 대추방울토마토 | 우리 9,930 → 네이버 비슷(9,920)
✓ [gmarket] 이맛쌀 20kg | 우리 58,070 → 네이버 추천(62,680)
✓ [gmarket] 오리온 초코송이 36g X 18개입 X 2박스 | 우리 16,900 → 네이버 비슷(16,890)
✓ [11st] 노비타 더블 살균비데 방수 IPX7 리모컨형 | 우리 344,000 → 네이버 비슷(344,000)
✓ [11st] 내일도착 불스원 크리스탈 올인원 컴파운드 140ml | 우리 15,290 → 네이버 비추(10,900)
✓ [11st] 3M 내츄럴 옥수수 수세미15개+사은품 증정 외 | 우리 17,250 → 네이버 추천(26,480)
✓ [11st] 26년 수확 국내산 달달하고 단단한 햇 양파 특상 5kg | 우리 6,440 → 네이버 비추(4,450)
✓ [11st] 홍주부 저온압착 당일착유 참기름 350ml+350ml | 우리 12,940 → 네이버 비추(5,900)
✓ [11st] 라엘 에어리쿨 순면커버 7팩 (중형/대형) | 우리 31,490 → 네이버 비추(20,240)
✓ [11st] 소문난삼부자 올리브유 도시락김 4g 48봉 | 우리 14,900 → 네이버 비추(11,700)
✓ [coupang] 글루어트 베지스타터 자몽맛 치커리 식이섬유 이눌린 식전야채 유산균 3 | 우리 21,040 → 네이버 비추(20,410)
✓ [coupang] 두번구워 찢은 손질먹태 160g + 와사비마요 15g x 3p + 전 | 우리 14,900 → 네이버 추천(18,670)
✓ [coupang] 벌키니 저염 닭가슴살 (냉동), 100g, 5개, 1개입 | 우리 10,320 → 네이버 추천(14,220)
✓ [coupang] 다향 닭다리살 매콤 닭갈비 (냉동), 500g, 1개 | 우리 8,900 → 네이버 추천(12,260)
✓ [coupang] 려 청아 딥 클렌징 앤 쿨링 탈모증상완화 샴푸 시트러스향, 480ml | 우리 8,450 → 네이버 비추(7,490)

판정 23/128 (18%) · DB기록 128건
✓ [gmarket] (깜짝)리챔 오리지널 200g 10캔 | 우리 21,400 → 네이버 비추(20,300)
✓ [gmarket] 빈츠 204g x 2곽 + 칙촉 168g x 4곽 | 우리 15,120 → 네이버 비슷(15,120)
✓ [gmarket] 순수본가 춘천양념 닭갈비 600g x 4팩/ 닭다리순살/ 17010원 | 우리 19,330 → 네이버 추천(26,490)
✓ [gmarket] 오리온 촉촉한 초코칩 16개입 x 3박스 | 우리 10,900 → 네이버 비슷(10,900)
✓ [gmarket] (신선집중) 누리푸드 프리미엄 목살과 앞다리살 주물럭용 1.5KG(2 | 우리 15,400 → 네이버 비슷(15,400)
✓ [gmarket] 여수 돌산 고들빼기김치 전남지사인증 100%국내산 1kg | 우리 12,590 → 네이버 비슷(12,590)
✓ [gmarket] PS5 GTA 6 그랜드 테프트 오토6 한글판 예약 11/12 이후  | 우리 89,800 → 네이버 비슷(89,800)
✓ [gmarket] 체감가 9.9만) 쿠첸 더핏 슬림 6인용 전기압력밥솥 CRS-FSWK | 우리 117,200 → 네이버 추천(128,400)
✓ [gmarket] 베베숲 프라임 아기물티슈 70매 캡 20팩 프리미엄 아기 물티슈/고평 | 우리 23,900 → 네이버 비슷(23,900)
✓ [gmarket] 달콤한 토망고 2kg (500g x4팩) 스테비아 대추방울토마토 | 우리 9,930 → 네이버 비슷(9,920)
✓ [gmarket] 이맛쌀 20kg | 우리 58,070 → 네이버 추천(62,680)
✓ [11st] 26년 수확 국내산 달달하고 단단한 햇 양파 특상 5kg | 우리 6,440 → 네이버 비추(4,450)
✓ [11st] 3M 내츄럴 옥수수 수세미15개+사은품 증정 외 | 우리 17,250 → 네이버 추천(26,480)
✓ [11st] 내일도착 불스원 크리스탈 올인원 컴파운드 140ml | 우리 15,290 → 네이버 비추(10,900)
✓ [11st] 홍주부 저온압착 당일착유 참기름 350ml+350ml | 우리 12,940 → 네이버 비추(5,900)
✓ [11st] 노비타 더블 살균비데 방수 IPX7 리모컨형 | 우리 344,000 → 네이버 비슷(344,000)
✓ [11st] 라엘 에어리쿨 순면커버 7팩 (중형/대형) | 우리 31,490 → 네이버 비추(20,240)
✓ [11st] 소문난삼부자 올리브유 도시락김 4g 48봉 | 우리 14,900 → 네이버 비추(11,700)
✓ [coupang] 글루어트 베지스타터 자몽맛 치커리 식이섬유 이눌린 식전야채 유산균 3 | 우리 21,040 → 네이버 비추(20,410)
✓ [coupang] 두번구워 찢은 손질먹태 160g + 와사비마요 15g x 3p + 전 | 우리 14,900 → 네이버 추천(18,670)
✓ [coupang] 벌키니 저염 닭가슴살 (냉동), 100g, 5개, 1개입 | 우리 10,320 → 네이버 추천(14,220)
✓ [coupang] 다향 닭다리살 매콤 닭갈비 (냉동), 500g, 1개 | 우리 8,900 → 네이버 추천(12,260)
✓ [coupang] 려 청아 딥 클렌징 앤 쿨링 탈모증상완화 샴푸 시트러스향, 480ml | 우리 8,450 → 네이버 비추(7,490)

판정 23/128 (18%) · DB기록 128건
✓ [gmarket] 빈츠 204g x 2곽 + 칙촉 168g x 4곽 | 우리 15,120 → 네이버 비슷(15,120)
✓ [gmarket] (깜짝)리챔 오리지널 200g 10캔 | 우리 21,400 → 네이버 비추(20,300)
✓ [gmarket] 순수본가 춘천양념 닭갈비 600g x 4팩/ 닭다리순살/ 17010원 | 우리 19,330 → 네이버 추천(26,490)
✓ [gmarket] 오리온 촉촉한 초코칩 16개입 x 3박스 | 우리 10,900 → 네이버 비슷(10,900)
✓ [gmarket] (신선집중) 누리푸드 프리미엄 목살과 앞다리살 주물럭용 1.5KG(2 | 우리 15,400 → 네이버 비슷(15,400)
✓ [gmarket] 여수 돌산 고들빼기김치 전남지사인증 100%국내산 1kg | 우리 12,590 → 네이버 비슷(12,590)
✓ [gmarket] PS5 GTA 6 그랜드 테프트 오토6 한글판 예약 11/12 이후  | 우리 89,800 → 네이버 비슷(89,800)
✓ [gmarket] 체감가 9.9만) 쿠첸 더핏 슬림 6인용 전기압력밥솥 CRS-FSWK | 우리 117,200 → 네이버 추천(128,400)
✓ [gmarket] 베베숲 프라임 아기물티슈 70매 캡 20팩 프리미엄 아기 물티슈/고평 | 우리 23,900 → 네이버 비슷(23,900)
✓ [gmarket] 달콤한 토망고 2kg (500g x4팩) 스테비아 대추방울토마토 | 우리 9,930 → 네이버 비슷(9,920)
✓ [gmarket] 이맛쌀 20kg | 우리 58,070 → 네이버 추천(62,680)
✓ [11st] 26년 수확 국내산 달달하고 단단한 햇 양파 특상 5kg | 우리 6,440 → 네이버 비추(4,450)
✓ [11st] 3M 내츄럴 옥수수 수세미15개+사은품 증정 외 | 우리 17,250 → 네이버 추천(26,480)
✓ [11st] 내일도착 불스원 크리스탈 올인원 컴파운드 140ml | 우리 15,290 → 네이버 비추(10,900)
✓ [11st] 홍주부 저온압착 당일착유 참기름 350ml+350ml | 우리 12,940 → 네이버 비추(5,900)
✓ [11st] 노비타 더블 살균비데 방수 IPX7 리모컨형 | 우리 344,000 → 네이버 비슷(344,000)
✓ [11st] 라엘 에어리쿨 순면커버 7팩 (중형/대형) | 우리 31,490 → 네이버 비추(20,240)
✓ [11st] 소문난삼부자 올리브유 도시락김 4g 48봉 | 우리 14,900 → 네이버 비추(11,700)
✓ [coupang] 마이노멀 딸기잼, 320g, 1개 | 우리 11,680 → 네이버 비추(9,980)
✓ [coupang] 푸디버디 포슬담백 감자너겟 (냉동), 300g, 1개 | 우리 5,800 → 네이버 비슷(5,800)
✓ [coupang] 메디필 멜라논 엑스 크림, 30ml, 1개 | 우리 8,800 → 네이버 비추(4,780)
✓ [coupang] 그린래빗 에그 햄 치즈 페스트리 샌드위치, 165g, 2개 | 우리 10,900 → 네이버 추천(17,480)
✓ [coupang] 위즈웰 아로마 커피그라인더, WSG-9900 | 우리 28,980 → 네이버 비추(25,900)

판정 23/127 (18%) · DB기록 127건
✓ [gmarket] 필립스 알카라인 AA건전지 AAA건전지 40개입 07/01~05 큰일 | 우리 8,630 → 네이버 비슷(8,710)
✓ [gmarket] 혜택가177만원대 LG 휘센 AI 오브제컬렉션 뷰II 2in1 FQ1 | 우리 1,909,000 → 네이버 비슷(1,909,000)
✓ [gmarket] 체감가 9.9만) 쿠첸 더핏 슬림 6인용 전기압력밥솥 CRS-FSWK | 우리 117,200 → 네이버 추천(128,400)
✓ [gmarket] 베베숲 프라임 아기물티슈 70매 캡 20팩 프리미엄 아기 물티슈/고평 | 우리 23,900 → 네이버 비슷(23,900)
✓ [gmarket] 달콤한 토망고 2kg (500g x4팩) 스테비아 대추방울토마토 | 우리 9,930 → 네이버 비슷(9,920)
✓ [gmarket] 이맛쌀 20kg | 우리 58,070 → 네이버 추천(62,680)
✓ [11st] 26년 수확 국내산 달달하고 단단한 햇 양파 특상 5kg | 우리 6,440 → 네이버 비추(4,450)
✓ [11st] 3M 내츄럴 옥수수 수세미15개+사은품 증정 외 | 우리 17,250 → 네이버 추천(26,480)
✓ [11st] 내일도착 불스원 크리스탈 올인원 컴파운드 140ml | 우리 15,290 → 네이버 비추(10,900)
✓ [11st] 홍주부 저온압착 당일착유 참기름 350ml+350ml | 우리 12,940 → 네이버 비추(5,900)
✓ [11st] 노비타 더블 살균비데 방수 IPX7 리모컨형 | 우리 344,000 → 네이버 비슷(344,000)
✓ [11st] 라엘 에어리쿨 순면커버 7팩 (중형/대형) | 우리 31,490 → 네이버 비추(20,240)
✓ [11st] 소문난삼부자 올리브유 도시락김 4g 48봉 | 우리 14,900 → 네이버 비추(11,700)
✓ [11st] 라엘 에어리쿨 순면커버 입는 오버나이트 4p 7팩 (미디엄/라지) | 우리 27,260 → 네이버 비슷(27,260)
✓ [coupang] 마이노멀 딸기잼, 320g, 1개 | 우리 11,680 → 네이버 비추(9,980)
✓ [coupang] 푸디버디 포슬담백 감자너겟 (냉동), 300g, 1개 | 우리 5,800 → 네이버 비슷(5,800)
✓ [coupang] 메디필 멜라논 엑스 크림, 30ml, 1개 | 우리 8,800 → 네이버 비추(4,780)
✓ [coupang] 그린래빗 에그 햄 치즈 페스트리 샌드위치, 165g, 2개 | 우리 10,900 → 네이버 추천(17,480)
✓ [coupang] 위즈웰 아로마 커피그라인더, WSG-9900 | 우리 28,980 → 네이버 비추(23,180)

판정 19/124 (15%) · DB기록 124건
✓ [gmarket] 필립스 알카라인 AA건전지 AAA건전지 40개입 07/01~05 큰일 | 우리 8,630 → 네이버 비슷(8,630)
✓ [gmarket] 혜택가177만원대 LG 휘센 AI 오브제컬렉션 뷰II 2in1 FQ1 | 우리 1,909,000 → 네이버 비슷(1,909,000)
✓ [gmarket] 체감가 9.9만) 쿠첸 더핏 슬림 6인용 전기압력밥솥 CRS-FSWK | 우리 117,200 → 네이버 추천(128,400)
✓ [gmarket] 베베숲 프라임 아기물티슈 70매 캡 20팩 프리미엄 아기 물티슈/고평 | 우리 23,900 → 네이버 비슷(23,900)
✓ [gmarket] 달콤한 토망고 2kg (500g x4팩) 스테비아 대추방울토마토 | 우리 9,930 → 네이버 비슷(9,920)
✓ [gmarket] 이맛쌀 20kg | 우리 58,070 → 네이버 추천(62,680)
✓ [11st] 르젠 10인치 BLDC 유무선 선풍기 LZDF-FR10AT | 우리 90,100 → 네이버 추천(111,200)
✓ [11st] 네이처리퍼블릭 승무원크림 쉐어버터 스팀크림 100ml | 우리 14,900 → 네이버 비추(11,300)
✓ [11st] 아이나비 Qi2 냉각쿨링 맥세이프 거치대 | 우리 25,900 → 네이버 비슷(25,900)
✓ [11st] 아이나비 Qi2 냉각쿨링 펠티어 맥세이프거치대 차량용 핸드폰 고속 무 | 우리 25,900 → 네이버 비슷(25,900)
✓ [11st] 스케쳐스 남자 심리스 모달 드로즈 4장세트 | 우리 22,320 → 네이버 추천(24,700)
✓ [11st] 소문난삼부자 올리브유 도시락김 4g 48봉 | 우리 14,900 → 네이버 비추(11,700)
✓ [coupang] 마이노멀 딸기잼, 320g, 1개 | 우리 11,680 → 네이버 비추(9,980)
✓ [coupang] 푸디버디 포슬담백 감자너겟 (냉동), 300g, 1개 | 우리 5,800 → 네이버 비슷(5,800)
✓ [coupang] 메디필 멜라논 엑스 크림, 30ml, 1개 | 우리 8,800 → 네이버 비추(4,780)
✓ [coupang] 그린래빗 에그 햄 치즈 페스트리 샌드위치, 165g, 2개 | 우리 10,900 → 네이버 추천(17,480)
✓ [coupang] 위즈웰 아로마 커피그라인더, WSG-9900 | 우리 28,980 → 네이버 비추(23,180)

판정 17/127 (13%) · DB기록 127건
✓ [gmarket] 필립스 알카라인 AA건전지 AAA건전지 40개입 07/01~05 큰일 | 우리 8,630 → 네이버 비슷(8,630)
✓ [gmarket] 혜택가177만원대 LG 휘센 AI 오브제컬렉션 뷰II 2in1 FQ1 | 우리 1,909,000 → 네이버 비슷(1,909,000)
✓ [gmarket] 체감가 9.9만) 쿠첸 더핏 슬림 6인용 전기압력밥솥 CRS-FSWK | 우리 117,200 → 네이버 추천(125,800)
✓ [gmarket] 베베숲 프라임 아기물티슈 70매 캡 20팩 프리미엄 아기 물티슈/고평 | 우리 23,900 → 네이버 비슷(23,900)
✓ [gmarket] 달콤한 토망고 2kg (500g x4팩) 스테비아 대추방울토마토 | 우리 9,930 → 네이버 비슷(9,920)
✓ [gmarket] 이맛쌀 20kg | 우리 58,070 → 네이버 추천(62,680)
✓ [11st] 아이나비 Qi2 냉각쿨링 맥세이프 거치대 | 우리 25,900 → 네이버 비슷(25,900)
✓ [11st] 네이처리퍼블릭 승무원크림 쉐어버터 스팀크림 100ml | 우리 31,000 → 네이버 비추(11,300)
✓ [11st] 르젠 10인치 BLDC 유무선 선풍기 LZDF-FR10AT | 우리 90,100 → 네이버 추천(111,200)
✓ [11st] 아이나비 Qi2 냉각쿨링 펠티어 맥세이프거치대 차량용 핸드폰 고속 무 | 우리 25,900 → 네이버 비슷(25,900)
✓ [11st] 스케쳐스 남자 심리스 모달 드로즈 4장세트 | 우리 22,320 → 네이버 추천(24,700)
✓ [coupang] 마이노멀 딸기잼, 320g, 1개 | 우리 11,680 → 네이버 비추(9,980)
✓ [coupang] 푸디버디 포슬담백 감자너겟 (냉동), 300g, 1개 | 우리 5,800 → 네이버 비슷(5,800)
✓ [coupang] 메디필 멜라논 엑스 크림, 30ml, 1개 | 우리 8,800 → 네이버 비추(4,780)
✓ [coupang] 그린래빗 에그 햄 치즈 페스트리 샌드위치, 165g, 2개 | 우리 10,900 → 네이버 추천(17,480)
✓ [coupang] 위즈웰 아로마 커피그라인더, WSG-9900 | 우리 28,980 → 네이버 비추(23,180)

판정 16/129 (12%) · DB기록 129건
✓ [gmarket] 혜택가177만원대 LG 휘센 AI 오브제컬렉션 뷰II 2in1 FQ1 | 우리 1,909,000 → 네이버 비슷(1,909,000)
✓ [gmarket] 체감가 9.9만) 쿠첸 더핏 슬림 6인용 전기압력밥솥 CRS-FSWK | 우리 117,200 → 네이버 추천(125,800)
✓ [gmarket] 베베숲 프라임 아기물티슈 70매 캡 20팩 프리미엄 아기 물티슈/고평 | 우리 23,900 → 네이버 비슷(23,900)
✓ [gmarket] 달콤한 토망고 2kg (500g x4팩) 스테비아 대추방울토마토 | 우리 9,930 → 네이버 비슷(9,920)
✓ [gmarket] 이맛쌀 20kg | 우리 58,070 → 네이버 추천(62,680)
✓ [11st] 후디스 하이뮨 프로틴 음료 저당 190ml, 16개 | 우리 21,900 → 네이버 비추(10,740)
✓ [11st] GAP인증 국내산 햇 자색당근 1kg | 우리 7,650 → 네이버 비슷(7,650)
✓ [11st] [공식정품]?우르오스 지복합성 올인원 스킨로션?200ml | 우리 22,700 → 네이버 비추(15,530)
✓ [11st] [노즈피스 구성] 오므론 비가열식 네블라이저 NE-C803 컴팩트 사 | 우리 99,000 → 네이버 비추(92,120)
✓ [coupang] 마이노멀 딸기잼, 320g, 1개 | 우리 11,680 → 네이버 비추(9,980)
✓ [coupang] 푸디버디 포슬담백 감자너겟 (냉동), 300g, 1개 | 우리 5,800 → 네이버 비슷(5,800)
✓ [coupang] 메디필 멜라논 엑스 크림, 30ml, 1개 | 우리 8,800 → 네이버 비추(4,780)
✓ [coupang] 그린래빗 에그 햄 치즈 페스트리 샌드위치, 165g, 2개 | 우리 10,900 → 네이버 추천(17,480)
✓ [coupang] 위즈웰 아로마 커피그라인더, WSG-9900 | 우리 28,980 → 네이버 비추(23,180)

판정 14/125 (11%) · DB기록 125건
✓ [gmarket] 삼성전자 뷰피니티 S7 LS37D700EAKXKR 블랙 92.7cm  | 우리 429,000 → 네이버 비슷(429,000)
✓ [gmarket] 혜택가177만원대 LG 휘센 AI 오브제컬렉션 뷰II 2in1 FQ1 | 우리 1,909,000 → 네이버 비슷(1,909,000)
✓ [gmarket] 체감가 9.9만) 쿠첸 더핏 슬림 6인용 전기압력밥솥 CRS-FSWK | 우리 117,200 → 네이버 추천(125,800)
✓ [gmarket] 베베숲 프라임 아기물티슈 70매 캡 20팩 프리미엄 아기 물티슈/고평 | 우리 23,900 → 네이버 비슷(23,900)
✓ [gmarket] 달콤한 토망고 2kg (500g x4팩) 스테비아 대추방울토마토 | 우리 9,930 → 네이버 비슷(9,920)
✓ [gmarket] 이맛쌀 20kg | 우리 58,070 → 네이버 추천(62,680)
✓ [11st] GAP인증 국내산 햇 자색당근 1kg | 우리 7,650 → 네이버 비슷(7,650)
✓ [11st] 후디스 하이뮨 프로틴 음료 저당 190ml, 16개 | 우리 21,900 → 네이버 비추(10,740)
✓ [11st] [공식정품]?우르오스 지복합성 올인원 스킨로션?200ml | 우리 22,700 → 네이버 비추(15,530)
✓ [11st] 링티 제로 복숭아맛500ml x 24PET | 우리 20,500 → 네이버 비추(19,800)
✓ [coupang] 마이노멀 딸기잼, 320g, 1개 | 우리 11,680 → 네이버 비추(9,980)
✓ [coupang] 푸디버디 포슬담백 감자너겟 (냉동), 300g, 1개 | 우리 5,800 → 네이버 비슷(5,800)
✓ [coupang] 메디필 멜라논 엑스 크림, 30ml, 1개 | 우리 8,800 → 네이버 비추(4,780)
✓ [coupang] 그린래빗 에그 햄 치즈 페스트리 샌드위치, 165g, 2개 | 우리 10,900 → 네이버 추천(17,480)
✓ [coupang] 위즈웰 아로마 커피그라인더, WSG-9900 | 우리 28,980 → 네이버 비추(23,180)

판정 15/125 (12%) · DB기록 125건
✓ [gmarket] 사조 마일드참치 12입(100gx6+85gx6) | 우리 14,500 → 네이버 비추(14,190)
✓ [gmarket] (5%결제할인)스파크 찬물세척+실내건조 세탁세제 9Kg 1+1 | 우리 20,490 → 네이버 비추(10,070)
✓ [gmarket] 삼성전자 뷰피니티 S7 LS37D700EAKXKR 블랙 92.7cm  | 우리 429,000 → 네이버 비슷(429,000)
✓ [gmarket] 혜택가177만원대 LG 휘센 AI 오브제컬렉션 뷰II 2in1 FQ1 | 우리 1,909,000 → 네이버 비슷(1,909,000)
✓ [gmarket] 체감가 9.9만) 쿠첸 더핏 슬림 6인용 전기압력밥솥 CRS-FSWK | 우리 117,200 → 네이버 추천(125,800)
✓ [gmarket] 베베숲 프라임 아기물티슈 70매 캡 20팩 프리미엄 아기 물티슈/고평 | 우리 23,900 → 네이버 비슷(23,900)
✓ [gmarket] 달콤한 토망고 2kg (500g x4팩) 스테비아 대추방울토마토 | 우리 9,930 → 네이버 비슷(9,920)
✓ [gmarket] 이맛쌀 20kg | 우리 58,070 → 네이버 추천(62,680)
✓ [11st] 아이오페 맨 올데이 퍼펙트 올인원, 120ml, 1개+증정 | 우리 28,500 → 네이버 비추(19,900)
✓ [11st] 포켓몬 야광 키퍼링 35매입 | 우리 5,900 → 네이버 비추(5,520)
✓ [11st] 백만유튜버 냉장 황기 순살족발300g+새우젓 소스 외 | 우리 4,770 → 네이버 추천(14,000)
✓ [11st] 완도 활 전복 1kg 14-15미 | 우리 17,770 → 네이버 비슷(17,770)
✓ [11st] 퍼실 라벤더젤 맥스 리필, 2.0L, 3개 | 우리 29,900 → 네이버 비슷(29,900)
✓ [coupang] 마이노멀 딸기잼, 320g, 1개 | 우리 11,680 → 네이버 비추(9,980)
✓ [coupang] 푸디버디 포슬담백 감자너겟 (냉동), 300g, 1개 | 우리 5,800 → 네이버 비슷(5,800)
✓ [coupang] 메디필 멜라논 엑스 크림, 30ml, 1개 | 우리 8,800 → 네이버 비추(4,780)
✓ [coupang] 그린래빗 에그 햄 치즈 페스트리 샌드위치, 165g, 2개 | 우리 10,900 → 네이버 추천(17,480)
✓ [coupang] 위즈웰 아로마 커피그라인더, WSG-9900 | 우리 28,980 → 네이버 비추(23,180)

판정 18/127 (14%) · DB기록 127건
✓ [gmarket] 사조 마일드참치 12입(100gx6+85gx6) | 우리 14,500 → 네이버 비추(14,190)
✓ [gmarket] (5%결제할인)스파크 찬물세척+실내건조 세탁세제 9Kg 1+1 | 우리 20,490 → 네이버 비추(10,070)
✓ [gmarket] 삼성전자 뷰피니티 S7 LS37D700EAKXKR 블랙 92.7cm  | 우리 429,000 → 네이버 비슷(429,000)
✓ [gmarket] 혜택가177만원대 LG 휘센 AI 오브제컬렉션 뷰II 2in1 FQ1 | 우리 1,909,000 → 네이버 비슷(1,909,000)
✓ [gmarket] 체감가 9.9만) 쿠첸 더핏 슬림 6인용 전기압력밥솥 CRS-FSWK | 우리 117,200 → 네이버 추천(125,800)
✓ [gmarket] 베베숲 프라임 아기물티슈 70매 캡 20팩 프리미엄 아기 물티슈/고평 | 우리 23,900 → 네이버 비슷(23,900)
✓ [gmarket] 달콤한 토망고 2kg (500g x4팩) 스테비아 대추방울토마토 | 우리 9,930 → 네이버 비슷(9,920)
✓ [gmarket] 이맛쌀 20kg | 우리 58,070 → 네이버 추천(62,680)
✓ [11st] 포켓몬 야광 키퍼링 35매입 | 우리 5,900 → 네이버 비추(5,520)
✓ [11st] 완도 활 전복 1kg 14-15미 | 우리 17,770 → 네이버 비슷(17,770)
✓ [11st] 아이오페 맨 올데이 퍼펙트 올인원, 120ml, 1개+증정 | 우리 28,500 → 네이버 비추(19,900)
✓ [11st] 백만유튜버 냉장 황기 순살족발300g+새우젓 소스 외 | 우리 4,770 → 네이버 추천(14,000)
✓ [11st] [심야마트] 추추 추어탕 500g 4팩 해썹인증 추어탕 | 우리 10,500 → 네이버 추천(12,900)
✓ [11st] 퍼실 라벤더젤 맥스 리필, 2.0L, 3개 | 우리 29,900 → 네이버 비슷(29,900)
✓ [11st] [쿨썸머sale 15%즉할!]댕기머리 허벌 티트리 쿨링 샴푸 1000 | 우리 17,900 → 네이버 비슷(17,900)
✓ [coupang] 마이노멀 딸기잼, 320g, 1개 | 우리 11,680 → 네이버 비추(9,980)
✓ [coupang] 캣템 시크릿 크런치 메가박스 고양이 간식, 연어, 420g, 1개 | 우리 10,700 → 네이버 비슷(10,700)
✓ [coupang] 푸디버디 포슬담백 감자너겟 (냉동), 300g, 1개 | 우리 5,800 → 네이버 비슷(5,800)
✓ [coupang] 메디필 멜라논 엑스 크림, 30ml, 1개 | 우리 8,800 → 네이버 비추(4,780)
✓ [coupang] 그린래빗 에그 햄 치즈 페스트리 샌드위치, 165g, 2개 | 우리 10,900 → 네이버 추천(17,480)
✓ [coupang] 위즈웰 아로마 커피그라인더, WSG-9900 | 우리 28,980 → 네이버 비추(23,180)

판정 21/129 (16%) · DB기록 129건
✓ [gmarket] 사조 마일드참치 12입(100gx6+85gx6) | 우리 14,500 → 네이버 비추(14,190)
✓ [gmarket] (5%결제할인)스파크 찬물세척+실내건조 세탁세제 9Kg 1+1 | 우리 20,490 → 네이버 비추(10,070)
✓ [gmarket] 삼성전자 뷰피니티 S7 LS37D700EAKXKR 블랙 92.7cm  | 우리 429,000 → 네이버 비슷(429,000)
✓ [gmarket] 혜택가177만원대 LG 휘센 AI 오브제컬렉션 뷰II 2in1 FQ1 | 우리 1,909,000 → 네이버 비슷(1,909,000)
✓ [gmarket] 체감가 9.9만) 쿠첸 더핏 슬림 6인용 전기압력밥솥 CRS-FSWK | 우리 117,200 → 네이버 추천(128,360)
✓ [gmarket] 베베숲 프라임 아기물티슈 70매 캡 20팩 프리미엄 아기 물티슈/고평 | 우리 23,900 → 네이버 비슷(23,900)
✓ [gmarket] 달콤한 토망고 2kg (500g x4팩) 스테비아 대추방울토마토 | 우리 9,930 → 네이버 비슷(9,920)
✓ [gmarket] 이맛쌀 20kg | 우리 58,070 → 네이버 추천(62,680)
✓ [11st] 천일 사누끼 우동 10인분 1세트 | 우리 10,850 → 네이버 비슷(10,850)
✓ [11st] LG 휘센 오브제컬렉션 위너 2in1 FQ18HDWHY2 기본설치포함 | 우리 1,275,570 → 네이버 비추(976,140)
✓ [11st] [혜택가84만+외]드리미 X50 Master 올인원 로봇청소기 | 우리 890,000 → 네이버 비추(676,400)
✓ [11st] [공식수입] 클린 클래식 스트로베리필즈 EDP 60ml | 우리 52,500 → 네이버 비추(27,000)
✓ [11st] [공식수입] 올라플렉스 NO.7 본딩 오일 30ml | 우리 44,000 → 네이버 비추(22,490)
✓ [11st] [공식수입] 올라플렉스 리치 하이드레이션 마스크 200ML | 우리 59,150 → 네이버 비추(49,100)
✓ [11st] #연예인향수 #은은한비누+꽃향 [공식수입] 제니퍼 로페즈 글로우 바이 | 우리 47,700 → 네이버 비추(37,500)
✓ [11st] [공식수입] 제니퍼 로페즈 글로우 바이 제이로 EDT 50ml | 우리 36,900 → 네이버 비추(25,620)
✓ [11st] #남녀공용추천 #은은한머스크 [공식수입] 클린 클리어 웜코튼 EDP  | 우리 46,200 → 네이버 비추(42,000)
✓ [11st] [공식수입] 제니퍼 로페즈 글로우 바이 제이로 EDT 30ml | 우리 28,350 → 네이버 비추(21,880)
✓ [11st] [공식수입] 클린 리저브 시트론 피그 EDP 50ml | 우리 44,500 → 네이버 추천(48,590)
✓ [11st] [공식수입] 클린 클래식 스프링 브리즈 EDP 60ml | 우리 52,500 → 네이버 비추(27,000)
✓ [11st] [공식수입] 클린 클래식 퓨어솝 EDP 60ml | 우리 52,500 → 네이버 비추(35,930)
✓ [11st] [공식수입] 올라플렉스 볼류마이징 드라이 미스트 150ml | 우리 51,000 → 네이버 비추(26,900)
✓ [11st] [공식수입] 클린 리저브 셀 상탈 EDP 50ml | 우리 49,440 → 네이버 비슷(48,590)
✓ [11st] [공식수입] 클린 클래식 쿨코튼 EDP 60ml | 우리 58,330 → 네이버 비추(29,000)
✓ [11st] [공식수입] 클린 리저브 래디언트 넥타 EDP 50ml | 우리 49,440 → 네이버 비슷(48,590)
✓ [coupang] 마이노멀 딸기잼, 320g, 1개 | 우리 11,680 → 네이버 비추(9,980)
✓ [coupang] 캣템 고양이 시크릿 크런치 메가박스 간식, 치킨, 420g, 1개 | 우리 10,700 → 네이버 비슷(10,700)
✓ [coupang] 푸디버디 포슬담백 감자너겟 (냉동), 300g, 1개 | 우리 5,800 → 네이버 비슷(5,800)
✓ [coupang] 메디필 멜라논 엑스 크림, 30ml, 1개 | 우리 8,800 → 네이버 비추(4,780)
✓ [coupang] 그린래빗 에그 햄 치즈 페스트리 샌드위치, 165g, 2개 | 우리 10,900 → 네이버 추천(17,480)
✓ [coupang] 위즈웰 아로마 커피그라인더, WSG-9900 | 우리 28,980 → 네이버 비추(23,180)

판정 31/135 (23%) · DB기록 135건
✓ [gmarket] 사조 마일드참치 12입(100gx6+85gx6) | 우리 14,500 → 네이버 비추(14,190)
✓ [gmarket] 스파크 찬물세척+실내건조 세탁세제 9Kg 1+1 | 우리 19,830 → 네이버 비추(10,070)
✓ [gmarket] 삼성전자 뷰피니티 S7 LS37D700EAKXKR 블랙 92.7cm  | 우리 429,000 → 네이버 비슷(429,000)
✓ [gmarket] 혜택가177만원대 LG 휘센 AI 오브제컬렉션 뷰II 2in1 FQ1 | 우리 1,953,040 → 네이버 비추(1,909,000)
✓ [gmarket] 대건명가 돼지국밥 630g 5팩 사은품 (양념장 소금) 증정 | 우리 19,640 → 네이버 추천(20,320)
✓ [gmarket] (신선집중) 생생스토리 스테비아 대추 방울 토망고 500gX4팩 | 우리 10,920 → 네이버 비추(9,920)
✓ [gmarket] 베베숲 프라임 아기물티슈 70매 캡 20팩 프리미엄 아기 물티슈/고평 | 우리 23,680 → 네이버 비슷(23,900)
✓ [gmarket] (신선집중) 대패 삼겹살 2KG (1kg+1kg) | 우리 18,770 → 네이버 비추(14,900)
✓ [11st] 천일 사누끼 우동 10인분 1세트 | 우리 10,850 → 네이버 비슷(10,850)
✓ [11st] LG 휘센 오브제컬렉션 위너 2in1 FQ18HDWHY2 기본설치포함 | 우리 1,275,570 → 네이버 비추(976,140)
✓ [11st] [혜택가84만+외]드리미 X50 Master 올인원 로봇청소기 | 우리 890,000 → 네이버 비추(676,400)
✓ [11st] [유한양행]해피홈 리퀴드 45일 리필 X 4개+타이머형 훈증기증정(7 | 우리 13,940 → 네이버 비추(8,500)
✓ [11st] 연세유업 공식운영 [최종 9,990원] 연세 A2 요거트 딸기 80g | 우리 23,210 → 네이버 비추(21,500)
✓ [11st] 동원 덴마크 인포켓 치즈 오리지널/라이트 20g 30개 | 우리 18,900 → 네이버 추천(22,540)
✓ [11st] [쿨썸머sale 15%즉할!]댕기머리 허벌 티트리 쿨링 샴푸 1000 | 우리 17,900 → 네이버 비슷(17,900)
✓ [11st] 연세유업 공식운영 [최종 9,980원] 연세 요거트 딸기 80g x  | 우리 23,200 → 네이버 비추(12,400)
✓ [11st] 데체코 클래식 엑스트라버진 올리브오일 1L 1리터 x 2병세트 | 우리 36,820 → 네이버 비슷(36,920)
✓ [coupang] 마이노멀 딸기잼, 320g, 1개 | 우리 11,680 → 네이버 비추(9,980)
✓ [coupang] 캣템 고양이 시크릿 크런치 메가박스 간식, 치킨, 420g, 1개 | 우리 10,700 → 네이버 비슷(10,700)
✓ [coupang] 푸디버디 포슬담백 감자너겟 (냉동), 300g, 1개 | 우리 5,800 → 네이버 비슷(5,800)
✓ [coupang] 메디필 멜라논 엑스 크림, 30ml, 1개 | 우리 8,800 → 네이버 비추(4,780)
✓ [coupang] 그린래빗 에그 햄 치즈 페스트리 샌드위치, 165g, 2개 | 우리 10,900 → 네이버 추천(17,480)
✓ [coupang] 위즈웰 아로마 커피그라인더, WSG-9900 | 우리 28,980 → 네이버 비추(23,180)

판정 23/134 (17%) · DB기록 134건
✓ [gmarket] 사조 마일드참치 12입(100gx6+85gx6) | 우리 14,500 → 네이버 비추(14,190)
✓ [gmarket] 스파크 찬물세척+실내건조 세탁세제 9Kg 1+1 | 우리 19,830 → 네이버 비추(10,070)
✓ [gmarket] 삼성전자 뷰피니티 S7 LS37D700EAKXKR 블랙 92.7cm  | 우리 429,000 → 네이버 비슷(429,000)
✓ [gmarket] 혜택가177만원대 LG 휘센 AI 오브제컬렉션 뷰II 2in1 FQ1 | 우리 1,953,040 → 네이버 비추(1,909,000)
✓ [gmarket] 대건명가 돼지국밥 630g 5팩 사은품 (양념장 소금) 증정 | 우리 19,640 → 네이버 추천(20,320)
✓ [gmarket] (신선집중) 생생스토리 스테비아 대추 방울 토망고 500gX4팩 | 우리 10,920 → 네이버 비추(9,920)
✓ [gmarket] 베베숲 프라임 아기물티슈 70매 캡 20팩 프리미엄 아기 물티슈/고평 | 우리 23,680 → 네이버 비슷(23,900)
✓ [gmarket] (신선집중) 대패 삼겹살 2KG (1kg+1kg) | 우리 18,770 → 네이버 비추(14,900)
✓ [11st] 천일 사누끼 우동 10인분 1세트 | 우리 10,850 → 네이버 비슷(10,850)
✓ [11st] LG 휘센 오브제컬렉션 위너 2in1 FQ18HDWHY2 기본설치포함 | 우리 1,275,570 → 네이버 비추(976,140)
✓ [11st] [혜택가84만+외]드리미 X50 Master 올인원 로봇청소기 | 우리 890,000 → 네이버 비추(676,400)
✓ [11st] [유한양행]해피홈 리퀴드 45일 리필 X 4개+타이머형 훈증기증정(7 | 우리 13,940 → 네이버 비추(8,500)
✓ [11st] 연세유업 공식운영 [최종 9,990원] 연세 A2 요거트 딸기 80g | 우리 23,210 → 네이버 비추(21,500)
✓ [11st] 동원 덴마크 인포켓 치즈 오리지널/라이트 20g 30개 | 우리 18,900 → 네이버 추천(22,540)
✓ [11st] [쿨썸머sale 15%즉할!]댕기머리 허벌 티트리 쿨링 샴푸 1000 | 우리 17,900 → 네이버 비슷(17,900)
✓ [coupang] 마이노멀 딸기잼, 320g, 1개 | 우리 11,680 → 네이버 비추(9,980)
✓ [coupang] 캣템 고양이 시크릿 크런치 메가박스 간식, 치킨, 420g, 1개 | 우리 10,700 → 네이버 비슷(10,700)
✓ [coupang] 푸디버디 포슬담백 감자너겟 (냉동), 300g, 1개 | 우리 5,800 → 네이버 비슷(5,800)
✓ [coupang] 메디필 멜라논 엑스 크림, 30ml, 1개 | 우리 8,800 → 네이버 비추(4,780)
✓ [coupang] 그린래빗 에그 햄 치즈 페스트리 샌드위치, 165g, 2개 | 우리 10,900 → 네이버 추천(17,480)
✓ [coupang] 위즈웰 아로마 커피그라인더, WSG-9900 | 우리 28,980 → 네이버 비추(23,180)

판정 21/134 (16%) · DB기록 134건
✓ [gmarket] 사조 마일드참치 12입(100gx6+85gx6) | 우리 14,500 → 네이버 비추(14,190)
✓ [gmarket] 스파크 찬물세척+실내건조 세탁세제 9Kg 1+1 | 우리 19,830 → 네이버 비추(9,950)
✓ [gmarket] 혜택가177만원대 LG 휘센 AI 오브제컬렉션 뷰II 2in1 FQ1 | 우리 1,953,040 → 네이버 비슷(1,953,040)
✓ [gmarket] 대건명가 돼지국밥 630g 5팩 사은품 (양념장 소금) 증정 | 우리 19,640 → 네이버 비슷(19,630)
✓ [gmarket] (신선집중) 생생스토리 스테비아 대추 방울 토망고 500gX4팩 | 우리 10,920 → 네이버 비추(9,580)
✓ [gmarket] 베베숲 프라임 아기물티슈 70매 캡 20팩 프리미엄 아기 물티슈/고평 | 우리 23,680 → 네이버 비슷(23,670)
✓ [gmarket] (신선집중) 대패 삼겹살 2KG (1kg+1kg) | 우리 18,770 → 네이버 비추(14,900)
✓ [11st] 천일 사누끼 우동 10인분 1세트 | 우리 10,850 → 네이버 비슷(10,850)
✓ [11st] LG 휘센 오브제컬렉션 위너 2in1 FQ18HDWHY2 기본설치포함 | 우리 1,275,570 → 네이버 비추(976,140)
✓ [11st] [혜택가84만+외]드리미 X50 Master 올인원 로봇청소기 | 우리 890,000 → 네이버 비추(676,400)
✓ [11st] [유한양행]해피홈 리퀴드 45일 리필 X 4개+타이머형 훈증기증정(7 | 우리 13,940 → 네이버 비추(8,500)
✓ [11st] 연세유업 공식운영 [최종 9,990원] 연세 A2 요거트 딸기 80g | 우리 23,210 → 네이버 비추(21,500)
✓ [11st] 동원 덴마크 인포켓 치즈 오리지널/라이트 20g 30개 | 우리 18,900 → 네이버 추천(22,540)
✓ [11st] [쿨썸머sale 15%즉할!]댕기머리 허벌 티트리 쿨링 샴푸 1000 | 우리 17,900 → 네이버 비슷(17,900)
✓ [coupang] 마이노멀 딸기잼, 320g, 1개 | 우리 11,680 → 네이버 비추(9,980)
✓ [coupang] 캣템 고양이 시크릿 크런치 메가박스 간식, 치킨, 420g, 1개 | 우리 10,700 → 네이버 비슷(10,700)
✓ [coupang] 푸디버디 포슬담백 감자너겟 (냉동), 300g, 1개 | 우리 5,800 → 네이버 비슷(5,800)
✓ [coupang] 메디필 멜라논 엑스 크림, 30ml, 1개 | 우리 8,800 → 네이버 비추(4,780)
✓ [coupang] 그린래빗 에그 햄 치즈 페스트리 샌드위치, 165g, 2개 | 우리 10,900 → 네이버 추천(17,480)
✓ [coupang] 위즈웰 아로마 커피그라인더, WSG-9900 | 우리 28,980 → 네이버 비추(23,180)

판정 20/134 (15%) · DB기록 134건
✓ [gmarket] 사조 마일드참치 12입(100gx6+85gx6) | 우리 14,500 → 네이버 비추(14,190)
✓ [gmarket] 스파크 찬물세척+실내건조 세탁세제 9Kg 1+1 | 우리 19,830 → 네이버 비추(9,950)
✓ [gmarket] 혜택가177만원대 LG 휘센 AI 오브제컬렉션 뷰II 2in1 FQ1 | 우리 1,909,000 → 네이버 추천(1,953,040)
✓ [gmarket] 대건명가 돼지국밥 630g 5팩 사은품 (양념장 소금) 증정 | 우리 22,020 → 네이버 비추(19,630)
✓ [gmarket] (신선집중) 생생스토리 스테비아 대추 방울 토망고 500gX4팩 | 우리 10,920 → 네이버 비추(9,580)
✓ [gmarket] 베베숲 프라임 아기물티슈 70매 캡 20팩 프리미엄 아기 물티슈/고평 | 우리 23,680 → 네이버 비슷(23,670)
✓ [gmarket] (신선집중) 대패 삼겹살 2KG (1kg+1kg) | 우리 18,770 → 네이버 비추(14,900)
✓ [11st] 천일 사누끼 우동 10인분 1세트 | 우리 10,850 → 네이버 비슷(10,850)
✓ [11st] LG 휘센 오브제컬렉션 위너 2in1 FQ18HDWHY2 기본설치포함 | 우리 1,275,570 → 네이버 비추(976,140)
✓ [11st] [혜택가84만+외]드리미 X50 Master 올인원 로봇청소기 | 우리 890,000 → 네이버 비추(676,400)
✓ [11st] [유한양행]해피홈 리퀴드 45일 리필 X 4개+타이머형 훈증기증정(7 | 우리 13,940 → 네이버 비추(8,500)
✓ [11st] 연세유업 공식운영 [최종 9,990원] 연세 A2 요거트 딸기 80g | 우리 23,210 → 네이버 비추(21,500)
✓ [11st] 동원 덴마크 인포켓 치즈 오리지널/라이트 20g 30개 | 우리 18,900 → 네이버 추천(22,540)
✓ [11st] 청정원 홍초 시그니처 900ml 3개 세트(석류+복분자+블루베리) | 우리 16,900 → 네이버 추천(22,100)
✓ [coupang] 메디힐 콜라겐 뮤신 에센스 마스크팩 20ml, 1개입, 15개 | 우리 13,900 → 네이버 추천(17,700)
✓ [coupang] 햇살담은 장아찌 간장소스, 1.7L, 2개 | 우리 10,020 → 네이버 추천(12,200)
✓ [coupang] 고급진 더맛있는 삼겹살 제육볶음, 1kg, 1팩 | 우리 13,990 → 네이버 추천(18,740)
✓ [coupang] 고고새우 바지락살 (냉동), 500g, 2개 | 우리 8,990 → 네이버 추천(12,400)

판정 18/133 (14%) · DB기록 133건
✓ [gmarket] 메가마트 호주산 냉장 소 찜갈비 2kg | 우리 39,050 → 네이버 추천(41,770)
✓ [gmarket] (타임딜) 멸균우유 200ml 24입+24입 (2박스) | 우리 21,900 → 네이버 비추(11,860)
✓ [gmarket] (신선집중/ 15%+20%) 밤호박 쿠폰가8970원 제주직송 농협선별 | 우리 8,980 → 네이버 추천(12,420)
✓ [gmarket] 대건명가 돼지국밥 630g 5팩 사은품 (양념장 소금) 증정 | 우리 22,020 → 네이버 비슷(22,010)
✓ [gmarket] (신선집중) 한상궁김치 겉절이 2kg / 출고당일생산 | 우리 10,880 → 네이버 비추(10,660)
✓ [gmarket] (신선집중) 생생스토리 스테비아 대추 방울 토망고 500gX4팩 | 우리 10,920 → 네이버 비추(10,090)
✓ [gmarket] 베베숲 프라임 아기물티슈 70매 캡 20팩 프리미엄 아기 물티슈/고평 | 우리 25,440 → 네이버 비추(23,670)
✓ [gmarket] (신선집중) 대패 삼겹살 2KG (1kg+1kg) | 우리 18,770 → 네이버 비추(14,900)
✓ [11st] 천일 사누끼 우동 10인분 1세트 | 우리 10,850 → 네이버 비슷(10,850)
✓ [11st] LG 휘센 오브제컬렉션 위너 2in1 FQ18HDWHY2 기본설치포함 | 우리 1,556,000 → 네이버 비추(976,140)
✓ [11st] [혜택가84만+외]드리미 X50 Master 올인원 로봇청소기 | 우리 890,000 → 네이버 비추(676,400)
✓ [11st] [유한양행]해피홈 리퀴드 45일 리필 X 4개+타이머형 훈증기증정(7 | 우리 13,940 → 네이버 비추(8,500)
✓ [11st] 연세유업 공식운영 [최종 9,980원] 연세 요거트 복숭아 80g x | 우리 23,200 → 네이버 추천(24,500)
✓ [11st] 연세유업 공식운영 [최종 9,990원] 연세 A2 요거트 딸기 80g | 우리 23,210 → 네이버 비추(21,500)
✓ [11st] 동원 덴마크 인포켓 치즈 오리지널/라이트 20g 30개 | 우리 18,900 → 네이버 추천(22,540)
✓ [11st] 청정원 홍초 시그니처 900ml 3개 세트(석류+복분자+블루베리) | 우리 16,900 → 네이버 추천(22,100)
✓ [coupang] 메디힐 콜라겐 뮤신 에센스 마스크팩 20ml, 1개입, 15개 | 우리 13,900 → 네이버 추천(17,700)
✓ [coupang] 햇살담은 장아찌 간장소스, 1.7L, 2개 | 우리 10,020 → 네이버 추천(12,200)
✓ [coupang] 고급진 더맛있는 삼겹살 제육볶음, 1kg, 1팩 | 우리 13,990 → 네이버 추천(18,740)
✓ [coupang] 고고새우 바지락살 (냉동), 500g, 2개 | 우리 8,990 → 네이버 추천(12,400)

판정 20/133 (15%) · DB기록 133건
✓ [gmarket] 메가마트 호주산 냉장 소 찜갈비 2kg | 우리 39,050 → 네이버 비슷(39,050)
✓ [gmarket] (신선집중/ 15%+20%) 한정수량 제주직송 농협선별 보우짱 4.5 | 우리 8,940 → 네이버 비슷(8,920)
✓ [gmarket] (타임딜) 멸균우유 200ml 24입+24입 (2박스) | 우리 21,900 → 네이버 비추(11,860)
✓ [gmarket] 대건명가 돼지국밥 630g 5팩 사은품 (양념장 소금) 증정 | 우리 22,020 → 네이버 비슷(22,010)
✓ [gmarket] (신선집중) 한상궁김치 겉절이 2kg / 출고당일생산 | 우리 10,880 → 네이버 비추(10,660)
✓ [gmarket] (신선집중) 생생스토리 스테비아 대추 방울 토망고 500gX4팩 | 우리 10,920 → 네이버 비추(10,090)
✓ [gmarket] 베베숲 프라임 아기물티슈 70매 캡 20팩 프리미엄 아기 물티슈/고평 | 우리 26,320 → 네이버 비슷(26,430)
✓ [gmarket] (신선집중) 대패 삼겹살 2KG (1kg+1kg) | 우리 18,770 → 네이버 비추(14,900)
✓ [11st] 26년 쿠쿠 건조분쇄형 에코웨일 큐브 2L 음식물처리기 | 우리 469,200 → 네이버 비추(425,930)
✓ [11st] 랑콤 UV 엑스퍼트 밀키 브라이트 50ml 세트 | 우리 68,120 → 네이버 비슷(67,004)
✓ [11st] PVC 스틸 어깨뿔방지 논슬립 옷걸이 30개 | 우리 13,520 → 네이버 비추(6,620)
✓ [11st] [유한양행]해피홈 리퀴드 45일 리필 X 4개+타이머형 훈증기증정(7 | 우리 13,940 → 네이버 비추(8,500)
✓ [11st] 동원 덴마크 인포켓 치즈 오리지널/라이트 20g 30개 | 우리 18,900 → 네이버 추천(22,540)
✓ [11st] 데체코 클래식 엑스트라버진 올리브오일 1L 1리터 x 2병세트 | 우리 36,820 → 네이버 비슷(36,970)
✓ [11st] 연세유업 공식운영 [최종 9,980원] 연세 요거트 복숭아 80g x | 우리 23,200 → 네이버 추천(24,500)
✓ [coupang] 미니막스 동아제약 정글 칼슘비타민D 사과맛 240g, 60정, 1개 | 우리 24,100 → 네이버 추천(43,130)
✓ [coupang] 메디힐 콜라겐 뮤신 에센스 마스크팩 20ml, 1개입, 15개 | 우리 13,900 → 네이버 추천(17,700)
✓ [coupang] 햇살담은 장아찌 간장소스, 1.7L, 2개 | 우리 10,020 → 네이버 추천(12,200)
✓ [coupang] 고급진 더맛있는 삼겹살 제육볶음, 1kg, 1팩 | 우리 13,990 → 네이버 추천(18,740)
✓ [coupang] 고고새우 바지락살 (냉동), 500g, 2개 | 우리 8,990 → 네이버 추천(12,400)

판정 20/132 (15%) · DB기록 132건
✓ [gmarket] 마니커 단백한끼 닭가슴살 소시지 /바 15개+15개 | 우리 21,780 → 네이버 비슷(21,770)
✓ [gmarket] 리큐 얼룩제거 찌든때 올인원 드럼/일반용 2.1L 4개 | 우리 15,900 → 네이버 비추(14,890)
✓ [gmarket] 불스원 클리어뷰 스프레이형 발수코팅제 300ml(시야확보 안전운전) | 우리 9,800 → 네이버 추천(16,990)
✓ [gmarket] 대건명가 돼지국밥 630g 5팩 사은품 (양념장 소금) 증정 | 우리 22,020 → 네이버 비슷(22,010)
✓ [gmarket] (신선집중) 한상궁김치 겉절이 2kg / 출고당일생산 | 우리 10,880 → 네이버 비추(10,660)
✓ [gmarket] (신선집중) 생생스토리 스테비아 대추 방울 토망고 500gX4팩 | 우리 10,920 → 네이버 비추(10,090)
✓ [gmarket] 베베숲 프라임 아기물티슈 70매 캡 20팩 프리미엄 아기 물티슈/고평 | 우리 26,320 → 네이버 비슷(26,310)
✓ [gmarket] (신선집중) 대패 삼겹살 2KG (1kg+1kg) | 우리 18,770 → 네이버 비추(14,900)
✓ [11st] 26년 쿠쿠 건조분쇄형 에코웨일 큐브 2L 음식물처리기 | 우리 469,200 → 네이버 비추(425,930)
✓ [11st] 랑콤 UV 엑스퍼트 밀키 브라이트 50ml 세트 | 우리 68,120 → 네이버 비슷(67,004)
✓ [11st] PVC 스틸 어깨뿔방지 논슬립 옷걸이 30개 | 우리 13,520 → 네이버 비추(6,620)
✓ [11st] 동원 덴마크 인포켓 치즈 오리지널/라이트 20g 30개 | 우리 18,900 → 네이버 추천(22,540)
✓ [11st] [유한양행]해피홈 리퀴드 45일 리필 X 4개+타이머형 훈증기증정(7 | 우리 13,940 → 네이버 비추(8,500)
✓ [11st] 데체코 클래식 엑스트라버진 올리브오일 1L 1리터 x 2병세트 | 우리 36,820 → 네이버 비슷(36,540)
✓ [11st] [고급 업그레이드버전] 붓기제거 지압관리 비비온 에어 스텝바운스 SR | 우리 28,900 → 네이버 추천(78,000)
✓ [coupang] 미니막스 동아제약 정글 칼슘비타민D 사과맛 240g, 60정, 1개 | 우리 24,100 → 네이버 추천(43,130)
✓ [coupang] 메디힐 콜라겐 뮤신 에센스 마스크팩 20ml, 1개입, 15개 | 우리 13,900 → 네이버 추천(17,700)
✓ [coupang] 햇살담은 장아찌 간장소스, 1.7L, 2개 | 우리 10,020 → 네이버 추천(12,200)
✓ [coupang] 고급진 더맛있는 삼겹살 제육볶음, 1kg, 1팩 | 우리 13,990 → 네이버 추천(18,740)
✓ [coupang] 고고새우 바지락살 (냉동), 500g, 2개 | 우리 8,990 → 네이버 추천(12,400)

판정 20/133 (15%) · DB기록 133건
✓ [gmarket] 마니커 단백한끼 닭가슴살 소시지 /바 15개+15개 | 우리 21,780 → 네이버 비슷(21,770)
✓ [gmarket] 리큐 얼룩제거 찌든때 올인원 드럼/일반용 2.1L 4개 | 우리 15,900 → 네이버 비추(14,890)
✓ [gmarket] 불스원 클리어뷰 스프레이형 발수코팅제 300ml(시야확보 안전운전) | 우리 9,800 → 네이버 추천(16,990)
✓ [gmarket] 대건명가 돼지국밥 630g 5팩 사은품 (양념장 소금) 증정 | 우리 22,020 → 네이버 비슷(22,010)
✓ [gmarket] (신선집중) 한상궁김치 겉절이 2kg / 출고당일생산 | 우리 10,880 → 네이버 비추(10,660)
✓ [gmarket] (신선집중) 생생스토리 스테비아 대추 방울 토망고 500gX4팩 | 우리 10,920 → 네이버 비추(10,090)
✓ [gmarket] 베베숲 프라임 아기물티슈 70매 캡 20팩 프리미엄 아기 물티슈/고평 | 우리 26,320 → 네이버 비슷(26,310)
✓ [gmarket] (신선집중) 대패 삼겹살 2KG (1kg+1kg) | 우리 18,770 → 네이버 비추(14,900)
✓ [11st] 코코도르 포시즌 디퓨저 200ml 4개입 선물세트 | 우리 23,120 → 네이버 비슷(23,120)
✓ [11st] 조지아 커피 240ml X 30캔 / 오리지널, 카페라떼 | 우리 12,900 → 네이버 추천(17,000)
✓ [11st] [유한양행]해피홈 리퀴드 45일 리필 X 4개+타이머형 훈증기증정(7 | 우리 13,940 → 네이버 비추(8,500)
✓ [11st] [코카콜라] 조지아 카페라테 240ml, 30개 | 우리 15,900 → 네이버 비추(14,340)
✓ [11st] 한일전기 BLDC 써큘레이터 선풍기 DCF-0253 탈착형리모컨 | 우리 59,900 → 네이버 추천(88,490)
✓ [11st] [고급 업그레이드버전] 붓기제거 지압관리 비비온 에어 스텝바운스 SR | 우리 28,900 → 네이버 추천(78,000)
✓ [coupang] 미니막스 동아제약 정글 칼슘비타민D 사과맛 240g, 60정, 1개 | 우리 24,100 → 네이버 추천(43,130)
✓ [coupang] 메디힐 콜라겐 뮤신 에센스 마스크팩 20ml, 1개입, 15개 | 우리 13,900 → 네이버 추천(17,700)
✓ [coupang] 햇살담은 장아찌 간장소스, 1.7L, 2개 | 우리 10,020 → 네이버 추천(12,200)
✓ [coupang] 고급진 더맛있는 삼겹살 제육볶음, 1kg, 1팩 | 우리 13,990 → 네이버 추천(18,740)
✓ [coupang] 고고새우 바지락살 (냉동), 500g, 2개 | 우리 8,990 → 네이버 추천(12,400)

판정 19/131 (15%) · DB기록 131건
✓ [gmarket] 마니커 단백한끼 닭가슴살 소시지 /바 15개+15개 | 우리 21,780 → 네이버 비슷(21,770)
✓ [gmarket] 리큐 얼룩제거 찌든때 올인원 드럼/일반용 2.1L 4개 | 우리 15,900 → 네이버 비추(14,890)
✓ [gmarket] 불스원 클리어뷰 스프레이형 발수코팅제 300ml(시야확보 안전운전) | 우리 9,800 → 네이버 추천(16,990)
✓ [gmarket] 대건명가 돼지국밥 630g 5팩 사은품 (양념장 소금) 증정 | 우리 22,020 → 네이버 비슷(22,010)
✓ [gmarket] (신선집중) 한상궁김치 겉절이 2kg / 출고당일생산 | 우리 10,880 → 네이버 비추(10,660)
✓ [gmarket] (신선집중) 생생스토리 스테비아 대추 방울 토망고 500gX4팩 | 우리 10,920 → 네이버 비추(10,090)
✓ [gmarket] 베베숲 프라임 아기물티슈 70매 캡 20팩 프리미엄 아기 물티슈/고평 | 우리 26,320 → 네이버 비슷(26,310)
✓ [gmarket] (신선집중) 대패 삼겹살 2KG (1kg+1kg) | 우리 18,770 → 네이버 비추(14,900)
✓ [11st] 코코도르 포시즌 디퓨저 200ml 4개입 선물세트 | 우리 23,120 → 네이버 비슷(23,120)
✓ [11st] 조지아 커피 240ml X 30캔 / 오리지널, 카페라떼 | 우리 12,900 → 네이버 추천(17,000)
✓ [11st] 한일전기 BLDC 써큘레이터 선풍기 DCF-0253 탈착형리모컨 | 우리 59,900 → 네이버 추천(88,490)
✓ [11st] [코카콜라] 조지아 카페라테 240ml, 30개 | 우리 15,900 → 네이버 비추(14,340)
✓ [11st] [유한양행]해피홈 리퀴드 45일 리필 X 4개+타이머형 훈증기증정(7 | 우리 13,940 → 네이버 비추(8,500)
✓ [11st] 동원 덴마크 인포켓 치즈 오리지널/라이트 20g 30개 | 우리 18,900 → 네이버 추천(22,540)
✓ [11st] [코카콜라] 코카콜라 250ml, 30개 | 우리 24,500 → 네이버 비추(10,900)
✓ [coupang] 미니막스 동아제약 정글 칼슘비타민D 사과맛 240g, 60정, 1개 | 우리 24,100 → 네이버 추천(43,130)
✓ [coupang] 메디힐 콜라겐 뮤신 에센스 마스크팩 20ml, 1개입, 15개 | 우리 13,900 → 네이버 추천(14,620)
✓ [coupang] 햇살담은 장아찌 간장소스, 1.7L, 2개 | 우리 10,020 → 네이버 추천(12,200)
✓ [coupang] 고급진 더맛있는 삼겹살 제육볶음, 1kg, 1팩 | 우리 13,990 → 네이버 추천(18,740)
✓ [coupang] 고고새우 바지락살 (냉동), 500g, 2개 | 우리 8,990 → 네이버 추천(12,400)

판정 20/131 (15%) · DB기록 131건
✓ [gmarket] 베리필드 블루베리 2kg 2개 총 4kg (미국산) | 우리 29,500 → 네이버 추천(39,500)
✓ [gmarket] 대건명가 돼지국밥 630g 5팩 사은품 (양념장 소금) 증정 | 우리 22,020 → 네이버 비슷(22,010)
✓ [gmarket] (신선집중) 한상궁김치 겉절이 2kg / 출고당일생산 | 우리 10,880 → 네이버 비추(10,660)
✓ [gmarket] (신선집중) 생생스토리 스테비아 대추 방울 토망고 500gX4팩 | 우리 10,920 → 네이버 비추(10,090)
✓ [gmarket] 베베숲 프라임 아기물티슈 70매 캡 20팩 프리미엄 아기 물티슈/고평 | 우리 26,320 → 네이버 비슷(26,310)
✓ [gmarket] (신선집중) 대패 삼겹살 2KG (1kg+1kg) | 우리 18,770 → 네이버 비추(14,900)
✓ [11st] 아이오유 워터풀 히알루론산페이셜 미스트 120ml 1+1 | 우리 5,900 → 네이버 추천(8,410)
✓ [11st] 풍미가득 단짠 돈 LA 돼지갈비 1kg 외 인기상품 | 우리 14,350 → 네이버 추천(26,260)
✓ [11st] 5분조리 간편식 홍대쭈꾸미 300g 6팩 수제양념 쭈꾸미볶음 냉동 택 | 우리 32,900 → 네이버 비슷(32,900)
✓ [11st] [유한양행]해피홈 리퀴드 45일 리필 X 4개+타이머형 훈증기증정(7 | 우리 13,940 → 네이버 비추(8,500)
✓ [11st] 동원 덴마크 인포켓 치즈 오리지널/라이트 20g 30개 | 우리 18,900 → 네이버 추천(22,540)
✓ [11st] [코카콜라] 코카콜라 250ml, 30개 | 우리 24,500 → 네이버 비추(10,900)
✓ [11st] 풍미가득 단짠 돈 LA 돼지갈비 1kgx2팩 | 우리 26,650 → 네이버 비슷(26,260)
✓ [coupang] 미니막스 동아제약 정글 칼슘비타민D 사과맛 240g, 60정, 1개 | 우리 24,100 → 네이버 추천(43,130)
✓ [coupang] 메디힐 콜라겐 뮤신 에센스 마스크팩 20ml, 1개입, 15개 | 우리 13,900 → 네이버 추천(14,620)
✓ [coupang] 햇살담은 장아찌 간장소스, 1.7L, 2개 | 우리 10,020 → 네이버 추천(12,200)
✓ [coupang] 고급진 더맛있는 삼겹살 제육볶음, 1kg, 1팩 | 우리 13,990 → 네이버 추천(18,740)
✓ [coupang] 고고새우 바지락살 (냉동), 500g, 2개 | 우리 8,990 → 네이버 추천(12,400)

판정 18/133 (14%) · DB기록 133건
✓ [gmarket] 베리필드 블루베리 2kg 2개 총 4kg (미국산) | 우리 29,500 → 네이버 추천(39,500)
✓ [gmarket] 대건명가 돼지국밥 630g 5팩 사은품 (양념장 소금) 증정 | 우리 22,020 → 네이버 비슷(22,010)
✓ [gmarket] (신선집중) 한상궁김치 겉절이 2kg / 출고당일생산 | 우리 10,880 → 네이버 비추(10,660)
✓ [gmarket] (신선집중) 생생스토리 스테비아 대추 방울 토망고 500gX4팩 | 우리 10,920 → 네이버 비추(10,090)
✓ [gmarket] 베베숲 프라임 아기물티슈 70매 캡 20팩 프리미엄 아기 물티슈/고평 | 우리 26,320 → 네이버 비슷(26,310)
✓ [gmarket] (신선집중) 대패 삼겹살 2KG (1kg+1kg) | 우리 18,770 → 네이버 비추(14,900)
✓ [11st] 아이오유 워터풀 히알루론산페이셜 미스트 120ml 1+1 | 우리 5,900 → 네이버 추천(8,410)
✓ [11st] 풍미가득 단짠 돈 LA 돼지갈비 1kg 외 인기상품 | 우리 14,350 → 네이버 추천(26,260)
✓ [11st] 5분조리 간편식 홍대쭈꾸미 300g 6팩 수제양념 쭈꾸미볶음 냉동 택 | 우리 32,900 → 네이버 비슷(32,900)
✓ [11st] 동원 덴마크 인포켓 치즈 오리지널/라이트 20g 30개 | 우리 18,900 → 네이버 추천(22,540)
✓ [11st] [유한양행]해피홈 리퀴드 45일 리필 X 4개+타이머형 훈증기증정(7 | 우리 13,940 → 네이버 비추(8,500)
✓ [coupang] 미니막스 동아제약 정글 칼슘비타민D 사과맛 240g, 60정, 1개 | 우리 24,100 → 네이버 추천(43,130)
✓ [coupang] 메디힐 콜라겐 뮤신 에센스 마스크팩 20ml, 1개입, 15개 | 우리 13,900 → 네이버 추천(14,620)
✓ [coupang] 햇살담은 장아찌 간장소스, 1.7L, 2개 | 우리 10,020 → 네이버 추천(12,200)
✓ [coupang] 고급진 더맛있는 삼겹살 제육볶음, 1kg, 1팩 | 우리 13,990 → 네이버 추천(18,740)
✓ [coupang] 고고새우 바지락살 (냉동), 500g, 2개 | 우리 8,990 → 네이버 추천(12,400)

판정 16/133 (12%) · DB기록 133건
✓ [gmarket] 베리필드 블루베리 2kg 2개 총 4kg (미국산) | 우리 29,500 → 네이버 추천(39,500)
✓ [gmarket] 대건명가 돼지국밥 630g 5팩 사은품 (양념장 소금) 증정 | 우리 22,020 → 네이버 비슷(22,010)
✓ [gmarket] (신선집중) 한상궁김치 겉절이 2kg / 출고당일생산 | 우리 10,880 → 네이버 비추(10,660)
✓ [gmarket] (신선집중) 생생스토리 스테비아 대추 방울 토망고 500gX4팩 | 우리 10,920 → 네이버 비추(10,090)
✓ [gmarket] 베베숲 프라임 아기물티슈 70매 캡 20팩 프리미엄 아기 물티슈/고평 | 우리 26,320 → 네이버 비슷(26,310)
✓ [gmarket] (신선집중) 대패 삼겹살 2KG (1kg+1kg) | 우리 18,770 → 네이버 비추(14,900)
✓ [11st] 종가 행복이온 5kg +열무김치 400g | 우리 29,900 → 네이버 추천(34,170)
✓ [11st] 내일도착 김시월 광천 재래 도시락김 4g, 32봉 | 우리 12,510 → 네이버 비슷(12,400)
✓ [11st] 키성장 개별인정형원료 FGO 김소형원방 아이키플러스 FGO 유산균발효 | 우리 329,000 → 네이버 비슷(329,000)
✓ [11st] 키성장 개별인정형원료 FGO 김소형원방 아이키플러스 FGO 유산균발효 | 우리 174,000 → 네이버 비슷(174,000)
✓ [11st] 키성장 개별인정형원료 FGO 김소형원방 아이키플러스 FGO 유산균발효 | 우리 117,000 → 네이버 비슷(117,000)
✓ [11st] 설혜담 프리미엄 제천 자연방목 흑염소 진액, 30포, 2개 | 우리 25,900 → 네이버 추천(31,900)
✓ [11st] 설혜담 프리미엄 제천 자연방목 흑염소 진액, 30포, 1개 | 우리 14,900 → 네이버 추천(19,900)
✓ [11st] 설혜담 프로폴리스 담은 배도라지 스틱, 30포 + 쇼핑백, 1개 | 우리 14,900 → 네이버 추천(24,200)
✓ [11st] 설혜담 프로폴리스 담은 배도라지 스틱, 30포, 2개 + 쇼핑백, 2 | 우리 25,900 → 네이버 추천(27,980)
✓ [11st] 마이밀 마시는 뉴프로틴 오리지널 190ml + 딥초코 190ml +  | 우리 19,900 → 네이버 추천(23,900)
✓ [11st] 마이밀 마시는 뉴프로틴 오리지널 190ml + 산양유 단백질 190m | 우리 19,900 → 네이버 추천(23,900)
✓ [11st] 마이밀 마시는 뉴프로틴 오리지널 190ml + 산양유 단백질 190m | 우리 19,900 → 네이버 비추(8,470)
✓ [11st] 마이밀 마시는 뉴프로틴 산양유 단백질 190ml + 딥초코 190ml | 우리 19,900 → 네이버 추천(23,900)
✓ [coupang] 미니막스 동아제약 정글 칼슘비타민D 사과맛 240g, 60정, 1개 | 우리 24,100 → 네이버 추천(43,130)
✓ [coupang] 메디힐 콜라겐 뮤신 에센스 마스크팩 20ml, 1개입, 15개 | 우리 13,900 → 네이버 추천(14,620)
✓ [coupang] 햇살담은 장아찌 간장소스, 1.7L, 2개 | 우리 10,020 → 네이버 추천(12,200)
✓ [coupang] 고급진 더맛있는 삼겹살 제육볶음, 1kg, 1팩 | 우리 13,990 → 네이버 추천(18,740)
✓ [coupang] 고고새우 바지락살 (냉동), 500g, 2개 | 우리 8,990 → 네이버 추천(12,400)

판정 24/124 (19%) · DB기록 124건
✓ [gmarket] 베리필드 블루베리 2kg 2개 총 4kg (미국산) | 우리 29,500 → 네이버 추천(39,500)
✓ [gmarket] 습기제로 제습제 총 24입 (8입3개) | 우리 16,900 → 네이버 추천(17,900)
✓ [gmarket] 불스원 클리어뷰 스프레이형 발수코팅제 300ml(시야확보안전운전) | 우리 9,900 → 네이버 추천(16,990)
✓ [gmarket] (신선집중) 한상궁김치 겉절이 2kg / 출고당일생산 | 우리 10,880 → 네이버 비슷(10,880)
✓ [gmarket] 베베숲 프라임 아기물티슈 70매 캡 20팩 프리미엄 아기 물티슈/고평 | 우리 26,320 → 네이버 비슷(26,310)
✓ [gmarket] 대건명가 돼지국밥 630g 5팩 사은품 (양념장 소금) 증정 | 우리 22,020 → 네이버 비슷(22,010)
✓ [gmarket] (신선집중) 생생스토리 스테비아 대추 방울 토망고 500gX4팩 | 우리 10,920 → 네이버 비추(10,090)
✓ [11st] 종가 행복이온 5kg +열무김치 400g | 우리 29,900 → 네이버 추천(34,170)
✓ [11st] 내일도착 김시월 광천 재래 도시락김 4g, 32봉 | 우리 12,510 → 네이버 비슷(12,400)
✓ [11st] 마켓오 리얼브라우니, 20g, 12입, 2개 + 크림치즈 브라우니 1 | 우리 16,900 → 네이버 추천(18,650)
✓ [11st] [판다안주] 화로닭발 숯불 무뼈닭발 200g x 3팩(순한맛) | 우리 19,800 → 네이버 추천(21,410)
✓ [11st] 무향,무인쇄,무형광 잘풀리는집 3겹 패밀리소프트, 27m, 30롤,  | 우리 17,900 → 네이버 추천(25,000)
✓ [11st] 100% 유기농 바이퀸 델리오 100% NFC 착즙 유기농 ABC주스 | 우리 17,900 → 네이버 추천(24,650)
✓ [coupang] 미니막스 동아제약 정글 칼슘비타민D 사과맛 240g, 60정, 1개 | 우리 24,100 → 네이버 추천(43,130)
✓ [coupang] 메디힐 콜라겐 뮤신 에센스 마스크팩 20ml, 1개입, 15개 | 우리 13,900 → 네이버 추천(14,620)
✓ [coupang] 햇살담은 장아찌 간장소스, 1.7L, 2개 | 우리 10,020 → 네이버 추천(12,200)
✓ [coupang] 고급진 더맛있는 삼겹살 제육볶음, 1kg, 1팩 | 우리 13,990 → 네이버 추천(18,740)
✓ [coupang] 고고새우 바지락살 (냉동), 500g, 2개 | 우리 8,990 → 네이버 추천(12,400)

판정 18/125 (14%) · DB기록 125건
✓ [gmarket] 베리필드 블루베리 2kg 2개 총 4kg (미국산) | 우리 29,500 → 네이버 추천(39,500)
✓ [gmarket] 습기제로 제습제 총 24입 (8입3개) | 우리 16,900 → 네이버 추천(17,900)
✓ [gmarket] 불스원 클리어뷰 스프레이형 발수코팅제 300ml(시야확보안전운전) | 우리 9,900 → 네이버 추천(16,990)
✓ [gmarket] (신선집중) 한상궁김치 겉절이 2kg / 출고당일생산 | 우리 10,880 → 네이버 비슷(10,880)
✓ [gmarket] 베베숲 프라임 아기물티슈 70매 캡 20팩 프리미엄 아기 물티슈/고평 | 우리 26,320 → 네이버 비슷(26,310)
✓ [gmarket] 대건명가 돼지국밥 630g 5팩 사은품 (양념장 소금) 증정 | 우리 22,020 → 네이버 비슷(22,010)
✓ [gmarket] (신선집중) 생생스토리 스테비아 대추 방울 토망고 500gX4팩 | 우리 10,920 → 네이버 비추(10,090)
✓ [11st] 종가 행복이온 5kg +열무김치 400g | 우리 29,900 → 네이버 추천(34,170)
✓ [11st] 캐리어 인버터 벽걸이에어컨 10평 PARB-0103QAWSD | 우리 598,940 → 네이버 비추(430,000)
✓ [11st] 내일도착 김시월 광천 재래 도시락김 4g, 32봉 | 우리 12,510 → 네이버 비슷(12,400)
✓ [11st] 마켓오 리얼브라우니, 20g, 12입, 2개 + 크림치즈 브라우니 1 | 우리 16,900 → 네이버 추천(25,650)
✓ [11st] 100% 유기농 바이퀸 델리오 100% NFC 착즙 유기농 ABC주스 | 우리 17,900 → 네이버 추천(24,650)
✓ [11st] [판다안주] 화로닭발 숯불 무뼈닭발 200g x 3팩(순한맛) | 우리 19,800 → 네이버 추천(21,410)
✓ [11st] 무향,무인쇄,무형광 잘풀리는집 3겹 패밀리소프트, 27m, 30롤,  | 우리 17,900 → 네이버 추천(25,000)
✓ [coupang] 미니막스 동아제약 정글 칼슘비타민D 사과맛 240g, 60정, 1개 | 우리 24,100 → 네이버 추천(43,130)
✓ [coupang] 메디힐 콜라겐 뮤신 에센스 마스크팩 20ml, 1개입, 15개 | 우리 13,900 → 네이버 추천(14,620)
✓ [coupang] 햇살담은 장아찌 간장소스, 1.7L, 2개 | 우리 10,020 → 네이버 추천(12,200)
✓ [coupang] 고급진 더맛있는 삼겹살 제육볶음, 1kg, 1팩 | 우리 13,990 → 네이버 추천(18,740)
✓ [coupang] 고고새우 바지락살 (냉동), 500g, 2개 | 우리 8,990 → 네이버 추천(12,400)

판정 19/125 (15%) · DB기록 125건
✓ [gmarket] 베리필드 블루베리 2kg 2개 총 4kg (미국산) | 우리 29,500 → 네이버 추천(39,500)
✓ [gmarket] 코카콜라+코카콜라 제로제로 190ml 60캔 (각 30캔) +(증정) | 우리 28,460 → 네이버 비슷(27,990)
✓ [gmarket] 불스원 클리어뷰 스프레이형 발수코팅제 300ml(시야확보안전운전) | 우리 9,900 → 네이버 추천(16,990)
✓ [gmarket] 습기제로 제습제 총 24입 (8입3개) | 우리 16,900 → 네이버 추천(18,900)
✓ [gmarket] (신선집중) 한상궁김치 겉절이 2kg / 출고당일생산 | 우리 10,880 → 네이버 비슷(10,880)
✓ [gmarket] 대건명가 돼지국밥 630g 5팩 사은품 (양념장 소금) 증정 | 우리 22,020 → 네이버 비슷(22,010)
✓ [gmarket] 베베숲 프라임 아기물티슈 70매 캡 20팩 프리미엄 아기 물티슈/고평 | 우리 26,320 → 네이버 비슷(26,310)
✓ [gmarket] (신선집중) 생생스토리 스테비아 대추 방울 토망고 500gX4팩 | 우리 10,920 → 네이버 비추(10,090)
✓ [11st] 종가 행복이온 5kg +열무김치 400g | 우리 29,900 → 네이버 추천(34,170)
✓ [11st] 캐리어 인버터 벽걸이에어컨 10평 PARB-0103QAWSD | 우리 598,940 → 네이버 비추(430,000)
✓ [11st] 내일도착 김시월 광천 재래 도시락김 4g, 32봉 | 우리 12,510 → 네이버 비슷(12,400)
✓ [11st] 마켓오 리얼브라우니, 20g, 12입, 2개 + 크림치즈 브라우니 1 | 우리 16,900 → 네이버 추천(25,650)
✓ [11st] 100% 유기농 바이퀸 델리오 100% NFC 착즙 유기농 ABC주스 | 우리 17,900 → 네이버 추천(24,650)
✓ [11st] [판다안주] 화로닭발 숯불 무뼈닭발 200g x 3팩(순한맛) | 우리 19,800 → 네이버 추천(21,410)
✓ [11st] 무향,무인쇄,무형광 잘풀리는집 3겹 패밀리소프트, 27m, 30롤,  | 우리 17,900 → 네이버 추천(25,000)
✓ [coupang] 미니막스 동아제약 정글 칼슘비타민D 사과맛 240g, 60정, 1개 | 우리 24,100 → 네이버 추천(43,130)
✓ [coupang] 메디힐 콜라겐 뮤신 에센스 마스크팩 20ml, 1개입, 15개 | 우리 13,900 → 네이버 추천(14,620)
✓ [coupang] 햇살담은 장아찌 간장소스, 1.7L, 2개 | 우리 10,020 → 네이버 추천(12,200)
✓ [coupang] 고급진 더맛있는 삼겹살 제육볶음, 1kg, 1팩 | 우리 13,990 → 네이버 추천(18,740)
✓ [coupang] 고고새우 바지락살 (냉동), 500g, 2개 | 우리 8,990 → 네이버 추천(12,400)

판정 20/125 (16%) · DB기록 125건
✓ [gmarket] 베리필드 블루베리 2kg 2개 총 4kg (미국산) | 우리 29,500 → 네이버 추천(39,500)
✓ [gmarket] 코카콜라+코카콜라 제로제로 190ml 60캔 (각 30캔) +(증정) | 우리 28,460 → 네이버 비슷(27,990)
✓ [gmarket] 불스원 클리어뷰 스프레이형 발수코팅제 300ml(시야확보안전운전) | 우리 9,900 → 네이버 추천(16,990)
✓ [gmarket] 습기제로 제습제 총 24입 (8입3개) | 우리 16,900 → 네이버 추천(18,900)
✓ [gmarket] (신선집중) 한상궁김치 겉절이 2kg / 출고당일생산 | 우리 10,880 → 네이버 비슷(10,880)
✓ [gmarket] 대건명가 돼지국밥 630g 5팩 사은품 (양념장 소금) 증정 | 우리 22,020 → 네이버 비슷(22,010)
✓ [gmarket] 베베숲 프라임 아기물티슈 70매 캡 20팩 프리미엄 아기 물티슈/고평 | 우리 26,320 → 네이버 비슷(26,310)
✓ [gmarket] (신선집중) 생생스토리 스테비아 대추 방울 토망고 500gX4팩 | 우리 10,920 → 네이버 비추(10,090)
✓ [11st] 종가 행복이온 5kg +열무김치 400g | 우리 29,900 → 네이버 추천(34,170)
✓ [11st] 캐리어 인버터 벽걸이에어컨 10평 PARB-0103QAWSD | 우리 598,940 → 네이버 비추(430,000)
✓ [11st] 내일도착 김시월 광천 재래 도시락김 4g, 32봉 | 우리 12,510 → 네이버 비슷(12,400)
✓ [11st] 마켓오 리얼브라우니, 20g, 12입, 2개 + 크림치즈 브라우니 1 | 우리 16,900 → 네이버 추천(25,650)
✓ [11st] [판다안주] 화로닭발 숯불 무뼈닭발 200g x 3팩(순한맛) | 우리 19,800 → 네이버 추천(21,410)
✓ [11st] 무향,무인쇄,무형광 잘풀리는집 3겹 패밀리소프트, 27m, 30롤,  | 우리 17,900 → 네이버 추천(25,000)
✓ [11st] 김오곤의 동의비책 침향단, 100환 + 쇼핑백, 1개 | 우리 39,900 → 네이버 비슷(39,900)
✓ [11st] 100% 유기농 바이퀸 델리오 100% NFC 착즙 유기농 ABC주스 | 우리 17,900 → 네이버 추천(24,650)
✓ [coupang] 엠앤엠즈 밀크 픽앤믹스 초콜릿, 337.5g, 1개 | 우리 11,540 → 네이버 비추(10,660)
✓ [coupang] 맛장군 오늘담근 포기 배추김치, 1개, 5kg | 우리 18,290 → 네이버 비슷(18,290)
✓ [coupang] 조지아 블랙 무라벨 커피, 370ml, 20개 | 우리 19,840 → 네이버 비추(15,780)

판정 19/125 (15%) · DB기록 125건
✓ [gmarket] 습기제로 제습제 총 24입 (8입3개) | 우리 16,900 → 네이버 추천(18,900)
✓ [gmarket] 불스원 클리어뷰 스프레이형 발수코팅제 300ml(시야확보안전운전) | 우리 9,900 → 네이버 추천(16,990)
✓ [gmarket] (신선집중) 한상궁김치 겉절이 2kg / 출고당일생산 | 우리 10,880 → 네이버 비슷(10,880)
✓ [gmarket] 대건명가 돼지국밥 630g 5팩 사은품 (양념장 소금) 증정 | 우리 22,020 → 네이버 비슷(22,010)
✓ [gmarket] 베베숲 프라임 아기물티슈 70매 캡 20팩 프리미엄 아기 물티슈/고평 | 우리 26,320 → 네이버 비슷(26,310)
✓ [gmarket] (신선집중) 생생스토리 스테비아 대추 방울 토망고 500gX4팩 | 우리 10,920 → 네이버 비추(10,090)
✓ [11st] 종가 행복이온 5kg +열무김치 400g | 우리 29,900 → 네이버 추천(34,170)
✓ [11st] 캐리어 인버터 벽걸이에어컨 10평 PARB-0103QAWSD | 우리 598,940 → 네이버 비추(430,000)
✓ [11st] 내일도착 김시월 광천 재래 도시락김 4g, 32봉 | 우리 12,510 → 네이버 비슷(12,510)
✓ [11st] 마켓오 리얼브라우니, 20g, 12입, 2개 + 크림치즈 브라우니 1 | 우리 16,900 → 네이버 추천(25,650)
✓ [11st] 무향,무인쇄,무형광 잘풀리는집 3겹 패밀리소프트, 27m, 30롤,  | 우리 17,900 → 네이버 추천(25,000)
✓ [11st] [판다안주] 화로닭발 숯불 무뼈닭발 200g x 3팩(순한맛) | 우리 19,800 → 네이버 비추(14,000)
✓ [11st] 김오곤의 동의비책 침향단, 100환 + 쇼핑백, 1개 | 우리 39,900 → 네이버 비슷(39,900)
✓ [11st] 100% 유기농 바이퀸 델리오 100% NFC 착즙 유기농 ABC주스 | 우리 17,900 → 네이버 추천(23,790)
✓ [coupang] 엠앤엠즈 밀크 픽앤믹스 초콜릿, 337.5g, 1개 | 우리 11,540 → 네이버 비추(10,660)
✓ [coupang] 맛장군 오늘담근 포기 배추김치, 1개, 5kg | 우리 18,290 → 네이버 비슷(18,290)
✓ [coupang] 조지아 블랙 무라벨 커피, 370ml, 20개 | 우리 19,840 → 네이버 비추(15,780)
✓ [coupang] 사세 바삭튀긴 통새우 튀김 (냉동), 300g, 1개 | 우리 6,800 → 네이버 추천(8,000)

판정 18/124 (15%) · DB기록 124건
✓ [gmarket] 습기제로 제습제 총 24입 (8입3개) | 우리 16,900 → 네이버 추천(18,900)
✓ [gmarket] 불스원 클리어뷰 스프레이형 발수코팅제 300ml(시야확보안전운전) | 우리 9,900 → 네이버 추천(16,990)
✓ [gmarket] (신선집중) 한상궁김치 겉절이 2kg / 출고당일생산 | 우리 10,880 → 네이버 비슷(10,880)
✓ [gmarket] 대건명가 돼지국밥 630g 5팩 사은품 (양념장 소금) 증정 | 우리 22,020 → 네이버 비슷(22,010)
✓ [gmarket] 베베숲 프라임 아기물티슈 70매 캡 20팩 프리미엄 아기 물티슈/고평 | 우리 26,320 → 네이버 비슷(26,310)
✓ [gmarket] (신선집중) 생생스토리 스테비아 대추 방울 토망고 500gX4팩 | 우리 10,920 → 네이버 비추(8,650)
✓ [11st] 드리미 V12 Plus 무선청소기 진공청소기 150AW | 우리 138,570 → 네이버 비슷(138,570)
✓ [11st] 쿠쿠 6인용 IH전기압력밥솥 그레이스 화이트 | 우리 212,800 → 네이버 비추(179,120)
✓ [11st] 본사) 쿠쿠 6인용 IH전기압력밥솥 그레이스 화이트 CRP-DHPNL | 우리 212,800 → 네이버 비슷(208,970)
✓ [11st] 마켓오 리얼브라우니, 20g, 12입, 2개 + 크림치즈 브라우니 1 | 우리 16,900 → 네이버 추천(25,650)
✓ [11st] 무향,무인쇄,무형광 잘풀리는집 3겹 패밀리소프트, 27m, 30롤,  | 우리 17,900 → 네이버 추천(25,000)
✓ [11st] 스페인산 유기농 레몬 100% 바디랩 유기농 100% 레몬즙 20g, | 우리 20,900 → 네이버 비슷(20,900)
✓ [coupang] 엠앤엠즈 밀크 픽앤믹스 초콜릿, 337.5g, 1개 | 우리 11,540 → 네이버 비추(10,660)
✓ [coupang] 맛장군 오늘담근 포기 배추김치, 1개, 5kg | 우리 18,290 → 네이버 비슷(18,290)
✓ [coupang] 조지아 블랙 무라벨 커피, 370ml, 20개 | 우리 19,840 → 네이버 비추(15,780)
✓ [coupang] 사세 바삭튀긴 통새우 튀김 (냉동), 300g, 1개 | 우리 6,800 → 네이버 추천(8,000)

판정 16/127 (13%) · DB기록 127건
✓ [gmarket] 마니커 케이준치킨텐더 1kg+1kg/가슴속살텐더스틱 1kg+1kg | 우리 17,970 → 네이버 비추(10,700)
✓ [gmarket] 달콤한 토망고 2kg (500g x4팩) 스테비아 대추방울토마토 | 우리 10,920 → 네이버 비슷(10,910)
✓ [gmarket] 국산 4000W 고용량 멀티탭 과부하 누전 차단 멀티탭 2구 3구 에 | 우리 7,400 → 네이버 추천(13,170)
✓ [gmarket] (오후6시 가격원복)팬콧 여름 5부파자마 2매/냉감/인견레이온/남녀공 | 우리 11,840 → 네이버 추천(12,920)
✓ [gmarket] 파워에이드제로 라임향 무라벨 355ml x 20개+ 제로 무라벨 35 | 우리 28,570 → 네이버 추천(32,260)
✓ [gmarket] 습기제로 제습제 총 24입 (8입3개) | 우리 15,900 → 네이버 추천(18,900)
✓ [gmarket] 불스원 클리어뷰 스프레이형 발수코팅제 300ml(시야확보안전운전) | 우리 9,900 → 네이버 추천(16,990)
✓ [gmarket] (신선집중) 한상궁김치 겉절이 2kg / 출고당일생산 | 우리 10,880 → 네이버 비슷(10,880)
✓ [gmarket] 대건명가 돼지국밥 630g 5팩 사은품 (양념장 소금) 증정 | 우리 22,020 → 네이버 비슷(22,010)
✓ [gmarket] 베베숲 프라임 아기물티슈 70매 캡 20팩 프리미엄 아기 물티슈/고평 | 우리 26,320 → 네이버 비슷(26,310)
✓ [gmarket] (신선집중) 생생스토리 스테비아 대추 방울 토망고 500gX4팩 | 우리 10,920 → 네이버 비추(10,090)
✓ [11st] 드리미 V12 Plus 무선청소기 진공청소기 150AW | 우리 138,570 → 네이버 비슷(138,570)
✓ [11st] 쿠쿠 6인용 IH전기압력밥솥 그레이스 화이트 | 우리 212,800 → 네이버 비추(179,120)
✓ [11st] 무향,무인쇄,무형광 잘풀리는집 3겹 패밀리소프트, 27m, 30롤,  | 우리 17,900 → 네이버 추천(25,000)
✓ [11st] 마켓오 리얼브라우니, 20g, 12입, 2개 + 크림치즈 브라우니 1 | 우리 16,900 → 네이버 추천(25,650)
✓ [11st] 본사) 쿠쿠 6인용 IH전기압력밥솥 그레이스 화이트 CRP-DHPNL | 우리 212,800 → 네이버 비슷(208,970)
✓ [coupang] 맛장군 오늘담근 포기 배추김치, 1개, 5kg | 우리 18,290 → 네이버 비슷(18,290)
✓ [coupang] 조지아 블랙 무라벨 커피, 370ml, 20개 | 우리 19,840 → 네이버 비추(15,780)
✓ [coupang] 사세 바삭튀긴 통새우 튀김 (냉동), 300g, 1개 | 우리 6,800 → 네이버 추천(8,000)

판정 19/128 (15%) · DB기록 128건
✓ [gmarket] 마니커 케이준치킨텐더 1kg+1kg/가슴속살텐더스틱 1kg+1kg | 우리 17,970 → 네이버 비추(10,700)
✓ [gmarket] 달콤한 토망고 2kg (500g x4팩) 스테비아 대추방울토마토 | 우리 10,920 → 네이버 비슷(10,910)
✓ [gmarket] 국산 4000W 고용량 멀티탭 과부하 누전 차단 멀티탭 2구 3구 에 | 우리 7,400 → 네이버 추천(13,170)
✓ [gmarket] (오후6시 가격원복)팬콧 여름 5부파자마 2매/냉감/인견레이온/남녀공 | 우리 11,840 → 네이버 추천(12,920)
✓ [gmarket] 파워에이드제로 라임향 무라벨 355ml x 20개+ 제로 무라벨 35 | 우리 28,570 → 네이버 비슷(28,570)
✓ [gmarket] 습기제로 제습제 총 24입 (8입3개) | 우리 15,900 → 네이버 추천(17,900)
✓ [gmarket] 불스원 클리어뷰 스프레이형 발수코팅제 300ml(시야확보안전운전) | 우리 9,900 → 네이버 추천(16,990)
✓ [gmarket] 대건명가 돼지국밥 630g 5팩 사은품 (양념장 소금) 증정 | 우리 22,020 → 네이버 비슷(22,010)
✓ [gmarket] 베베숲 프라임 아기물티슈 70매 캡 20팩 프리미엄 아기 물티슈/고평 | 우리 26,320 → 네이버 비슷(26,310)
✓ [gmarket] (신선집중) 생생스토리 스테비아 대추 방울 토망고 500gX4팩 | 우리 10,920 → 네이버 비추(10,090)
✓ [11st] 리벤스 사선컷팅 돌돌이 테이프클리너 리필 9롤 | 우리 9,900 → 네이버 비슷(9,890)
✓ [11st] 위닉스 뽀송 12L 제습기 DXAE120-NEK 자동건조 | 우리 189,000 → 네이버 추천(199,000)
✓ [11st] 빈순 고농도 바쿠치올 나이아신아마이드 앰플 40ml | 우리 11,000 → 네이버 추천(14,850)
✓ [11st] 참스토리 육개장 500g X 4팩 + 당면 4개 | 우리 16,720 → 네이버 비슷(16,990)
✓ [11st] 릴리프로 근육관절 원적외선 패치 혼합형 32매입 | 우리 12,890 → 네이버 추천(14,980)
✓ [11st] [코카콜라] 닥터페퍼 350ml, 24개 | 우리 12,900 → 네이버 비슷(12,900)
✓ [11st] [본사인증점]위닉스 뽀송 12L 제습기 DXAE120-NEK 자동건조 | 우리 189,000 → 네이버 추천(199,000)
✓ [11st] 무향,무인쇄,무형광 잘풀리는집 3겹 패밀리소프트, 27m, 30롤,  | 우리 17,900 → 네이버 추천(25,000)
✓ [11st] 마켓오 리얼브라우니, 20g, 12입, 2개 + 크림치즈 브라우니 1 | 우리 16,900 → 네이버 추천(25,650)
✓ [11st] 써모스 공식대리점 써모스 뉴 데일리 원터치 텀블러 350ml JNL- | 우리 31,470 → 네이버 비추(23,630)
✓ [11st] [본사직영] 설화수 순행클렌징폼 400ml | 우리 60,300 → 네이버 비추(24,270)
✓ [coupang] 맛장군 오늘담근 포기 배추김치, 1개, 5kg | 우리 18,290 → 네이버 비슷(18,290)
✓ [coupang] 조지아 블랙 무라벨 커피, 370ml, 20개 | 우리 19,840 → 네이버 비추(15,780)
✓ [coupang] 사세 바삭튀긴 통새우 튀김 (냉동), 300g, 1개 | 우리 6,800 → 네이버 추천(8,000)

판정 24/124 (19%) · DB기록 124건
✓ [gmarket] (신선집중) 한상궁김치 겉절이 2kg / 출고당일생산 | 우리 10,500 → 네이버 추천(10,880)
✓ [gmarket] (타임딜) 포카리스웨트 340ml x 48CAN (2박스) | 우리 23,300 → 네이버 추천(27,000)
✓ [gmarket] 알레그로 엑스트라버진 올리브오일 500ml | 우리 11,520 → 네이버 추천(12,100)
✓ [gmarket] 불스원 클리어뷰 스프레이형 발수코팅제 300ml(시야확보안전운전) | 우리 9,900 → 네이버 추천(16,990)
✓ [gmarket] 습기제로 제습제 총 24입 (8입3개) | 우리 15,900 → 네이버 추천(17,900)
✓ [gmarket] 대건명가 돼지국밥 630g 5팩 사은품 (양념장 소금) 증정 | 우리 22,020 → 네이버 비슷(22,010)
✓ [gmarket] 베베숲 프라임 아기물티슈 70매 캡 20팩 프리미엄 아기 물티슈/고평 | 우리 26,320 → 네이버 비슷(26,310)
✓ [gmarket] (신선집중) 생생스토리 스테비아 대추 방울 토망고 500gX4팩 | 우리 10,920 → 네이버 비추(9,370)
✓ [gmarket] 깨끗한나라 순수시그니처 화장지 브라운 30m 30롤 2팩+네이버페이  | 우리 26,980 → 네이버 비추(25,300)
✓ [11st] 참스토리 육개장 500g X 4팩 + 당면 4개 | 우리 16,720 → 네이버 비슷(16,990)
✓ [11st] 빈순 고농도 바쿠치올 나이아신아마이드 앰플 40ml | 우리 11,000 → 네이버 추천(14,850)
✓ [11st] 위닉스 뽀송 12L 제습기 DXAE120-NEK 자동건조 | 우리 189,000 → 네이버 추천(199,000)
✓ [11st] 리벤스 사선컷팅 돌돌이 테이프클리너 리필 9롤 | 우리 9,900 → 네이버 비슷(9,890)
✓ [11st] 릴리프로 근육관절 원적외선 패치 혼합형 32매입 | 우리 12,890 → 네이버 추천(14,980)
✓ [11st] [코카콜라] 닥터페퍼 350ml, 24개 | 우리 12,900 → 네이버 비슷(12,900)
✓ [11st] [본사인증점]위닉스 뽀송 12L 제습기 DXAE120-NEK 자동건조 | 우리 189,000 → 네이버 추천(199,000)
✓ [11st] [본사직영] 설화수 순행클렌징폼 400ml | 우리 60,300 → 네이버 비추(24,270)
✓ [11st] 무향,무인쇄,무형광 잘풀리는집 3겹 패밀리소프트, 27m, 30롤,  | 우리 17,900 → 네이버 추천(25,000)
✓ [coupang] 맛장군 오늘담근 포기 배추김치, 1개, 5kg | 우리 18,290 → 네이버 비슷(18,290)
✓ [coupang] 조지아 블랙 무라벨 커피, 370ml, 20개 | 우리 19,840 → 네이버 비추(15,780)
✓ [coupang] 사세 바삭튀긴 통새우 튀김 (냉동), 300g, 1개 | 우리 6,800 → 네이버 추천(8,000)

판정 21/122 (17%) · DB기록 122건
✓ [gmarket] (신선집중) 한상궁김치 겉절이 2kg / 출고당일생산 | 우리 10,500 → 네이버 비슷(10,500)
✓ [gmarket] (타임딜) 포카리스웨트 340ml x 48CAN (2박스) | 우리 23,300 → 네이버 비슷(23,300)
✓ [gmarket] 알레그로 엑스트라버진 올리브오일 500ml | 우리 11,520 → 네이버 비슷(11,520)
✓ [gmarket] 불스원 클리어뷰 스프레이형 발수코팅제 300ml(시야확보안전운전) | 우리 9,900 → 네이버 추천(14,100)
✓ [gmarket] 습기제로 제습제 총 24입 (8입3개) | 우리 15,900 → 네이버 추천(17,900)
✓ [gmarket] 대건명가 돼지국밥 630g 5팩 사은품 (양념장 소금) 증정 | 우리 22,020 → 네이버 비슷(22,010)
✓ [gmarket] 베베숲 프라임 아기물티슈 70매 캡 20팩 프리미엄 아기 물티슈/고평 | 우리 26,320 → 네이버 비슷(26,310)
✓ [gmarket] (신선집중) 생생스토리 스테비아 대추 방울 토망고 500gX4팩 | 우리 10,920 → 네이버 비추(9,370)
✓ [gmarket] 깨끗한나라 순수시그니처 화장지 브라운 30m 30롤 2팩+네이버페이  | 우리 26,980 → 네이버 비추(25,300)
✓ [11st] 더프레시 25년산 영양쌀 10kg | 우리 33,570 → 네이버 비추(31,050)
✓ [11st] Apple 에어팟 4 MXP63KH/A | 우리 173,130 → 네이버 비추(68,000)
✓ [11st] 생선숙편 꼬치어묵 8개입*4팩+소스 30g*4팩 | 우리 10,460 → 네이버 비슷(10,460)
✓ [11st] [64GB메모리업] 파인뷰 X7700 PRO Q/Q 블랙박스 | 우리 197,100 → 네이버 추천(219,000)
✓ [11st] 헤드앤숄더 클리니컬 스트랭스 샴푸 400ml 2개세트 | 우리 33,750 → 네이버 비슷(33,450)
✓ [11st] [농할] 국내산 미백 찰옥수수 20개 특품 | 우리 17,390 → 네이버 비추(8,900)
✓ [11st] 생선숙편 꼬치어묵 8개입*4팩+소스 30g*4팩 | 우리 10,460 → 네이버 비슷(10,460)
✓ [11st] 무향,무인쇄,무형광 잘풀리는집 3겹 패밀리소프트, 27m, 30롤,  | 우리 17,900 → 네이버 추천(25,000)
✓ [coupang] 맛장군 오늘담근 포기 배추김치, 1개, 5kg | 우리 18,290 → 네이버 비슷(18,290)
✓ [coupang] 조지아 블랙 무라벨 커피, 370ml, 20개 | 우리 19,840 → 네이버 비추(15,780)
✓ [coupang] 사세 바삭튀긴 통새우 튀김 (냉동), 300g, 1개 | 우리 6,800 → 네이버 추천(8,000)

판정 20/125 (16%) · DB기록 125건
✓ [gmarket] 여수식 가오리무침 500g  텡글함을 살린 비법숙성  여수멸치육수의  | 우리 14,370 → 네이버 비슷(14,360)
✓ [gmarket] (신선집중) 한상궁김치 겉절이 2kg / 출고당일생산 | 우리 10,500 → 네이버 비슷(10,500)
✓ [gmarket] (타임딜) 포카리스웨트 340ml x 48CAN (2박스) | 우리 23,300 → 네이버 비슷(23,300)
✓ [gmarket] 알레그로 엑스트라버진 올리브오일 500ml | 우리 11,520 → 네이버 비슷(11,520)
✓ [gmarket] 불스원 클리어뷰 스프레이형 발수코팅제 300ml(시야확보안전운전) | 우리 9,900 → 네이버 추천(14,100)
✓ [gmarket] 습기제로 제습제 총 24입 (8입3개) | 우리 15,900 → 네이버 추천(17,900)
✓ [gmarket] 대건명가 돼지국밥 630g 5팩 사은품 (양념장 소금) 증정 | 우리 22,020 → 네이버 비슷(22,010)
✓ [gmarket] 베베숲 프라임 아기물티슈 70매 캡 20팩 프리미엄 아기 물티슈/고평 | 우리 26,320 → 네이버 비슷(26,310)
✓ [gmarket] (신선집중) 생생스토리 스테비아 대추 방울 토망고 500gX4팩 | 우리 10,920 → 네이버 비추(9,370)
✓ [11st] 더프레시 25년산 영양쌀 10kg | 우리 33,570 → 네이버 비추(31,050)
✓ [11st] [64GB메모리업] 파인뷰 X7700 PRO Q/Q 블랙박스 | 우리 197,100 → 네이버 추천(249,000)
✓ [11st] 생선숙편 꼬치어묵 8개입*4팩+소스 30g*4팩 | 우리 10,460 → 네이버 비슷(10,460)
✓ [11st] 헤드앤숄더 클리니컬 스트랭스 샴푸 400ml 2개세트 | 우리 33,750 → 네이버 비슷(33,450)
✓ [11st] Apple 에어팟 4 MXP63KH/A | 우리 173,130 → 네이버 비추(68,000)
✓ [11st] 생선숙편 꼬치어묵 8개입*4팩+소스 30g*4팩 | 우리 10,460 → 네이버 비슷(10,460)
✓ [11st] [농할] 국내산 미백 찰옥수수 20개 특품 | 우리 17,390 → 네이버 비추(8,900)
✓ [coupang] 맛장군 오늘담근 포기 배추김치, 1개, 5kg | 우리 18,290 → 네이버 비슷(18,290)
✓ [coupang] 조지아 블랙 무라벨 커피, 370ml, 20개 | 우리 19,840 → 네이버 비추(15,780)
✓ [coupang] 사세 바삭튀긴 통새우 튀김 (냉동), 300g, 1개 | 우리 6,800 → 네이버 추천(8,000)

판정 19/125 (15%) · DB기록 125건
✓ [gmarket] 여수식 가오리무침 500g  텡글함을 살린 비법숙성  여수멸치육수의  | 우리 14,370 → 네이버 비슷(14,360)
✓ [gmarket] (신선집중) 한상궁김치 겉절이 2kg / 출고당일생산 | 우리 10,500 → 네이버 비슷(10,500)
✓ [gmarket] (타임딜) 포카리스웨트 340ml x 48CAN (2박스) | 우리 23,300 → 네이버 비슷(23,300)
✓ [gmarket] 알레그로 엑스트라버진 올리브오일 500ml | 우리 11,520 → 네이버 비슷(11,520)
✓ [gmarket] 불스원 클리어뷰 스프레이형 발수코팅제 300ml(시야확보안전운전) | 우리 9,900 → 네이버 추천(14,100)
✓ [gmarket] 습기제로 제습제 총 24입 (8입3개) | 우리 15,900 → 네이버 추천(17,900)
✓ [gmarket] 대건명가 돼지국밥 630g 5팩 사은품 (양념장 소금) 증정 | 우리 22,020 → 네이버 비슷(22,010)
✓ [gmarket] 베베숲 프라임 아기물티슈 70매 캡 20팩 프리미엄 아기 물티슈/고평 | 우리 26,320 → 네이버 비슷(26,310)
✓ [gmarket] (신선집중) 생생스토리 스테비아 대추 방울 토망고 500gX4팩 | 우리 10,920 → 네이버 비추(9,370)
✓ [11st] [1+1]랩클 비건 무기자차 톤업 선크림 50ml | 우리 13,410 → 네이버 비추(11,590)
✓ [11st] 쿠캣메이드 딥초코 두바이 쫀득 모찌 240 g (60 g x 4 개입 | 우리 7,980 → 네이버 추천(9,900)
✓ [11st] 한번 밀면 시원함이 쫙 비비온 롤링 마사지스틱SR138 | 우리 20,900 → 네이버 추천(41,220)
✓ [11st] 브레프 디럭스 걸이형 변기세정제 자스민 아쿠아, 5개 + 매그놀리아, | 우리 17,900 → 네이버 추천(33,630)
✓ [11st] 브레프 디럭스 걸이형 변기세정제 미드나잇 부케, 5개 + 매그놀리아, | 우리 17,900 → 네이버 비추(16,010)
✓ [11st] 브레프 디럭스 걸이형 변기세정제 자스민 아쿠아, 5개 + 미드나잇 부 | 우리 17,900 → 네이버 추천(33,630)
✓ [11st] [농할] 국내산 미백 찰옥수수 20개 특품 | 우리 17,390 → 네이버 비추(8,900)
✓ [11st] 무향,무인쇄,무형광 잘풀리는집 3겹 패밀리소프트, 27m, 30롤,  | 우리 17,900 → 네이버 추천(25,000)
✓ [coupang] 맛장군 오늘담근 포기 배추김치, 1개, 5kg | 우리 18,290 → 네이버 비슷(18,290)
✓ [coupang] 조지아 블랙 무라벨 커피, 370ml, 20개 | 우리 19,840 → 네이버 비추(15,780)
✓ [coupang] 사세 바삭튀긴 통새우 튀김 (냉동), 300g, 1개 | 우리 6,800 → 네이버 추천(8,000)

판정 20/133 (15%) · DB기록 133건
✓ [gmarket] 여수식 가오리무침 500g  텡글함을 살린 비법숙성  여수멸치육수의  | 우리 13,530 → 네이버 추천(14,360)
✓ [gmarket] (타임딜) 포카리스웨트 340ml x 48CAN (2박스) | 우리 25,100 → 네이버 비추(23,300)
✓ [gmarket] (신선집중) 한상궁김치 겉절이 2kg / 출고당일생산 | 우리 10,500 → 네이버 비슷(10,500)
✓ [gmarket] 알레그로 엑스트라버진 올리브오일 500ml | 우리 11,520 → 네이버 비슷(11,520)
✓ [gmarket] 대건명가 돼지국밥 630g 5팩 사은품 (양념장 소금) 증정 | 우리 22,020 → 네이버 비슷(22,010)
✓ [gmarket] 베베숲 프라임 아기물티슈 70매 캡 20팩 프리미엄 아기 물티슈/고평 | 우리 26,320 → 네이버 비슷(26,310)
✓ [gmarket] (신선집중) 생생스토리 스테비아 대추 방울 토망고 500gX4팩 | 우리 10,920 → 네이버 비추(9,370)
✓ [gmarket] 깨끗한나라 순수시그니처 화장지 브라운 30m 30롤 2팩+네이버페이  | 우리 27,580 → 네이버 비추(25,300)
✓ [gmarket] 이맛쌀 20kg | 우리 59,390 → 네이버 추천(62,680)
✓ [11st] [1+1]랩클 비건 무기자차 톤업 선크림 50ml | 우리 13,410 → 네이버 비추(11,590)
✓ [11st] 쿠캣메이드 딥초코 두바이 쫀득 모찌 240 g (60 g x 4 개입 | 우리 7,980 → 네이버 추천(9,900)
✓ [11st] 한번 밀면 시원함이 쫙 비비온 롤링 마사지스틱SR138 | 우리 20,900 → 네이버 추천(41,220)
✓ [11st] (7/9 첫출고) 구룡농원 햇 초당옥수수 특품 15개 | 우리 16,630 → 네이버 비추(9,410)
✓ [11st] [삼촌식탁] 달콤 짭짤 갈비맛 산적 1kg, 2봉(총2kg) | 우리 12,970 → 네이버 비슷(12,970)
✓ [11st] 마이비 얼룩제거제 플러스 용기 (485ml) 1개+ 리필(400ml) | 우리 18,370 → 네이버 추천(20,520)
✓ [coupang] 맛장군 오늘담근 포기 배추김치, 1개, 5kg | 우리 18,290 → 네이버 비슷(18,290)
✓ [coupang] 조지아 블랙 무라벨 커피, 370ml, 20개 | 우리 19,840 → 네이버 비추(15,780)
✓ [coupang] 사세 바삭튀긴 통새우 튀김 (냉동), 300g, 1개 | 우리 6,800 → 네이버 추천(8,000)

판정 18/135 (13%) · DB기록 135건
✓ [gmarket] 여수식 가오리무침 500g  텡글함을 살린 비법숙성  여수멸치육수의  | 우리 13,530 → 네이버 추천(14,360)
✓ [gmarket] (타임딜) 포카리스웨트 340ml x 48CAN (2박스) | 우리 25,100 → 네이버 비추(23,300)
✓ [gmarket] (신선집중) 한상궁김치 겉절이 2kg / 출고당일생산 | 우리 10,500 → 네이버 비슷(10,500)
✓ [gmarket] 알레그로 엑스트라버진 올리브오일 500ml | 우리 11,520 → 네이버 비슷(11,520)
✓ [gmarket] 대건명가 돼지국밥 630g 5팩 사은품 (양념장 소금) 증정 | 우리 22,020 → 네이버 비슷(22,010)
✓ [gmarket] 베베숲 프라임 아기물티슈 70매 캡 20팩 프리미엄 아기 물티슈/고평 | 우리 26,320 → 네이버 비슷(26,310)
✓ [gmarket] (신선집중) 생생스토리 스테비아 대추 방울 토망고 500gX4팩 | 우리 10,920 → 네이버 비추(9,370)
✓ [gmarket] 깨끗한나라 순수시그니처 화장지 브라운 30m 30롤 2팩+네이버페이  | 우리 27,580 → 네이버 비추(25,300)
✓ [gmarket] 이맛쌀 20kg | 우리 59,390 → 네이버 추천(62,680)
✓ [11st] [1+1]랩클 비건 무기자차 톤업 선크림 50ml | 우리 13,410 → 네이버 비추(11,590)
✓ [11st] 쿠캣메이드 딥초코 두바이 쫀득 모찌 240 g (60 g x 4 개입 | 우리 7,980 → 네이버 추천(9,900)
✓ [11st] 한번 밀면 시원함이 쫙 비비온 롤링 마사지스틱SR138 | 우리 20,900 → 네이버 추천(41,170)
✓ [11st] (7/9 첫출고) 구룡농원 햇 초당옥수수 특품 15개 | 우리 16,630 → 네이버 비추(9,410)
✓ [11st] [삼촌식탁] 달콤 짭짤 갈비맛 산적 1kg, 2봉(총2kg) | 우리 12,970 → 네이버 비슷(12,970)
✓ [11st] 마이비 얼룩제거제 플러스 용기 (485ml) 1개+ 리필(400ml) | 우리 18,370 → 네이버 추천(20,520)
✓ [coupang] 맛장군 오늘담근 포기 배추김치, 1개, 5kg | 우리 18,290 → 네이버 비슷(18,290)
✓ [coupang] 조지아 블랙 무라벨 커피, 370ml, 20개 | 우리 19,840 → 네이버 비추(15,780)
✓ [coupang] 사세 바삭튀긴 통새우 튀김 (냉동), 300g, 1개 | 우리 6,800 → 네이버 추천(8,000)

판정 18/135 (13%) · DB기록 135건
✓ [gmarket] 여수식 가오리무침 500g  텡글함을 살린 비법숙성  여수멸치육수의  | 우리 13,530 → 네이버 추천(14,360)
✓ [gmarket] (타임딜) 포카리스웨트 340ml x 48CAN (2박스) | 우리 25,100 → 네이버 비슷(25,300)
✓ [gmarket] (신선집중) 한상궁김치 겉절이 2kg / 출고당일생산 | 우리 10,500 → 네이버 비슷(10,500)
✓ [gmarket] 알레그로 엑스트라버진 올리브오일 500ml | 우리 11,520 → 네이버 비슷(11,520)
✓ [gmarket] 대건명가 돼지국밥 630g 5팩 사은품 (양념장 소금) 증정 | 우리 22,020 → 네이버 비슷(22,010)
✓ [gmarket] 베베숲 프라임 아기물티슈 70매 캡 20팩 프리미엄 아기 물티슈/고평 | 우리 26,320 → 네이버 비슷(26,310)
✓ [gmarket] (신선집중) 생생스토리 스테비아 대추 방울 토망고 500gX4팩 | 우리 10,920 → 네이버 비추(9,370)
✓ [gmarket] 깨끗한나라 순수시그니처 화장지 브라운 30m 30롤 2팩+네이버페이  | 우리 27,580 → 네이버 비추(25,300)
✓ [gmarket] 이맛쌀 20kg | 우리 59,390 → 네이버 추천(62,680)
✓ [11st] [1+1]랩클 비건 무기자차 톤업 선크림 50ml | 우리 13,410 → 네이버 비추(11,590)
✓ [11st] 쿠캣메이드 딥초코 두바이 쫀득 모찌 240 g (60 g x 4 개입 | 우리 7,980 → 네이버 추천(9,900)
✓ [11st] 한번 밀면 시원함이 쫙 비비온 롤링 마사지스틱SR138 | 우리 20,900 → 네이버 추천(41,170)
✓ [11st] (7/9 첫출고) 구룡농원 햇 초당옥수수 특품 15개 | 우리 16,630 → 네이버 비추(9,410)
✓ [11st] [삼촌식탁] 달콤 짭짤 갈비맛 산적 1kg, 2봉(총2kg) | 우리 12,970 → 네이버 비슷(12,970)
✓ [coupang] 맛장군 오늘담근 포기 배추김치, 1개, 5kg | 우리 18,290 → 네이버 비슷(18,290)
✓ [coupang] 조지아 블랙 무라벨 커피, 370ml, 20개 | 우리 19,840 → 네이버 비추(15,140)
✓ [coupang] 사세 바삭튀긴 통새우 튀김 (냉동), 300g, 1개 | 우리 6,800 → 네이버 추천(8,000)

판정 17/139 (12%) · DB기록 139건
✓ [gmarket] 여수식 가오리무침 500g  텡글함을 살린 비법숙성  여수멸치육수의  | 우리 13,530 → 네이버 추천(14,360)
✓ [gmarket] (타임딜) 포카리스웨트 340ml x 48CAN (2박스) | 우리 25,100 → 네이버 비슷(25,300)
✓ [gmarket] (신선집중) 한상궁김치 겉절이 2kg / 출고당일생산 | 우리 10,500 → 네이버 비슷(10,500)
✓ [gmarket] 알레그로 엑스트라버진 올리브오일 500ml | 우리 11,520 → 네이버 비슷(11,520)
✓ [gmarket] 대건명가 돼지국밥 630g 5팩 사은품 (양념장 소금) 증정 | 우리 22,020 → 네이버 비슷(22,010)
✓ [gmarket] 베베숲 프라임 아기물티슈 70매 캡 20팩 프리미엄 아기 물티슈/고평 | 우리 26,320 → 네이버 비슷(26,310)
✓ [gmarket] (신선집중) 생생스토리 스테비아 대추 방울 토망고 500gX4팩 | 우리 10,920 → 네이버 비추(9,370)
✓ [gmarket] 깨끗한나라 순수시그니처 화장지 브라운 30m 30롤 2팩+네이버페이  | 우리 27,580 → 네이버 비추(25,300)
✓ [gmarket] 이맛쌀 20kg | 우리 59,390 → 네이버 추천(62,680)
✓ [11st] [1+1]랩클 비건 무기자차 톤업 선크림 50ml | 우리 13,410 → 네이버 비추(11,590)
✓ [11st] 쿠캣메이드 딥초코 두바이 쫀득 모찌 240 g (60 g x 4 개입 | 우리 7,980 → 네이버 추천(9,900)
✓ [11st] 한번 밀면 시원함이 쫙 비비온 롤링 마사지스틱SR138 | 우리 20,900 → 네이버 추천(41,170)
✓ [11st] (7/9 첫출고) 구룡농원 햇 초당옥수수 특품 15개 | 우리 16,630 → 네이버 비추(9,410)
✓ [11st] 1++(9)등급 한우 등심&살치살 더블팩 400g | 우리 53,980 → 네이버 비추(49,900)
✓ [11st] [삼촌식탁] 달콤 짭짤 갈비맛 산적 1kg, 2봉(총2kg) | 우리 12,970 → 네이버 비슷(12,970)
✓ [11st] 시원하고 간편한! [내일도착] 냉면名家 칠갑농산 물냉면 10인분 세트 | 우리 10,970 → 네이버 추천(17,630)
✓ [coupang] 미니멜츠 쵸코바닐라 구슬아이스크림 (냉동), 50g, 6개입, 1개 | 우리 11,590 → 네이버 추천(14,030)
✓ [coupang] 코코도르 시그니처 디퓨저, 블랙체리, 200ml, 2개 | 우리 13,500 → 네이버 비슷(13,500)
✓ [coupang] 립톤 아이스티 믹스 복숭아맛, 1.5kg, 1개입, 1개 | 우리 13,200 → 네이버 비추(12,390)
✓ [coupang] 한우 1등급 불고기/샤브샤브용 (냉장), 300g, 1개 | 우리 11,370 → 네이버 비추(9,600)
✓ [coupang] 좋은느낌 썸머 에디션 데이패드 생리대 날개형, 대형, 32개입, 2세 | 우리 17,900 → 네이버 추천(27,750)

판정 21/135 (16%) · DB기록 135건
✓ [gmarket] 들기름김식탁20P(8매) 에코패키지 2세트 총 40p | 우리 10,500 → 네이버 추천(13,980)
✓ [gmarket] 피코크 떡갈비 450gx6팩 신세계푸드 | 우리 25,990 → 네이버 추천(27,960)
✓ [gmarket] (1+1) 루글리오 엑스트라버진 올리브 오일 1L x 2개 올리브유  | 우리 26,690 → 네이버 추천(37,960)
✓ [gmarket] 해피문데이 이지 탐폰 레귤러(8개입) 2개 +해피문데이 생리대 대형( | 우리 10,980 → 네이버 추천(12,370)
✓ [gmarket] (신선집중) 한상궁김치 겉절이 2kg / 출고당일생산 | 우리 10,880 → 네이버 비추(10,500)
✓ [gmarket] 대건명가 돼지국밥 630g 5팩 사은품 (양념장 소금) 증정 | 우리 22,020 → 네이버 비슷(22,010)
✓ [gmarket] 베베숲 프라임 아기물티슈 70매 캡 20팩 프리미엄 아기 물티슈/고평 | 우리 26,320 → 네이버 비슷(26,310)
✓ [gmarket] (신선집중) 생생스토리 스테비아 대추 방울 토망고 500gX4팩 | 우리 10,920 → 네이버 비추(9,370)
✓ [11st] [1+1]랩클 비건 무기자차 톤업 선크림 50ml | 우리 13,410 → 네이버 비추(9,810)
✓ [11st] 쿠캣메이드 딥초코 두바이 쫀득 모찌 240 g (60 g x 4 개입 | 우리 7,980 → 네이버 추천(9,900)
✓ [11st] 한번 밀면 시원함이 쫙 비비온 롤링 마사지스틱SR138 | 우리 20,900 → 네이버 추천(41,210)
✓ [11st] (7/9 첫출고) 구룡농원 햇 초당옥수수 특품 15개 | 우리 16,630 → 네이버 비추(9,210)
✓ [11st] 조선호텔 특제육수 포기김치 8kg | 우리 59,900 → 네이버 비슷(59,120)
✓ [11st] 마이비 얼룩제거제 플러스 용기 (485ml) 1개+ 리필(400ml) | 우리 18,370 → 네이버 추천(20,520)
✓ [11st] 시원하고 간편한! [내일도착] 냉면名家 칠갑농산 물냉면 10인분 세트 | 우리 10,970 → 네이버 추천(17,630)
✓ [11st] 1++(9)등급 한우 등심&살치살 더블팩 400g | 우리 53,980 → 네이버 비추(49,900)
✓ [coupang] 미니멜츠 쵸코바닐라 구슬아이스크림 (냉동), 50g, 6개입, 1개 | 우리 11,590 → 네이버 추천(14,030)
✓ [coupang] 코코도르 시그니처 디퓨저, 블랙체리, 200ml, 2개 | 우리 13,500 → 네이버 비슷(13,500)
✓ [coupang] 립톤 아이스티 믹스 복숭아맛, 1.5kg, 1개입, 1개 | 우리 13,200 → 네이버 비추(12,390)
✓ [coupang] 한우 1등급 불고기/샤브샤브용 (냉장), 300g, 1개 | 우리 11,370 → 네이버 비추(9,600)
✓ [coupang] 좋은느낌 썸머 에디션 데이패드 생리대 날개형, 대형, 32개입, 2세 | 우리 17,900 → 네이버 추천(27,750)

판정 21/132 (16%) · DB기록 132건
✓ [gmarket] 들기름김식탁20P(8매) 에코패키지 2세트 총 40p | 우리 10,500 → 네이버 추천(13,980)
✓ [gmarket] 피코크 떡갈비 450gx6팩 신세계푸드 | 우리 25,990 → 네이버 비슷(25,990)
✓ [gmarket] (1+1) 루글리오 엑스트라버진 올리브 오일 1L x 2개 올리브유  | 우리 26,690 → 네이버 추천(37,960)
✓ [gmarket] 해피문데이 이지 탐폰 레귤러(8개입) 2개 +해피문데이 생리대 대형( | 우리 10,980 → 네이버 비슷(10,980)
✓ [gmarket] (신선집중) 한상궁김치 겉절이 2kg / 출고당일생산 | 우리 10,880 → 네이버 비슷(10,880)
✓ [gmarket] 대건명가 돼지국밥 630g 5팩 사은품 (양념장 소금) 증정 | 우리 22,020 → 네이버 비슷(22,010)
✓ [gmarket] 베베숲 프라임 아기물티슈 70매 캡 20팩 프리미엄 아기 물티슈/고평 | 우리 26,320 → 네이버 비슷(26,310)
✓ [gmarket] (신선집중) 생생스토리 스테비아 대추 방울 토망고 500gX4팩 | 우리 10,920 → 네이버 비추(9,890)
✓ [11st] 오트 귀리초코칩 쿠키 480g 40봉 | 우리 7,900 → 네이버 추천(8,500)
✓ [11st] 아토팜 이지워시 선스크린 SPF50+ PA++++ X2개 세트 | 우리 25,670 → 네이버 비슷(25,670)
✓ [11st] 인테로 알티지 오메가3 밸런스 90캡슐, 3개월분 외 | 우리 19,920 → 네이버 추천(21,600)
✓ [11st] 서울우유 멸균우유 200mlx48개 | 우리 21,800 → 네이버 비슷(21,800)
✓ [11st] 오리온 초코송이 3남매 각 4개 (말차+딸기+초코) 총 12개 | 우리 10,900 → 네이버 비슷(10,900)
✓ [11st] [본사직영] 정품용량_아이오페 선크림 2개 +선10ml 5개 | 우리 53,200 → 네이버 비추(28,450)
✓ [11st] CJ 얼티브 프로틴 밤맛 250ml + 바나나 250ml + 비건프로 | 우리 19,900 → 네이버 비추(10,260)
✓ [11st] 옥정영농 공식판매 [내일도착]25년산 전라북도 신동진쌀 20kg(단일 | 우리 65,900 → 네이버 비추(45,540)
✓ [11st] (7/10 출고) 구룡농원 햇 초당옥수수 특품 15개 | 우리 16,630 → 네이버 비추(9,210)
✓ [11st] 마이비 얼룩제거제 플러스 용기 (485ml) 1개+ 리필(400ml) | 우리 18,370 → 네이버 추천(20,520)
✓ [coupang] 미니멜츠 쵸코바닐라 구슬아이스크림 (냉동), 50g, 6개입, 1개 | 우리 11,590 → 네이버 추천(14,030)
✓ [coupang] 코코도르 시그니처 디퓨저, 블랙체리, 200ml, 2개 | 우리 13,500 → 네이버 비슷(13,500)
✓ [coupang] 립톤 아이스티 믹스 복숭아맛, 1.5kg, 1개입, 1개 | 우리 13,200 → 네이버 비추(12,390)
✓ [coupang] 한우 1등급 불고기/샤브샤브용 (냉장), 300g, 1개 | 우리 11,370 → 네이버 비추(9,600)
✓ [coupang] 좋은느낌 썸머 에디션 데이패드 생리대 날개형, 대형, 32개입, 2세 | 우리 17,900 → 네이버 추천(27,750)

판정 23/135 (17%) · DB기록 135건
✓ [gmarket] 다담농산 성주참외 3시간만 10kg(혼합과/실속가정용)/포장재포함/실 | 우리 9,200 → 네이버 비추(8,550)
✓ [gmarket] 캐나다 프로바이오틱스 500억 모유 생유산균 2개월분 한캡슐 100억 | 우리 11,900 → 네이버 비슷(11,900)
✓ [gmarket] (2개 구매시 무배+생강채) 만복 양념민물장어 330g 2인분 특대  | 우리 11,560 → 네이버 비슷(11,520)
✓ [gmarket] (신선집중) 한상궁김치 겉절이 2kg / 출고당일생산 | 우리 10,880 → 네이버 비슷(10,880)
✓ [gmarket] 대건명가 돼지국밥 630g 5팩 사은품 (양념장 소금) 증정 | 우리 22,020 → 네이버 비슷(22,010)
✓ [gmarket] 베베숲 프라임 아기물티슈 70매 캡 20팩 프리미엄 아기 물티슈/고평 | 우리 26,320 → 네이버 비슷(26,310)
✓ [gmarket] (신선집중) 생생스토리 스테비아 대추 방울 토망고 500gX4팩 | 우리 10,920 → 네이버 비추(9,890)
✓ [11st] 오트 귀리초코칩 쿠키 480g 40봉 | 우리 7,900 → 네이버 추천(8,500)
✓ [11st] 아토팜 이지워시 선스크린 SPF50+ PA++++ X2개 세트 | 우리 25,670 → 네이버 비슷(25,670)
✓ [11st] 인테로 알티지 오메가3 밸런스 90캡슐, 3개월분 외 | 우리 19,920 → 네이버 추천(21,600)
✓ [11st] 서울우유 멸균우유 200mlx48개 | 우리 21,800 → 네이버 비슷(21,800)
✓ [11st] 오리온 초코송이 3남매 각 4개 (말차+딸기+초코) 총 12개 | 우리 10,900 → 네이버 비슷(10,900)
✓ [11st] CJ 얼티브 프로틴 밤맛 250ml + 바나나 250ml + 비건프로 | 우리 19,900 → 네이버 비추(10,260)
✓ [11st] [본사직영] 정품용량_아이오페 선크림 2개 +선10ml 5개 | 우리 53,200 → 네이버 비추(28,450)
✓ [coupang] 미니멜츠 쵸코바닐라 구슬아이스크림 (냉동), 50g, 6개입, 1개 | 우리 11,590 → 네이버 추천(14,030)
✓ [coupang] 코코도르 시그니처 디퓨저, 블랙체리, 200ml, 2개 | 우리 13,500 → 네이버 비슷(13,500)
✓ [coupang] 립톤 아이스티 믹스 복숭아맛, 1.5kg, 1개입, 1개 | 우리 13,200 → 네이버 비추(12,390)
✓ [coupang] 한우 1등급 불고기/샤브샤브용 (냉장), 300g, 1개 | 우리 11,370 → 네이버 비추(9,600)
✓ [coupang] 좋은느낌 썸머 에디션 데이패드 생리대 날개형, 대형, 32개입, 2세 | 우리 17,900 → 네이버 추천(27,750)

판정 19/136 (14%) · DB기록 136건
✓ [gmarket] 다담농산 성주참외 3시간만 10kg(혼합과/실속가정용)/포장재포함/실 | 우리 9,200 → 네이버 비추(8,550)
✓ [gmarket] 캐나다 프로바이오틱스 500억 모유 생유산균 2개월분 한캡슐 100억 | 우리 11,900 → 네이버 비슷(11,900)
✓ [gmarket] (2개 구매시 무배+생강채) 만복 양념민물장어 330g 2인분 특대  | 우리 11,560 → 네이버 비슷(11,560)
✓ [gmarket] (신선집중) 한상궁김치 겉절이 2kg / 출고당일생산 | 우리 10,880 → 네이버 비슷(10,880)
✓ [gmarket] 대건명가 돼지국밥 630g 5팩 사은품 (양념장 소금) 증정 | 우리 22,020 → 네이버 비슷(22,010)
✓ [gmarket] 베베숲 프라임 아기물티슈 70매 캡 20팩 프리미엄 아기 물티슈/고평 | 우리 26,320 → 네이버 비슷(26,310)
✓ [gmarket] (신선집중) 생생스토리 스테비아 대추 방울 토망고 500gX4팩 | 우리 10,920 → 네이버 비추(9,890)
✓ [11st] 레오나르디 화이트 발사믹식초 오로노빌레 500ml | 우리 23,970 → 네이버 비추(20,090)
✓ [11st] 오리온 초코송이 3남매 각 4개 (말차+딸기+초코) 총 12개 | 우리 10,900 → 네이버 비슷(10,900)
✓ [11st] 옥정영농 공식판매 [내일도착]25년산 전라북도 신동진쌀 20kg(단일 | 우리 65,900 → 네이버 비추(45,540)
✓ [11st] 마이비 얼룩제거제 플러스 용기 (485ml) 1개+ 리필(400ml) | 우리 18,370 → 네이버 추천(20,520)
✓ [11st] 함초소금+ 생강채+소스 증정 [대한민국농수산] 국내산 자포니카 민물장 | 우리 22,610 → 네이버 추천(26,260)
✓ [coupang] 미니멜츠 쵸코바닐라 구슬아이스크림 (냉동), 50g, 6개입, 1개 | 우리 11,590 → 네이버 추천(14,030)
✓ [coupang] 코코도르 시그니처 디퓨저, 블랙체리, 200ml, 2개 | 우리 13,500 → 네이버 비슷(13,500)
✓ [coupang] 립톤 아이스티 믹스 복숭아맛, 1.5kg, 1개입, 1개 | 우리 13,200 → 네이버 비추(12,390)
✓ [coupang] 한우 1등급 불고기/샤브샤브용 (냉장), 300g, 1개 | 우리 11,370 → 네이버 비추(9,600)
✓ [coupang] 좋은느낌 썸머 에디션 데이패드 생리대 날개형, 대형, 32개입, 2세 | 우리 17,900 → 네이버 추천(27,750)

판정 17/131 (13%) · DB기록 131건
✓ [gmarket] 다담농산 성주참외 3시간만 10kg(혼합과/실속가정용)/포장재포함/실 | 우리 9,200 → 네이버 비추(8,550)
✓ [gmarket] 캐나다 프로바이오틱스 500억 모유 생유산균 2개월분 한캡슐 100억 | 우리 11,900 → 네이버 비슷(11,900)
✓ [gmarket] (2개 구매시 무배+생강채) 만복 양념민물장어 330g 2인분 특대  | 우리 11,560 → 네이버 비슷(11,560)
✓ [gmarket] (신선집중) 한상궁김치 겉절이 2kg / 출고당일생산 | 우리 10,880 → 네이버 비슷(10,880)
✓ [gmarket] 대건명가 돼지국밥 630g 5팩 사은품 (양념장 소금) 증정 | 우리 22,020 → 네이버 비슷(22,010)
✓ [gmarket] 베베숲 프라임 아기물티슈 70매 캡 20팩 프리미엄 아기 물티슈/고평 | 우리 26,320 → 네이버 비슷(26,310)
✓ [gmarket] (신선집중) 생생스토리 스테비아 대추 방울 토망고 500gX4팩 | 우리 10,920 → 네이버 비추(9,370)
✓ [11st] 레오나르디 화이트 발사믹식초 오로노빌레 500ml | 우리 23,970 → 네이버 비추(20,090)
✓ [11st] 마이비 얼룩제거제 플러스 용기 (485ml) 1개+ 리필(400ml) | 우리 18,370 → 네이버 추천(20,520)
✓ [11st] 옥정영농 공식판매 [내일도착]25년산 전라북도 신동진쌀 20kg(단일 | 우리 65,900 → 네이버 비추(45,540)
✓ [11st] 함초소금+ 생강채+소스 증정 [대한민국농수산] 국내산 자포니카 민물장 | 우리 22,610 → 네이버 추천(26,260)
✓ [coupang] 미니멜츠 쵸코바닐라 구슬아이스크림 (냉동), 50g, 6개입, 1개 | 우리 11,590 → 네이버 추천(14,030)
✓ [coupang] 코코도르 시그니처 디퓨저, 블랙체리, 200ml, 2개 | 우리 13,500 → 네이버 비슷(13,500)
✓ [coupang] 립톤 아이스티 믹스 복숭아맛, 1.5kg, 1개입, 1개 | 우리 13,200 → 네이버 비추(12,390)
✓ [coupang] 한우 1등급 불고기/샤브샤브용 (냉장), 300g, 1개 | 우리 11,370 → 네이버 비추(9,600)
✓ [coupang] 좋은느낌 썸머 에디션 데이패드 생리대 날개형, 대형, 32개입, 2세 | 우리 17,900 → 네이버 추천(27,750)

판정 16/131 (12%) · DB기록 131건
✓ [gmarket] 다담농산 성주참외 3시간만 10kg(혼합과/실속가정용)/포장재포함/실 | 우리 9,200 → 네이버 비추(8,740)
✓ [gmarket] 캐나다 프로바이오틱스 500억 모유 생유산균 2개월분 한캡슐 100억 | 우리 11,900 → 네이버 추천(16,060)
✓ [gmarket] 아이브루 아메리카노 블랙커피 무라벨 400ML 20개입 커피/아메리카 | 우리 15,200 → 네이버 추천(15,900)
✓ [gmarket] (2개 구매시 무배+생강채) 만복 양념민물장어 330g 2인분 특대  | 우리 11,560 → 네이버 추천(11,860)
✓ [gmarket] (신선집중) 한상궁김치 겉절이 2kg / 출고당일생산 | 우리 10,880 → 네이버 비슷(10,880)
✓ [gmarket] 대건명가 돼지국밥 630g 5팩 사은품 (양념장 소금) 증정 | 우리 22,020 → 네이버 비슷(22,010)
✓ [gmarket] 베베숲 프라임 아기물티슈 70매 캡 20팩 프리미엄 아기 물티슈/고평 | 우리 26,320 → 네이버 비슷(26,310)
✓ [gmarket] (신선집중) 생생스토리 스테비아 대추 방울 토망고 500gX4팩 | 우리 10,920 → 네이버 비추(9,890)
✓ [coupang] 미니멜츠 쵸코바닐라 구슬아이스크림 (냉동), 50g, 6개입, 1개 | 우리 11,590 → 네이버 추천(14,030)
✓ [coupang] 코코도르 시그니처 디퓨저, 블랙체리, 200ml, 2개 | 우리 13,500 → 네이버 비슷(13,500)
✓ [coupang] 립톤 아이스티 믹스 복숭아맛, 1.5kg, 1개입, 1개 | 우리 13,200 → 네이버 비추(12,390)
✓ [coupang] 한우 1등급 불고기/샤브샤브용 (냉장), 300g, 1개 | 우리 11,370 → 네이버 비추(9,600)
✓ [coupang] 좋은느낌 썸머 에디션 데이패드 생리대 날개형, 대형, 32개입, 2세 | 우리 17,900 → 네이버 추천(27,750)
✓ [11st] 더주 단짠단짠 바베큐 페스츄리 오징어 200g | 우리 10,010 → 네이버 추천(11,870)
✓ [11st] 26년출시 쿠쿠 제습기 12L DH-T12701GW | 우리 199,900 → 네이버 추천(229,900)
✓ [11st] 청량상쾌 엘리자베스아덴 그린티 센트 스프레이 100ml | 우리 20,610 → 네이버 추천(29,500)
✓ [11st] 슈퍼딥큐 안심세탁 이염방지시트 100매+100매 | 우리 6,490 → 네이버 추천(8,380)
✓ [11st] HACCP 잡내잡은 비법막창 대구10미 제성상회 생막창 1kg + 1 | 우리 21,390 → 네이버 비추(13,120)
✓ [11st] 함초소금+ 생강채+소스 증정 [대한민국농수산] 국내산 자포니카 민물장 | 우리 22,610 → 네이버 추천(26,260)
✓ [11st] 마이비 얼룩제거제 플러스 용기 (485ml) 1개+ 리필(400ml) | 우리 18,370 → 네이버 추천(20,520)
✓ [11st] 옥정영농 공식판매 [내일도착]25년산 전라북도 신동진쌀 20kg(단일 | 우리 65,900 → 네이버 비추(45,540)

판정 21/137 (15%) · DB기록 137건
✓ [gmarket] 다담농산 성주참외 3시간만 10kg(혼합과/실속가정용)/포장재포함/실 | 우리 9,200 → 네이버 비추(8,740)
✓ [gmarket] 캐나다 프로바이오틱스 500억 모유 생유산균 2개월분 한캡슐 100억 | 우리 11,900 → 네이버 추천(16,060)
✓ [gmarket] 아이브루 아메리카노 블랙커피 무라벨 400ML 20개입 커피/아메리카 | 우리 15,200 → 네이버 추천(15,900)
✓ [gmarket] (2개 구매시 무배+생강채) 만복 양념민물장어 330g 2인분 특대  | 우리 11,560 → 네이버 추천(11,810)
✓ [gmarket] (신선집중) 한상궁김치 겉절이 2kg / 출고당일생산 | 우리 10,880 → 네이버 비슷(10,880)
✓ [gmarket] 대건명가 돼지국밥 630g 5팩 사은품 (양념장 소금) 증정 | 우리 22,020 → 네이버 비슷(22,010)
✓ [gmarket] 베베숲 프라임 아기물티슈 70매 캡 20팩 프리미엄 아기 물티슈/고평 | 우리 26,320 → 네이버 비슷(26,310)
✓ [gmarket] (신선집중) 생생스토리 스테비아 대추 방울 토망고 500gX4팩 | 우리 10,920 → 네이버 비추(9,890)
✓ [11st] 더주 단짠단짠 바베큐 페스츄리 오징어 200g | 우리 10,010 → 네이버 추천(11,870)
✓ [11st] 26년출시 쿠쿠 제습기 12L DH-T12701GW | 우리 199,900 → 네이버 추천(225,750)
✓ [11st] 청량상쾌 엘리자베스아덴 그린티 센트 스프레이 100ml | 우리 20,610 → 네이버 추천(29,500)
✓ [11st] 슈퍼딥큐 안심세탁 이염방지시트 100매+100매 | 우리 6,490 → 네이버 추천(8,380)
✓ [11st] 함초소금+ 생강채+소스 증정 [대한민국농수산] 국내산 자포니카 민물장 | 우리 22,610 → 네이버 추천(26,260)
✓ [11st] 위닉스 인버터 제습기 21L DXWH218-NEK, 에너지등급 1등급 | 우리 409,000 → 네이버 비슷(409,000)
✓ [11st] HACCP 잡내잡은 비법막창 대구10미 제성상회 생막창 1kg + 1 | 우리 21,390 → 네이버 비추(13,120)
✓ [11st] 마이비 얼룩제거제 플러스 용기 (485ml) 1개+ 리필(400ml) | 우리 18,370 → 네이버 추천(20,520)
✓ [11st] [더주] 단짠단짠! 바베큐 페스츄리 오징어 200g | 우리 10,010 → 네이버 비추(7,900)
✓ [coupang] 미니멜츠 쵸코바닐라 구슬아이스크림 (냉동), 50g, 6개입, 1개 | 우리 11,590 → 네이버 추천(14,030)
✓ [coupang] 립톤 아이스티 믹스 복숭아맛, 1.5kg, 1개입, 1개 | 우리 13,200 → 네이버 비추(12,390)
✓ [coupang] 한우 1등급 불고기/샤브샤브용 (냉장), 300g, 1개 | 우리 11,370 → 네이버 비추(9,600)
✓ [coupang] 좋은느낌 썸머 에디션 데이패드 생리대 날개형, 대형, 32개입, 2세 | 우리 17,900 → 네이버 추천(27,750)

판정 21/137 (15%) · DB기록 137건
✓ [gmarket] 초량갈비 수제 칼집양념구이 /1kg x2봉 (총2kg) | 우리 16,970 → 네이버 비슷(16,970)
✓ [gmarket] 금강만두 육개장 630g x5봉/ 부산명물 맛집 / 진한국물과 푸짐한 | 우리 17,950 → 네이버 비추(17,100)
✓ [gmarket] (신선집중/NH 10%추가할인) 1등급 한우 냉장 불고기 800G ( | 우리 22,790 → 네이버 비슷(22,790)
✓ [gmarket] 닥터루템 이시형박사의 알부민 플래티넘 마시는 알부민 30병 1박스 | 우리 29,900 → 네이버 비슷(29,900)
✓ [gmarket] (신선집중) 한상궁김치 겉절이 2kg / 출고당일생산 | 우리 10,880 → 네이버 비슷(10,880)
✓ [gmarket] 대건명가 돼지국밥 630g 5팩 사은품 (양념장 소금) 증정 | 우리 22,020 → 네이버 비슷(22,010)
✓ [gmarket] 베베숲 프라임 아기물티슈 70매 캡 20팩 프리미엄 아기 물티슈/고평 | 우리 26,320 → 네이버 비슷(26,310)
✓ [gmarket] (신선집중) 생생스토리 스테비아 대추 방울 토망고 500gX4팩 | 우리 10,920 → 네이버 비추(9,890)
✓ [11st] [본사직영] 위닉스 뽀송 1등급 인버터 제습기 20L | 우리 425,000 → 네이버 비추(309,900)
✓ [11st] 뉴트원 루테인지아잔틴 아이플로라 30캡슐 외 | 우리 11,000 → 네이버 추천(16,330)
✓ [11st] 대웅제약 우루샷 이브 20T, 3개 | 우리 43,860 → 네이버 비슷(43,860)
✓ [11st] 대웅제약 우루샷 이브 20T, 2개 | 우리 29,240 → 네이버 비슷(28,710)
✓ [11st] 대웅제약 우루샷 20T, 3개 | 우리 37,900 → 네이버 비추(23,440)
✓ [ohou] 리프홈 프리미엄 규조토 세라믹 원형 칫솔꽂이 3P세트 | 우리 21,492 → 네이버 추천(39,800)
✓ [coupang] 미니멜츠 쵸코바닐라 구슬아이스크림 (냉동), 50g, 6개입, 1개 | 우리 11,590 → 네이버 추천(14,030)
✓ [coupang] 립톤 아이스티 믹스 복숭아맛, 1.5kg, 1개입, 1개 | 우리 13,200 → 네이버 비추(12,390)
✓ [coupang] 한우 1등급 불고기/샤브샤브용 (냉장), 300g, 1개 | 우리 11,370 → 네이버 비추(9,600)
✓ [coupang] 좋은느낌 썸머 에디션 데이패드 생리대 날개형, 대형, 32개입, 2세 | 우리 17,900 → 네이버 추천(27,750)

판정 18/128 (14%) · DB기록 128건
✓ [gmarket] 초량갈비 수제 칼집양념구이 /1kg x2봉 (총2kg) | 우리 16,970 → 네이버 비슷(16,970)
✓ [gmarket] 금강만두 육개장 630g x5봉/ 부산명물 맛집 / 진한국물과 푸짐한 | 우리 17,950 → 네이버 비추(17,100)
✓ [gmarket] (신선집중/NH 10%추가할인) 1등급 한우 냉장 불고기 800G ( | 우리 22,790 → 네이버 비슷(22,790)
✓ [gmarket] 닥터루템 이시형박사의 알부민 플래티넘 마시는 알부민 30병 1박스 | 우리 29,900 → 네이버 비슷(29,900)
✓ [gmarket] (신선집중) 한상궁김치 겉절이 2kg / 출고당일생산 | 우리 10,880 → 네이버 비슷(10,880)
✓ [gmarket] 대건명가 돼지국밥 630g 5팩 사은품 (양념장 소금) 증정 | 우리 22,020 → 네이버 비슷(22,010)
✓ [gmarket] 베베숲 프라임 아기물티슈 70매 캡 20팩 프리미엄 아기 물티슈/고평 | 우리 26,320 → 네이버 비슷(26,310)
✓ [gmarket] (신선집중) 생생스토리 스테비아 대추 방울 토망고 500gX4팩 | 우리 10,920 → 네이버 비추(9,890)
✓ [11st] [본사직영] 위닉스 뽀송 1등급 인버터 제습기 20L | 우리 386,980 → 네이버 비추(309,900)
✓ [11st] 뉴트원 루테인지아잔틴 아이플로라 30캡슐 외 | 우리 11,000 → 네이버 추천(16,330)
✓ [11st] 부드럽게 잘 닦이는 맘스럽 센시티브코튼 물티슈 75g 72매 20팩  | 우리 16,900 → 네이버 추천(26,800)
✓ [11st] 두리 베비스킨 물에 풀리는 천연펄프 비데 물티슈 리필60매 10팩+휴 | 우리 16,960 → 네이버 추천(19,460)
✓ [ohou] 리프홈 프리미엄 규조토 세라믹 원형 칫솔꽂이 3P세트 | 우리 21,492 → 네이버 추천(39,800)
✓ [coupang] 미니멜츠 쵸코바닐라 구슬아이스크림 (냉동), 50g, 6개입, 1개 | 우리 11,590 → 네이버 추천(14,030)
✓ [coupang] 립톤 아이스티 믹스 복숭아맛, 1.5kg, 1개입, 1개 | 우리 13,200 → 네이버 비추(12,390)
✓ [coupang] 한우 1등급 불고기/샤브샤브용 (냉장), 300g, 1개 | 우리 11,370 → 네이버 비추(9,600)
✓ [coupang] 좋은느낌 썸머 에디션 데이패드 생리대 날개형, 대형, 32개입, 2세 | 우리 17,900 → 네이버 추천(27,750)

판정 17/128 (13%) · DB기록 128건
✓ [gmarket] 초량갈비 수제 칼집양념구이 /1kg x2봉 (총2kg) | 우리 16,970 → 네이버 비슷(16,970)
✓ [gmarket] 금강만두 육개장 630g x5봉/ 부산명물 맛집 / 진한국물과 푸짐한 | 우리 17,950 → 네이버 비추(17,100)
✓ [gmarket] (신선집중/NH 10%추가할인) 1등급 한우 냉장 불고기 800G ( | 우리 22,790 → 네이버 비슷(22,790)
✓ [gmarket] 닥터루템 이시형박사의 알부민 플래티넘 마시는 알부민 30병 1박스 | 우리 29,900 → 네이버 비슷(29,900)
✓ [gmarket] (신선집중) 한상궁김치 겉절이 2kg / 출고당일생산 | 우리 10,880 → 네이버 비슷(10,880)
✓ [gmarket] 대건명가 돼지국밥 630g 5팩 사은품 (양념장 소금) 증정 | 우리 22,020 → 네이버 비슷(22,010)
✓ [gmarket] 베베숲 프라임 아기물티슈 70매 캡 20팩 프리미엄 아기 물티슈/고평 | 우리 26,320 → 네이버 비슷(26,310)
✓ [gmarket] (신선집중) 생생스토리 스테비아 대추 방울 토망고 500gX4팩 | 우리 10,920 → 네이버 비추(9,890)
✓ [11st] [본사직영] 위닉스 뽀송 1등급 인버터 제습기 20L | 우리 386,980 → 네이버 비추(309,900)
✓ [11st] 뉴트원 루테인지아잔틴 아이플로라 30캡슐 외 | 우리 11,000 → 네이버 추천(16,330)
✓ [11st] 부드럽게 잘 닦이는 맘스럽 센시티브코튼 물티슈 75g 72매 20팩  | 우리 16,900 → 네이버 추천(26,800)
✓ [ohou] 리프홈 프리미엄 규조토 세라믹 원형 칫솔꽂이 3P세트 | 우리 21,492 → 네이버 추천(39,800)
✓ [coupang] 미니멜츠 쵸코바닐라 구슬아이스크림 (냉동), 50g, 6개입, 1개 | 우리 11,590 → 네이버 추천(14,030)
✓ [coupang] 립톤 아이스티 믹스 복숭아맛, 1.5kg, 1개입, 1개 | 우리 13,200 → 네이버 비추(12,390)
✓ [coupang] 한우 1등급 불고기/샤브샤브용 (냉장), 300g, 1개 | 우리 11,370 → 네이버 비추(9,600)
✓ [coupang] 좋은느낌 썸머 에디션 데이패드 생리대 날개형, 대형, 32개입, 2세 | 우리 17,900 → 네이버 추천(27,750)

판정 16/128 (13%) · DB기록 128건
✓ [gmarket] 초량갈비 수제 칼집양념구이 /1kg x2봉 (총2kg) | 우리 16,970 → 네이버 비슷(16,970)
✓ [gmarket] 금강만두 육개장 630g x5봉/ 부산명물 맛집 / 진한국물과 푸짐한 | 우리 17,950 → 네이버 비추(17,100)
✓ [gmarket] (신선집중/NH 10%추가할인) 1등급 한우 냉장 불고기 800G ( | 우리 22,790 → 네이버 비슷(22,790)
✓ [gmarket] 닥터루템 이시형박사의 알부민 플래티넘 마시는 알부민 30병 1박스 | 우리 29,900 → 네이버 비슷(29,900)
✓ [gmarket] (신선집중) 한상궁김치 겉절이 2kg / 출고당일생산 | 우리 10,880 → 네이버 비슷(10,880)
✓ [gmarket] 대건명가 돼지국밥 630g 5팩 사은품 (양념장 소금) 증정 | 우리 22,020 → 네이버 비슷(22,010)
✓ [gmarket] 베베숲 프라임 아기물티슈 70매 캡 20팩 프리미엄 아기 물티슈/고평 | 우리 26,320 → 네이버 비슷(26,310)
✓ [gmarket] (신선집중) 생생스토리 스테비아 대추 방울 토망고 500gX4팩 | 우리 10,920 → 네이버 비추(9,890)
✓ [11st] [본사직영] 위닉스 뽀송 1등급 인버터 제습기 20L | 우리 386,980 → 네이버 비추(309,900)
✓ [11st] 뉴트원 루테인지아잔틴 아이플로라 30캡슐 외 | 우리 11,000 → 네이버 추천(16,330)
✓ [11st] 부드럽게 잘 닦이는 맘스럽 센시티브코튼 물티슈 75g 72매 20팩  | 우리 16,900 → 네이버 추천(26,800)
✓ [coupang] 미니멜츠 쵸코바닐라 구슬아이스크림 (냉동), 50g, 6개입, 1개 | 우리 11,590 → 네이버 추천(14,030)
✓ [coupang] 립톤 아이스티 믹스 복숭아맛, 1.5kg, 1개입, 1개 | 우리 13,200 → 네이버 비추(12,390)
✓ [coupang] 한우 1등급 불고기/샤브샤브용 (냉장), 300g, 1개 | 우리 11,370 → 네이버 비추(9,600)
✓ [coupang] 좋은느낌 썸머 에디션 데이패드 생리대 날개형, 대형, 32개입, 2세 | 우리 17,900 → 네이버 추천(27,750)

판정 15/128 (12%) · DB기록 128건
✓ [gmarket] 초량갈비 수제 칼집양념구이 /1kg x2봉 (총2kg) | 우리 16,970 → 네이버 비슷(16,970)
✓ [gmarket] 금강만두 육개장 630g x5봉/ 부산명물 맛집 / 진한국물과 푸짐한 | 우리 17,950 → 네이버 비추(17,100)
✓ [gmarket] (신선집중/NH 10%추가할인) 1등급 한우 냉장 불고기 800G ( | 우리 22,790 → 네이버 비슷(22,790)
✓ [gmarket] 닥터루템 이시형박사의 알부민 플래티넘 마시는 알부민 30병 1박스 | 우리 29,900 → 네이버 비슷(29,900)
✓ [gmarket] (신선집중) 한상궁김치 겉절이 2kg / 출고당일생산 | 우리 10,880 → 네이버 비슷(10,880)
✓ [gmarket] 대건명가 돼지국밥 630g 5팩 사은품 (양념장 소금) 증정 | 우리 22,020 → 네이버 비슷(22,010)
✓ [gmarket] 베베숲 프라임 아기물티슈 70매 캡 20팩 프리미엄 아기 물티슈/고평 | 우리 26,320 → 네이버 비슷(26,310)
✓ [gmarket] (신선집중) 생생스토리 스테비아 대추 방울 토망고 500gX4팩 | 우리 10,920 → 네이버 비추(9,890)
✓ [11st] [본사직영] 위닉스 뽀송 1등급 인버터 제습기 20L | 우리 386,980 → 네이버 비추(309,900)
✓ [11st] 뉴트원 루테인지아잔틴 아이플로라 30캡슐 외 | 우리 11,000 → 네이버 추천(16,330)
✓ [11st] 부드럽게 잘 닦이는 맘스럽 센시티브코튼 물티슈 75g 72매 20팩  | 우리 16,900 → 네이버 추천(26,800)
✓ [11st] 오리온 도도한 나쵸 오리지널 92g + 찍먹 나쵸 치폴레마 84g 각 | 우리 12,900 → 네이버 비슷(12,900)
✓ [coupang] 펩시 제로슈거 라임향 제로카페인 탄산음료, 210ml, 30개 | 우리 14,460 → 네이버 추천(15,470)
✓ [coupang] 쿤달 퍼퓸 차량용 방향제 75ml 본품 2p + 우드볼 스틱 2p 세 | 우리 12,500 → 네이버 추천(20,000)
✓ [coupang] 무연골 돌돌말이 대패삼겹살 (냉동), 500g, 1개 | 우리 6,990 → 네이버 추천(17,670)
✓ [coupang] 해맑은푸드 건오징어 채 (냉동), 200g, 1개 | 우리 12,090 → 네이버 비추(9,100)
✓ [coupang] 2026년 통관 미국산 구운땅콩 대용량 부드러운 식감 최상급 견과류, | 우리 10,340 → 네이버 비슷(10,340)
✓ [coupang] 이디야 아이스아메리카노 스틱커피, 1g, 100개입, 1개 | 우리 13,890 → 네이버 비슷(13,890)
✓ [coupang] 옹골찬 GAP 경산 천도복숭아, 2kg, 1개 | 우리 13,990 → 네이버 추천(16,900)
✓ [coupang] 포트메리온 보타닉가든 테라스 시리얼 볼 4p 세트, 혼합색상, 1개 | 우리 41,700 → 네이버 비추(35,900)

판정 20/128 (16%) · DB기록 128건
✓ [gmarket] (리필추가증정)비트 딥클린파워 액체세탁세제 일반/드럼 겸용 용기 4L | 우리 22,900 → 네이버 추천(57,980)
✓ [gmarket] (신선집중) 한상궁김치 겉절이 2kg / 출고당일생산 | 우리 10,880 → 네이버 비슷(10,880)
✓ [gmarket] 베베숲 프라임 아기물티슈 70매 캡 20팩 프리미엄 아기 물티슈/고평 | 우리 26,320 → 네이버 비슷(26,310)
✓ [gmarket] 대건명가 돼지국밥 630g 5팩 사은품 (양념장 소금) 증정 | 우리 22,020 → 네이버 비슷(22,010)
✓ [gmarket] 이맛쌀 20kg | 우리 59,390 → 네이버 추천(62,680)
✓ [gmarket] (신선집중) 생생스토리 스테비아 대추 방울 토망고 500gX4팩 | 우리 10,920 → 네이버 비추(9,890)
✓ [11st] [본사직영] 위닉스 뽀송 1등급 인버터 제습기 20L | 우리 386,980 → 네이버 비추(309,900)
✓ [11st] 뉴트원 루테인지아잔틴 아이플로라 30캡슐 외 | 우리 11,000 → 네이버 추천(16,330)
✓ [11st] 유통기한 튜브 27.10 바이오가이아 베이비 드롭 프로바이오틱스 +  | 우리 83,690 → 네이버 비슷(83,690)
✓ [11st] 오리온 도도한 나쵸 오리지널 92g + 찍먹 나쵸 치폴레마 84g 각 | 우리 12,900 → 네이버 비슷(12,900)
✓ [coupang] 펩시 제로슈거 라임향 제로카페인 탄산음료, 210ml, 30개 | 우리 15,220 → 네이버 비슷(15,470)
✓ [coupang] 쿤달 퍼퓸 차량용 방향제 75ml 본품 2p + 우드볼 스틱 2p 세 | 우리 12,500 → 네이버 추천(20,000)
✓ [coupang] 무연골 돌돌말이 대패삼겹살 (냉동), 500g, 1개 | 우리 6,990 → 네이버 추천(17,670)
✓ [coupang] 해맑은푸드 건오징어 채 (냉동), 200g, 1개 | 우리 12,090 → 네이버 비추(9,100)
✓ [coupang] 2026년 통관 미국산 구운땅콩 대용량 부드러운 식감 최상급 견과류, | 우리 10,340 → 네이버 비슷(10,340)
✓ [coupang] 이디야 아이스아메리카노 스틱커피, 1g, 100개입, 1개 | 우리 13,890 → 네이버 비슷(13,890)
✓ [coupang] 옹골찬 GAP 경산 천도복숭아, 2kg, 1개 | 우리 13,990 → 네이버 추천(16,900)
✓ [coupang] 포트메리온 보타닉가든 테라스 시리얼 볼 4p 세트, 혼합색상, 1개 | 우리 41,700 → 네이버 비추(31,550)

판정 18/126 (14%) · DB기록 126건
✓ [gmarket] (리필추가증정)비트 딥클린파워 액체세탁세제 일반/드럼 겸용 용기 4L | 우리 22,900 → 네이버 추천(57,980)
✓ [gmarket] (신선집중) 한상궁김치 겉절이 2kg / 출고당일생산 | 우리 10,880 → 네이버 비슷(10,880)
✓ [gmarket] 베베숲 프라임 아기물티슈 70매 캡 20팩 프리미엄 아기 물티슈/고평 | 우리 26,320 → 네이버 비슷(26,310)
✓ [gmarket] 대건명가 돼지국밥 630g 5팩 사은품 (양념장 소금) 증정 | 우리 22,020 → 네이버 비슷(22,010)
✓ [gmarket] 이맛쌀 20kg | 우리 59,390 → 네이버 추천(62,680)
✓ [gmarket] (신선집중) 생생스토리 스테비아 대추 방울 토망고 500gX4팩 | 우리 10,920 → 네이버 비추(9,890)
✓ [11st] NEW 스와니브 발효쌀겨수 PDRN 앰플 미스트 150ml | 우리 24,900 → 네이버 비추(13,900)
✓ [11st] 망고 호텔식 리모컨 직수 방수 비데 MB-8811RNF | 우리 128,780 → 네이버 추천(135,150)
✓ [11st] 맛있게 튀겼쥐포 120g | 우리 7,900 → 네이버 비슷(7,900)
✓ [11st] 풀무원 글라스쿡 3L 소형 유리 에어프라이기 AB03C00V | 우리 49,900 → 네이버 추천(56,900)
✓ [11st] 티포 미니 우유맛 크림 롤케이크 360g (18입) x 2박스 / 과 | 우리 9,920 → 네이버 비슷(9,920)
✓ [11st] 맛있게 튀겼쥐포 120g 쥐치포채 건어물 튀김 맥주 술 안주 | 우리 7,900 → 네이버 비슷(7,900)
✓ [11st] 재구매 많은 상품 망고 IPX5 방수 리모컨 필터없는 직수 비데 MB | 우리 128,780 → 네이버 추천(143,100)
✓ [11st] [풀무원공식] 풀무원 글라스쿡 3L 소형 유리 에어프라이기 AB03C | 우리 49,900 → 네이버 추천(56,900)
✓ [coupang] 펩시 제로슈거 라임향 제로카페인 탄산음료, 210ml, 30개 | 우리 15,220 → 네이버 비슷(15,470)
✓ [coupang] 쿤달 퍼퓸 차량용 방향제 75ml 본품 2p + 우드볼 스틱 2p 세 | 우리 12,500 → 네이버 추천(20,000)
✓ [coupang] 해맑은푸드 건오징어 채 (냉동), 200g, 1개 | 우리 12,090 → 네이버 비추(9,100)
✓ [coupang] 2026년 통관 미국산 구운땅콩 대용량 부드러운 식감 최상급 견과류, | 우리 10,340 → 네이버 비슷(10,340)
✓ [coupang] 이디야 아이스아메리카노 스틱커피, 1g, 100개입, 1개 | 우리 13,890 → 네이버 비슷(13,890)
✓ [coupang] 옹골찬 GAP 경산 천도복숭아, 2kg, 1개 | 우리 13,990 → 네이버 추천(16,900)

판정 20/124 (16%) · DB기록 124건
✓ [gmarket] 동원 DHA 참치 150g 원터치 12캔 | 우리 23,500 → 네이버 비슷(23,400)
✓ [gmarket] 더 보송한 습기제거제 525ml 24개 제습제 | 우리 13,990 → 네이버 추천(14,960)
✓ [gmarket] 미스타셰프 버섯뚝배기소불고기 400g 7팩/반찬/간편식 | 우리 22,510 → 네이버 비슷(22,520)
✓ [gmarket] 더미식 밥알이 살아있는 백미밥 200g 2박스 총 48개 | 우리 36,800 → 네이버 추천(61,940)
✓ [gmarket] 쿠쿠 건조분쇄형 에코웨일큐브 2L 음식물처리기 눌어붙음방지 직접생산  | 우리 450,770 → 네이버 비추(387,600)
✓ [gmarket] (신선집중) 한상궁김치 겉절이 2kg / 출고당일생산 | 우리 10,880 → 네이버 비슷(10,880)
✓ [gmarket] 베베숲 프라임 아기물티슈 70매 캡 20팩 프리미엄 아기 물티슈/고평 | 우리 26,320 → 네이버 비슷(26,310)
✓ [gmarket] 대건명가 돼지국밥 630g 5팩 사은품 (양념장 소금) 증정 | 우리 22,020 → 네이버 비슷(22,010)
✓ [gmarket] 이맛쌀 20kg | 우리 59,390 → 네이버 추천(62,680)
✓ [11st] 맛있게 튀겼쥐포 120g | 우리 7,900 → 네이버 비슷(7,900)
✓ [11st] 풀무원 글라스쿡 3L 소형 유리 에어프라이기 AB03C00V | 우리 49,900 → 네이버 추천(56,900)
✓ [11st] 망고 호텔식 리모컨 직수 방수 비데 MB-8811RNF | 우리 128,780 → 네이버 추천(135,150)
✓ [11st] NEW 스와니브 발효쌀겨수 PDRN 앰플 미스트 150ml | 우리 24,900 → 네이버 비추(13,900)
✓ [11st] 부드럽고 촉촉한 한성 크래미H 90g x 20개 | 우리 16,990 → 네이버 추천(18,720)
✓ [11st] 티포 미니 우유맛 크림 롤케이크 360g (18입) x 2박스 / 과 | 우리 9,920 → 네이버 비슷(9,920)
✓ [11st] 맛있게 튀겼쥐포 120g 쥐치포채 건어물 튀김 맥주 술 안주 | 우리 7,900 → 네이버 비슷(7,900)
✓ [11st] 재구매 많은 상품 망고 IPX5 방수 리모컨 필터없는 직수 비데 MB | 우리 128,780 → 네이버 추천(143,100)
✓ [11st] [풀무원공식] 풀무원 글라스쿡 3L 소형 유리 에어프라이기 AB03C | 우리 49,900 → 네이버 추천(56,900)
✓ [11st] 천일 사누끼 우동 10인분 1세트 (면1인분10개+소스10개+건더기1 | 우리 10,850 → 네이버 비슷(10,850)
✓ [coupang] 펩시 제로슈거 라임향 제로카페인 탄산음료, 210ml, 30개 | 우리 15,220 → 네이버 비슷(15,470)
✓ [coupang] 해맑은푸드 건오징어 채 (냉동), 200g, 1개 | 우리 12,090 → 네이버 비추(9,100)
✓ [coupang] 2026년 통관 미국산 구운땅콩 대용량 부드러운 식감 최상급 견과류, | 우리 10,340 → 네이버 비슷(10,340)
✓ [coupang] 이디야 아이스아메리카노 스틱커피, 1g, 100개입, 1개 | 우리 13,890 → 네이버 비슷(13,890)
✓ [coupang] 옹골찬 GAP 경산 천도복숭아, 2kg, 1개 | 우리 13,990 → 네이버 추천(16,900)
✓ [coupang] 포트메리온 보타닉가든 테라스 시리얼 볼 4p 세트, 혼합색상, 1개 | 우리 41,700 → 네이버 비추(29,980)

판정 25/124 (20%) · DB기록 124건
✓ [gmarket] 동원 DHA 참치 150g 원터치 12캔 | 우리 23,500 → 네이버 비슷(23,400)
✓ [gmarket] 더 보송한 습기제거제 525ml 24개 제습제 | 우리 13,990 → 네이버 추천(14,860)
✓ [gmarket] 미스타셰프 버섯뚝배기소불고기 400g 7팩/반찬/간편식 | 우리 22,510 → 네이버 비슷(22,510)
✓ [gmarket] 더미식 밥알이 살아있는 백미밥 200g 2박스 총 48개 | 우리 36,800 → 네이버 추천(61,940)
✓ [gmarket] 쿠쿠 건조분쇄형 에코웨일큐브 2L 음식물처리기 눌어붙음방지 직접생산  | 우리 450,770 → 네이버 비추(391,350)
✓ [gmarket] (신선집중) 한상궁김치 겉절이 2kg / 출고당일생산 | 우리 10,880 → 네이버 비슷(10,880)
✓ [gmarket] 베베숲 프라임 아기물티슈 70매 캡 20팩 프리미엄 아기 물티슈/고평 | 우리 26,320 → 네이버 비슷(26,310)
✓ [gmarket] 대건명가 돼지국밥 630g 5팩 사은품 (양념장 소금) 증정 | 우리 22,020 → 네이버 비슷(22,010)
✓ [gmarket] 이맛쌀 20kg | 우리 59,390 → 네이버 추천(62,680)
✓ [11st] 한닢쿡 동전육수 진한/홍게/시원/사골 3봉 60알 240g | 우리 10,920 → 네이버 비슷(10,920)
✓ [11st] 은행튀김&대추칩 150g 2팩 | 우리 9,920 → 네이버 비슷(9,920)
✓ [11st] 대용량 국내산 돼지 생 오돌뼈 1kg x2개 | 우리 14,790 → 네이버 추천(17,020)
✓ [11st] 부드럽고 촉촉한 한성 크래미H 90g x 20개 | 우리 16,990 → 네이버 추천(18,720)
✓ [11st] [11pay5%적립] 헤라 에어리 파우더 프라이머 8.5g, 1개+증 | 우리 54,000 → 네이버 비추(40,200)
✓ [11st] 천일 사누끼 우동 10인분 1세트 (면1인분10개+소스10개+건더기1 | 우리 10,850 → 네이버 비슷(10,850)
✓ [11st] 서울우유 멸균우유 1000mlx10개_기한260812 | 우리 18,900 → 네이버 비슷(18,700)
✓ [coupang] 펩시 제로슈거 라임향 제로카페인 탄산음료, 210ml, 30개 | 우리 15,220 → 네이버 비슷(15,470)
✓ [coupang] 해맑은푸드 건오징어 채 (냉동), 200g, 1개 | 우리 12,090 → 네이버 비추(9,100)
✓ [coupang] 2026년 통관 미국산 구운땅콩 대용량 부드러운 식감 최상급 견과류, | 우리 10,340 → 네이버 비슷(10,340)
✓ [coupang] 이디야 아이스아메리카노 스틱커피, 1g, 100개입, 1개 | 우리 13,890 → 네이버 비슷(13,890)
✓ [coupang] 옹골찬 GAP 경산 천도복숭아, 2kg, 1개 | 우리 13,990 → 네이버 추천(16,900)
✓ [coupang] 포트메리온 보타닉가든 테라스 시리얼 볼 4p 세트, 혼합색상, 1개 | 우리 41,700 → 네이버 비추(29,980)

판정 22/118 (19%) · DB기록 118건
✓ [gmarket] (신선집중) 한상궁김치 겉절이 2kg / 출고당일생산 | 우리 15,220 → 네이버 비추(10,880)
✓ [gmarket] 베베숲 프라임 아기물티슈 70매 캡 20팩 프리미엄 아기 물티슈/고평 | 우리 26,320 → 네이버 비슷(26,310)
✓ [gmarket] 대건명가 돼지국밥 630g 5팩 사은품 (양념장 소금) 증정 | 우리 22,020 → 네이버 비슷(22,010)
✓ [gmarket] 이맛쌀 20kg | 우리 59,390 → 네이버 추천(62,680)
✓ [gmarket] (신선집중) 생생스토리 스테비아 대추 방울 토망고 500gX4팩 | 우리 10,920 → 네이버 비추(9,890)
✓ [gmarket] 농가살리기 푸짐한 맛 배터지는 고기듬뿍 감자탕 5kg(8~10인분) | 우리 19,470 → 네이버 비추(17,430)
✓ [11st] 은행튀김&대추칩 150g 2팩 | 우리 9,920 → 네이버 비슷(9,920)
✓ [11st] 대용량 국내산 돼지 생 오돌뼈 1kg x2개 | 우리 14,790 → 네이버 추천(17,020)
✓ [11st] 부드럽고 촉촉한 한성 크래미H 90g x 20개 | 우리 16,990 → 네이버 추천(18,720)
✓ [11st] [숨] 100% 천연펄프 무형광 소프트 블랙 3겹 30m 30롤 2팩 | 우리 17,400 → 네이버 비슷(17,400)
✓ [11st] [11pay5%적립] 헤라 에어리 파우더 프라이머 8.5g, 1개+증 | 우리 54,000 → 네이버 비추(40,200)
✓ [11st] 천일 사누끼 우동 10인분 1세트 (면1인분10개+소스10개+건더기1 | 우리 10,850 → 네이버 비슷(10,850)
✓ [11st] 품질보장,무료반품 행사 한돈 뒷다리 대패 600g+600g | 우리 11,920 → 네이버 추천(24,750)
✓ [ohou] 리프홈 프리미엄 규조토 세라믹 원형 칫솔꽂이 3P세트 | 우리 21,492 → 네이버 추천(39,800)
✓ [coupang] 펩시 제로슈거 라임향 제로카페인 탄산음료, 210ml, 30개 | 우리 15,220 → 네이버 비추(10,880)
✓ [coupang] 쿤달 퍼퓸 차량용 방향제 75ml 본품 2p + 우드볼 스틱 2p 세 | 우리 12,500 → 네이버 추천(20,000)
✓ [coupang] 해맑은푸드 건오징어 채 (냉동), 200g, 1개 | 우리 12,090 → 네이버 비추(9,100)
✓ [coupang] 2026년 통관 미국산 구운땅콩 대용량 부드러운 식감 최상급 견과류, | 우리 10,340 → 네이버 비슷(10,340)
✓ [coupang] 이디야 아이스아메리카노 스틱커피, 1g, 100개입, 1개 | 우리 13,890 → 네이버 비슷(13,890)
✓ [coupang] 옹골찬 GAP 경산 천도복숭아, 2kg, 1개 | 우리 13,990 → 네이버 추천(16,900)
✓ [coupang] 포트메리온 보타닉가든 테라스 시리얼 볼 4p 세트, 혼합색상, 1개 | 우리 41,700 → 네이버 추천(76,900)

판정 21/117 (18%) · DB기록 117건
✓ [gmarket] (신선집중) 한상궁김치 겉절이 2kg / 출고당일생산 | 우리 15,220 → 네이버 비추(10,880)
✓ [gmarket] 베베숲 프라임 아기물티슈 70매 캡 20팩 프리미엄 아기 물티슈/고평 | 우리 26,320 → 네이버 비슷(26,310)
✓ [gmarket] 대건명가 돼지국밥 630g 5팩 사은품 (양념장 소금) 증정 | 우리 22,020 → 네이버 비슷(22,010)
✓ [gmarket] 이맛쌀 20kg | 우리 59,390 → 네이버 추천(62,680)
✓ [gmarket] (신선집중) 생생스토리 스테비아 대추 방울 토망고 500gX4팩 | 우리 10,920 → 네이버 비추(9,890)
✓ [gmarket] 농가살리기 푸짐한 맛 배터지는 고기듬뿍 감자탕 5kg(8~10인분) | 우리 19,470 → 네이버 비추(17,430)
✓ [11st] 숨 클리어 시그니처 4겹 화장지 30m 30롤 2팩 | 우리 24,900 → 네이버 비슷(24,900)
✓ [11st] 쿡솜씨 해물오꼬노미야끼 밀키트 2인분 | 우리 6,390 → 네이버 추천(10,200)
✓ [11st] 부드럽고 촉촉한 한성 크래미H 90g x 20개 | 우리 16,990 → 네이버 추천(18,720)
✓ [11st] [숨] 100% 천연펄프 무형광 소프트 블랙 3겹 30m 30롤 2팩 | 우리 17,400 → 네이버 비슷(17,400)
✓ [11st] 천일 사누끼 우동 10인분 1세트 (면1인분10개+소스10개+건더기1 | 우리 10,850 → 네이버 비슷(10,850)
✓ [11st] 쿡솜씨 해물오꼬노미야끼 밀키트 2인분 | 우리 6,390 → 네이버 추천(10,200)
✓ [ohou] 리프홈 프리미엄 규조토 세라믹 원형 칫솔꽂이 3P세트 | 우리 21,492 → 네이버 추천(39,800)
✓ [coupang] 펩시 제로슈거 라임향 제로카페인 탄산음료, 210ml, 30개 | 우리 15,220 → 네이버 비슷(15,100)
✓ [coupang] 쿤달 퍼퓸 차량용 방향제 75ml 본품 2p + 우드볼 스틱 2p 세 | 우리 12,500 → 네이버 추천(20,000)
✓ [coupang] 해맑은푸드 건오징어 채 (냉동), 200g, 1개 | 우리 12,090 → 네이버 비추(9,100)
✓ [coupang] 2026년 통관 미국산 구운땅콩 대용량 부드러운 식감 최상급 견과류, | 우리 10,340 → 네이버 비슷(10,340)
✓ [coupang] 이디야 아이스아메리카노 스틱커피, 1g, 100개입, 1개 | 우리 13,890 → 네이버 비슷(13,890)
✓ [coupang] 옹골찬 GAP 경산 천도복숭아, 2kg, 1개 | 우리 13,990 → 네이버 추천(16,900)

판정 19/121 (16%) · DB기록 121건
✓ [gmarket] (신선집중) 한상궁김치 겉절이 2kg / 출고당일생산 | 우리 15,220 → 네이버 비추(10,880)
✓ [gmarket] 베베숲 프라임 아기물티슈 70매 캡 20팩 프리미엄 아기 물티슈/고평 | 우리 26,320 → 네이버 비슷(26,310)
✓ [gmarket] 대건명가 돼지국밥 630g 5팩 사은품 (양념장 소금) 증정 | 우리 22,020 → 네이버 비슷(22,010)
✓ [gmarket] 이맛쌀 20kg | 우리 59,390 → 네이버 추천(62,680)
✓ [gmarket] (신선집중) 생생스토리 스테비아 대추 방울 토망고 500gX4팩 | 우리 10,920 → 네이버 비추(9,890)
✓ [gmarket] 농가살리기 푸짐한 맛 배터지는 고기듬뿍 감자탕 5kg(8~10인분) | 우리 19,470 → 네이버 비추(17,430)
✓ [11st] 숨 클리어 시그니처 4겹 화장지 30m 30롤 2팩 | 우리 24,900 → 네이버 비슷(24,900)
✓ [11st] 쿡솜씨 해물오꼬노미야끼 밀키트 2인분 | 우리 6,390 → 네이버 추천(10,200)
✓ [11st] 부드럽고 촉촉한 한성 크래미H 90g x 20개 | 우리 16,990 → 네이버 추천(18,720)
✓ [11st] [숨] 100% 천연펄프 무형광 소프트 블랙 3겹 30m 30롤 2팩 | 우리 17,400 → 네이버 비슷(17,400)
✓ [11st] 쿡솜씨 해물오꼬노미야끼 밀키트 2인분 | 우리 6,390 → 네이버 추천(10,200)
✓ [11st] 천일 사누끼 우동 10인분 1세트 (면1인분10개+소스10개+건더기1 | 우리 10,850 → 네이버 비슷(10,850)
✓ [11st] 숨 클리어 시그니처 4겹 천연펄프 프리미엄 화장지 30m 30롤 2팩 | 우리 24,900 → 네이버 비슷(24,900)
✓ [ohou] 리프홈 프리미엄 규조토 세라믹 원형 칫솔꽂이 3P세트 | 우리 21,492 → 네이버 추천(39,800)
✓ [coupang] 펩시 제로슈거 라임향 제로카페인 탄산음료, 210ml, 30개 | 우리 15,220 → 네이버 비슷(15,100)
✓ [coupang] 쿤달 퍼퓸 차량용 방향제 75ml 본품 2p + 우드볼 스틱 2p 세 | 우리 12,500 → 네이버 추천(20,000)
✓ [coupang] 해맑은푸드 건오징어 채 (냉동), 200g, 1개 | 우리 12,090 → 네이버 비추(9,100)
✓ [coupang] 2026년 통관 미국산 구운땅콩 대용량 부드러운 식감 최상급 견과류, | 우리 10,340 → 네이버 비슷(10,340)
✓ [coupang] 이디야 아이스아메리카노 스틱커피, 1g, 100개입, 1개 | 우리 13,890 → 네이버 비슷(13,890)
✓ [coupang] 옹골찬 GAP 경산 천도복숭아, 2kg, 1개 | 우리 13,990 → 네이버 추천(16,900)

판정 20/121 (17%) · DB기록 121건
✓ [gmarket] (신선집중) 한상궁김치 겉절이 2kg / 출고당일생산 | 우리 15,220 → 네이버 비추(10,880)
✓ [gmarket] 베베숲 프라임 아기물티슈 70매 캡 20팩 프리미엄 아기 물티슈/고평 | 우리 26,320 → 네이버 비슷(26,310)
✓ [gmarket] 대건명가 돼지국밥 630g 5팩 사은품 (양념장 소금) 증정 | 우리 22,020 → 네이버 비슷(22,010)
✓ [gmarket] 이맛쌀 20kg | 우리 59,390 → 네이버 추천(62,680)
✓ [gmarket] (신선집중) 생생스토리 스테비아 대추 방울 토망고 500gX4팩 | 우리 10,920 → 네이버 비추(9,890)
✓ [gmarket] 농가살리기 푸짐한 맛 배터지는 고기듬뿍 감자탕 5kg(8~10인분) | 우리 19,470 → 네이버 비추(17,430)
✓ [11st] [무료설치]린나이 4Cell 올파워 3구 인덕션 전기레인지 | 우리 385,000 → 네이버 비추(338,640)
✓ [11st] 복숭아의 계절 황도복숭아 1.5kg/4kg | 우리 9,900 → 네이버 비추(9,400)
✓ [11st] 체지방감소+유산균증식 푸드올로지 콜레올로지 컷 다이어트 유산균 1개  | 우리 27,900 → 네이버 비추(24,360)
✓ [11st] 푸드올로지 공식판매처 푸드올로지 콜레올로지 컷 PRO 30정 1개 | 우리 18,900 → 네이버 비추(17,850)
✓ [coupang] 펩시 제로슈거 라임향 제로카페인 탄산음료, 210ml, 30개 | 우리 15,220 → 네이버 비슷(15,100)
✓ [coupang] 해맑은푸드 건오징어 채 (냉동), 200g, 1개 | 우리 12,090 → 네이버 비추(9,100)
✓ [coupang] 2026년 통관 미국산 구운땅콩 대용량 부드러운 식감 최상급 견과류, | 우리 10,340 → 네이버 비슷(10,340)
✓ [coupang] 이디야 아이스아메리카노 스틱커피, 1g, 100개입, 1개 | 우리 13,890 → 네이버 비슷(13,890)
✓ [coupang] 옹골찬 GAP 경산 천도복숭아, 2kg, 1개 | 우리 13,990 → 네이버 추천(16,900)
✓ [coupang] 포트메리온 보타닉가든 테라스 시리얼 볼 4p 세트, 혼합색상, 1개 | 우리 41,700 → 네이버 추천(76,900)

판정 16/122 (13%) · DB기록 122건
✓ [gmarket] 3구 인덕션 독일쇼츠상판 3400W ERI-4103AF 플렉스존 1등 | 우리 319,930 → 네이버 추천(331,910)
✓ [gmarket] (신선집중) 한상궁김치 겉절이 2kg / 출고당일생산 | 우리 15,220 → 네이버 비추(10,880)
✓ [gmarket] 베베숲 프라임 아기물티슈 70매 캡 20팩 프리미엄 아기 물티슈/고평 | 우리 26,320 → 네이버 비슷(26,310)
✓ [gmarket] 대건명가 돼지국밥 630g 5팩 사은품 (양념장 소금) 증정 | 우리 22,020 → 네이버 비슷(22,010)
✓ [gmarket] 이맛쌀 20kg | 우리 59,390 → 네이버 추천(62,680)
✓ [gmarket] 깨끗한나라 순수시그니처 화장지 브라운 30m 30롤 2팩+네이버페이  | 우리 26,970 → 네이버 비추(25,300)
✓ [gmarket] (신선집중) 생생스토리 스테비아 대추 방울 토망고 500gX4팩 | 우리 10,920 → 네이버 비추(9,890)
✓ [11st] [무료설치]린나이 4Cell 올파워 3구 인덕션 전기레인지 | 우리 385,000 → 네이버 비추(338,640)
✓ [11st] 한우대창과 소내장을 푸짐하게 넣은 한우대창전골 1kg +1kg | 우리 15,900 → 네이버 추천(16,950)
✓ [11st] 한상궁김치 오이소박이 1kg | 우리 10,480 → 네이버 비추(8,900)
✓ [11st] 귀한 특수부위 소고기 안창살 400g + 토시살 400g | 우리 21,840 → 네이버 비추(7,900)
✓ [11st] 센트룸 원데이팩 맨40, 1개 + 증정(보냉백, 1개) | 우리 59,000 → 네이버 비추(24,980)
✓ [11st] 라엘 에어리쿨 순면커버 7팩 (중형/대형) | 우리 31,490 → 네이버 비추(20,240)
✓ [coupang] 펩시 제로슈거 라임향 제로카페인 탄산음료, 210ml, 30개 | 우리 15,220 → 네이버 비슷(15,100)
✓ [coupang] 해맑은푸드 건오징어 채 (냉동), 200g, 1개 | 우리 12,090 → 네이버 비추(9,100)
✓ [coupang] 2026년 통관 미국산 구운땅콩 대용량 부드러운 식감 최상급 견과류, | 우리 10,340 → 네이버 비슷(10,340)
✓ [coupang] 이디야 아이스아메리카노 스틱커피, 1g, 100개입, 1개 | 우리 13,890 → 네이버 비슷(13,890)
✓ [coupang] 옹골찬 GAP 경산 천도복숭아, 2kg, 1개 | 우리 13,990 → 네이버 추천(16,900)
✓ [coupang] 포트메리온 보타닉가든 테라스 시리얼 볼 4p 세트, 혼합색상, 1개 | 우리 41,700 → 네이버 추천(76,900)

판정 19/121 (16%) · DB기록 121건
✓ [gmarket] 3구 인덕션 독일쇼츠상판 3400W ERI-4103AF 플렉스존 1등 | 우리 319,930 → 네이버 추천(331,910)
✓ [gmarket] (신선집중) 한상궁김치 겉절이 2kg / 출고당일생산 | 우리 15,220 → 네이버 비추(10,880)
✓ [gmarket] 베베숲 프라임 아기물티슈 70매 캡 20팩 프리미엄 아기 물티슈/고평 | 우리 26,320 → 네이버 비슷(26,310)
✓ [gmarket] 대건명가 돼지국밥 630g 5팩 사은품 (양념장 소금) 증정 | 우리 22,020 → 네이버 비슷(22,010)
✓ [gmarket] 이맛쌀 20kg | 우리 59,390 → 네이버 추천(62,680)
✓ [gmarket] 깨끗한나라 순수시그니처 화장지 브라운 30m 30롤 2팩+네이버페이  | 우리 26,970 → 네이버 비추(25,300)
✓ [gmarket] (신선집중) 생생스토리 스테비아 대추 방울 토망고 500gX4팩 | 우리 10,920 → 네이버 비추(9,890)
✓ [11st] [무료설치]린나이 4Cell 올파워 3구 인덕션 전기레인지 | 우리 385,000 → 네이버 비추(338,640)
✓ [11st] 한우대창과 소내장을 푸짐하게 넣은 한우대창전골 1kg +1kg | 우리 15,900 → 네이버 비슷(15,900)
✓ [11st] 한상궁김치 오이소박이 1kg | 우리 10,480 → 네이버 비추(8,900)
✓ [11st] 귀한 특수부위 소고기 안창살 400g + 토시살 400g | 우리 21,840 → 네이버 비추(7,900)
✓ [11st] 종근당건강 공식 (ALL NEW) 락토핏 골드 50포 6통 (300일 | 우리 66,600 → 네이버 비추(36,800)
✓ [11st] 센트룸 원데이팩 맨40, 1개 + 증정(보냉백, 1개) | 우리 59,000 → 네이버 비추(24,980)
✓ [coupang] 펩시 제로슈거 라임향 제로카페인 탄산음료, 210ml, 30개 | 우리 15,220 → 네이버 비슷(15,100)
✓ [coupang] 해맑은푸드 건오징어 채 (냉동), 200g, 1개 | 우리 12,090 → 네이버 비추(9,100)
✓ [coupang] 2026년 통관 미국산 구운땅콩 대용량 부드러운 식감 최상급 견과류, | 우리 10,340 → 네이버 비슷(10,340)
✓ [coupang] 이디야 아이스아메리카노 스틱커피, 1g, 100개입, 1개 | 우리 13,890 → 네이버 비슷(13,890)
✓ [coupang] 옹골찬 GAP 경산 천도복숭아, 2kg, 1개 | 우리 13,990 → 네이버 추천(16,900)
✓ [coupang] 포트메리온 보타닉가든 테라스 시리얼 볼 4p 세트, 혼합색상, 1개 | 우리 41,700 → 네이버 추천(76,900)

판정 19/121 (16%) · DB기록 121건
✓ [gmarket] 3구 인덕션 독일쇼츠상판 3400W ERI-4103AF 플렉스존 1등 | 우리 319,930 → 네이버 비슷(319,910)
✓ [gmarket] 베베숲 프라임 아기물티슈 70매 캡 20팩 프리미엄 아기 물티슈/고평 | 우리 26,320 → 네이버 비슷(26,310)
✓ [gmarket] 대건명가 돼지국밥 630g 5팩 사은품 (양념장 소금) 증정 | 우리 22,020 → 네이버 비슷(22,010)
✓ [gmarket] (신선집중) 한상궁김치 겉절이 2kg / 출고당일생산 | 우리 15,220 → 네이버 비추(10,880)
✓ [11st] [무료설치]린나이 4Cell 올파워 3구 인덕션 전기레인지 | 우리 385,000 → 네이버 비추(338,640)
✓ [11st] 한우대창과 소내장을 푸짐하게 넣은 한우대창전골 1kg +1kg | 우리 15,900 → 네이버 비슷(15,900)
✓ [11st] 귀한 특수부위 소고기 안창살 400g + 토시살 400g | 우리 21,840 → 네이버 비추(7,900)
✓ [11st] 한상궁김치 오이소박이 1kg | 우리 10,480 → 네이버 비추(8,900)
✓ [11st] 종근당건강 공식 (ALL NEW) 락토핏 골드 50포 6통 (300일 | 우리 66,600 → 네이버 비추(36,800)
✓ [coupang] 펩시 제로슈거 라임향 제로카페인 탄산음료, 210ml, 30개 | 우리 15,220 → 네이버 비슷(15,100)
✓ [coupang] 해맑은푸드 건오징어 채 (냉동), 200g, 1개 | 우리 12,090 → 네이버 비추(9,100)
✓ [coupang] 2026년 통관 미국산 구운땅콩 대용량 부드러운 식감 최상급 견과류, | 우리 10,340 → 네이버 비슷(10,340)
✓ [coupang] 이디야 아이스아메리카노 스틱커피, 1g, 100개입, 1개 | 우리 13,890 → 네이버 비슷(13,890)
✓ [coupang] 옹골찬 GAP 경산 천도복숭아, 2kg, 1개 | 우리 13,990 → 네이버 추천(16,900)
✓ [coupang] 포트메리온 보타닉가든 테라스 시리얼 볼 4p 세트, 혼합색상, 1개 | 우리 41,700 → 네이버 비추(35,900)

판정 15/118 (13%) · DB기록 118건
✓ [gmarket] 3구 인덕션 독일쇼츠상판 3400W ERI-4103AF 플렉스존 1등 | 우리 319,930 → 네이버 비슷(319,910)
✓ [gmarket] 베베숲 프라임 아기물티슈 70매 캡 20팩 프리미엄 아기 물티슈/고평 | 우리 26,320 → 네이버 비슷(26,310)
✓ [gmarket] 대건명가 돼지국밥 630g 5팩 사은품 (양념장 소금) 증정 | 우리 22,020 → 네이버 비슷(22,010)
✓ [gmarket] (신선집중) 한상궁김치 겉절이 2kg / 출고당일생산 | 우리 15,220 → 네이버 비추(10,880)
✓ [11st] [무료설치]린나이 4Cell 올파워 3구 인덕션 전기레인지 | 우리 385,000 → 네이버 비추(338,640)
✓ [11st] 한우대창과 소내장을 푸짐하게 넣은 한우대창전골 1kg +1kg | 우리 15,900 → 네이버 비추(13,900)
✓ [11st] 귀한 특수부위 소고기 안창살 400g + 토시살 400g | 우리 21,840 → 네이버 비추(7,900)
✓ [11st] 종근당건강 공식 (ALL NEW) 락토핏 골드 50포 6통 (300일 | 우리 66,600 → 네이버 비추(36,800)
✓ [11st] 한상궁김치 오이소박이 1kg | 우리 10,480 → 네이버 비추(8,900)
✓ [11st] [에치와이] 헬리코박터 프로젝트 윌 오리지널 에코 180ml, 10개 | 우리 15,920 → 네이버 비슷(15,920)
✓ [coupang] 남양이오 유산균 음료, 190ml, 24개 | 우리 9,900 → 네이버 비추(9,630)
✓ [coupang] 제오닉 도시락통 밀프랩 나눔 반찬통 4칸, 2개, 1.5L | 우리 12,200 → 네이버 추천(19,600)
✓ [coupang] 대학두유 대학약콩 오리지널 대학 두유, 15개, 190ml | 우리 20,000 → 네이버 비슷(20,000)
✓ [coupang] 산과들에 원데이발란스블랙 하루견과 20g, 30개 | 우리 14,960 → 네이버 비슷(14,960)
✓ [coupang] 바다온 포항시 인증 구룡포건조 원양산 반건조 오징어 5미 (냉동),  | 우리 15,490 → 네이버 추천(20,950)
✓ [coupang] 신선설농탕 신선왕만두 고소한맛 (냉동), 490g, 1개 | 우리 6,650 → 네이버 추천(8,040)
✓ [coupang] 슈퍼츄 강아지 터키츄 건조간식 S, 본 혼합맛(칠면조/소고기), 13 | 우리 19,800 → 네이버 추천(20,900)
✓ [coupang] 트레비 레몬 ECO 탄산음료 무라벨, 350ml, 20개 | 우리 11,900 → 네이버 비추(11,500)
✓ [coupang] 클룹 애사비소다 매실 제로 탄산음료, 24개, 250ml | 우리 18,480 → 네이버 추천(26,220)
✓ [coupang] 꼬모쎔쁘레 소프트 리얼 초콜릿 오리지널, 90g, 1개 | 우리 12,650 → 네이버 비추(12,400)

판정 20/118 (17%) · DB기록 118건
✓ [gmarket] (신선집중) 망고 복숭아 자인농협 옐로드림 2kg / 20~25과/  | 우리 12,960 → 네이버 비추(10,600)
✓ [gmarket] 3구 인덕션 독일쇼츠상판 3400W ERI-4103AF 플렉스존 1등 | 우리 319,930 → 네이버 비슷(319,910)
✓ [gmarket] 베베숲 프라임 아기물티슈 70매 캡 20팩 프리미엄 아기 물티슈/고평 | 우리 26,320 → 네이버 비슷(26,310)
✓ [gmarket] 대건명가 돼지국밥 630g 5팩 사은품 (양념장 소금) 증정 | 우리 22,020 → 네이버 비슷(22,010)
✓ [11st] [무료설치]린나이 4Cell 올파워 3구 인덕션 전기레인지 | 우리 385,000 → 네이버 비추(338,640)
✓ [11st] 한우대창과 소내장을 푸짐하게 넣은 한우대창전골 1kg +1kg | 우리 15,900 → 네이버 비추(13,900)
✓ [11st] 종근당건강 공식 (ALL NEW) 락토핏 골드 50포 6통 (300일 | 우리 66,600 → 네이버 비추(36,800)
✓ [11st] 귀한 특수부위 소고기 안창살 400g + 토시살 400g | 우리 21,840 → 네이버 비추(7,900)
✓ [11st] 한상궁김치 오이소박이 1kg | 우리 10,480 → 네이버 비추(8,900)
✓ [coupang] 남양이오 유산균 음료, 190ml, 24개 | 우리 9,900 → 네이버 비추(9,630)
✓ [coupang] 제오닉 도시락통 밀프랩 나눔 반찬통 4칸, 2개, 1.5L | 우리 12,200 → 네이버 추천(19,600)
✓ [coupang] 대학두유 대학약콩 오리지널 대학 두유, 15개, 190ml | 우리 20,000 → 네이버 비슷(20,000)
✓ [coupang] 산과들에 원데이발란스블랙 하루견과 20g, 30개 | 우리 14,960 → 네이버 비슷(14,960)
✓ [coupang] 바다온 포항시 인증 구룡포건조 원양산 반건조 오징어 5미 (냉동),  | 우리 15,490 → 네이버 추천(20,950)
✓ [coupang] 신선설농탕 신선왕만두 고소한맛 (냉동), 490g, 1개 | 우리 6,650 → 네이버 추천(8,040)
✓ [coupang] 슈퍼츄 강아지 터키츄 건조간식 S, 본 혼합맛(칠면조/소고기), 13 | 우리 19,800 → 네이버 추천(20,900)
✓ [coupang] 트레비 레몬 ECO 탄산음료 무라벨, 350ml, 20개 | 우리 11,900 → 네이버 비추(11,500)
✓ [coupang] 클룹 애사비소다 매실 제로 탄산음료, 24개, 250ml | 우리 18,480 → 네이버 추천(26,220)
✓ [coupang] 꼬모쎔쁘레 소프트 리얼 초콜릿 오리지널, 90g, 1개 | 우리 12,650 → 네이버 비추(12,400)

판정 19/118 (16%) · DB기록 118건
✓ [gmarket] (신선집중/15%+NH) 한정특가 망고 복숭아 자인농협 옐로드림 2k | 우리 12,960 → 네이버 비추(10,600)
✓ [gmarket] 3구 인덕션 독일쇼츠상판 3400W ERI-4103AF 플렉스존 1등 | 우리 319,930 → 네이버 비슷(319,910)
✓ [gmarket] 베베숲 프라임 아기물티슈 70매 캡 20팩 프리미엄 아기 물티슈/고평 | 우리 26,320 → 네이버 비슷(26,310)
✓ [gmarket] 대건명가 돼지국밥 630g 5팩 사은품 (양념장 소금) 증정 | 우리 22,020 → 네이버 비슷(22,010)
✓ [11st] 농심 라이필 더마콜라겐 시그니처 84정 외 | 우리 24,210 → 네이버 비슷(23,930)
✓ [11st] 닥터바이오 센시티브 로션 앤 오일 250g | 우리 16,900 → 네이버 추천(17,900)
✓ [11st] 국내산 생오리, 당일제조 [대한민국농수산] 1등급 무항생제 인증 오리 | 우리 16,900 → 네이버 비슷(16,900)
✓ [11st] 한우대창과 소내장을 푸짐하게 넣은 한우대창전골 1kg +1kg | 우리 15,900 → 네이버 비추(13,900)
✓ [11st] 숨 클리어 시그니처 4겹 천연펄프 프리미엄 화장지 30m 30롤 2팩 | 우리 25,890 → 네이버 비슷(25,890)
✓ [11st] 지리산 물하나 무/유라벨 랜덤 2L, 24개 | 우리 11,200 → 네이버 비슷(11,200)
✓ [11st] 부드럽고 촉촉한 한성 몬스터크랩 72g x 20개 | 우리 14,750 → 네이버 비추(14,240)
✓ [coupang] 남양이오 유산균 음료, 190ml, 24개 | 우리 9,900 → 네이버 비추(9,630)
✓ [coupang] 제오닉 도시락통 밀프랩 나눔 반찬통 4칸, 2개, 1.5L | 우리 12,200 → 네이버 추천(19,600)
✓ [coupang] 대학두유 대학약콩 오리지널 대학 두유, 15개, 190ml | 우리 20,000 → 네이버 비슷(20,000)
✓ [coupang] 산과들에 원데이발란스블랙 하루견과 20g, 30개 | 우리 14,960 → 네이버 비슷(14,960)
✓ [coupang] 바다온 포항시 인증 구룡포건조 원양산 반건조 오징어 5미 (냉동),  | 우리 15,490 → 네이버 추천(20,950)
✓ [coupang] 신선설농탕 신선왕만두 고소한맛 (냉동), 490g, 1개 | 우리 6,650 → 네이버 추천(8,040)
✓ [coupang] 슈퍼츄 강아지 터키츄 건조간식 S, 본 혼합맛(칠면조/소고기), 13 | 우리 19,800 → 네이버 추천(20,900)
✓ [coupang] 트레비 레몬 ECO 탄산음료 무라벨, 350ml, 20개 | 우리 11,900 → 네이버 비추(11,500)
✓ [coupang] 클룹 애사비소다 매실 제로 탄산음료, 24개, 250ml | 우리 18,480 → 네이버 추천(26,220)
✓ [coupang] 꼬모쎔쁘레 소프트 리얼 초콜릿 오리지널, 90g, 1개 | 우리 12,650 → 네이버 비추(12,400)

판정 21/119 (18%) · DB기록 119건
✓ [gmarket] (신선집중/15%+NH) 한정특가 망고 복숭아 자인농협 옐로드림 2k | 우리 12,960 → 네이버 비추(10,600)
✓ [gmarket] 3구 인덕션 독일쇼츠상판 3400W ERI-4103AF 플렉스존 1등 | 우리 319,930 → 네이버 비슷(319,910)
✓ [gmarket] 대건명가 돼지국밥 630g 5팩 사은품 (양념장 소금) 증정 | 우리 22,020 → 네이버 비슷(22,010)
✓ [11st] 농심 라이필 더마콜라겐 시그니처 84정 외 | 우리 24,210 → 네이버 비슷(23,930)
✓ [11st] 닥터바이오 센시티브 로션 앤 오일 250g | 우리 16,900 → 네이버 추천(17,900)
✓ [11st] 라이필 더마콜라겐 시그니처 에센스 84정, 1개 | 우리 24,210 → 네이버 비슷(24,210)
✓ [11st] 부드럽고 촉촉한 한성 몬스터크랩 72g x 20개 | 우리 14,750 → 네이버 비추(14,240)
✓ [11st] 국내산 생오리, 당일제조 [대한민국농수산] 1등급 무항생제 인증 오리 | 우리 16,900 → 네이버 비슷(16,900)
✓ [11st] 부드럽고 촉촉한 한성 크래미H 90g x 20개 | 우리 16,990 → 네이버 추천(18,720)
✓ [11st] 한우대창과 소내장을 푸짐하게 넣은 한우대창전골 1kg +1kg | 우리 15,900 → 네이버 비추(13,900)
✓ [coupang] 남양이오 유산균 음료, 190ml, 24개 | 우리 9,900 → 네이버 비추(9,630)
✓ [coupang] 제오닉 도시락통 밀프랩 나눔 반찬통 4칸, 2개, 1.5L | 우리 12,200 → 네이버 추천(19,600)
✓ [coupang] 대학두유 대학약콩 오리지널 대학 두유, 15개, 190ml | 우리 20,000 → 네이버 비슷(20,000)
✓ [coupang] 산과들에 원데이발란스블랙 하루견과 20g, 30개 | 우리 14,960 → 네이버 비슷(14,960)
✓ [coupang] 바다온 포항시 인증 구룡포건조 원양산 반건조 오징어 5미 (냉동),  | 우리 15,490 → 네이버 추천(20,950)
✓ [coupang] 신선설농탕 신선왕만두 고소한맛 (냉동), 490g, 1개 | 우리 6,650 → 네이버 추천(8,040)
✓ [coupang] 트레비 레몬 ECO 탄산음료 무라벨, 350ml, 20개 | 우리 11,420 → 네이버 비슷(11,500)
✓ [coupang] 슈퍼츄 강아지 터키츄 건조간식 S, 본 혼합맛(칠면조/소고기), 13 | 우리 19,800 → 네이버 추천(20,900)
✓ [coupang] 클룹 애사비소다 매실 제로 탄산음료, 24개, 250ml | 우리 18,480 → 네이버 추천(26,220)
✓ [coupang] 꼬모쎔쁘레 소프트 리얼 초콜릿 오리지널, 90g, 1개 | 우리 12,650 → 네이버 비추(12,400)

판정 20/119 (17%) · DB기록 119건
✓ [gmarket] 농가살리기 푸짐한 맛 배터지는 고기듬뿍 감자탕 5kg(8~10인분) | 우리 18,920 → 네이버 비추(17,430)
✓ [gmarket] 더미식 밥알이 살아있는 백미밥 200g 24개 | 우리 19,510 → 네이버 추천(22,300)
✓ [gmarket] (12%결제할인)(결제가10340원) 크라운산도 딸기 161gx4개+ | 우리 11,550 → 네이버 비슷(11,530)
✓ [gmarket] ~0711 쇼츠딜특가 29만원대) 3구 인덕션 독일쇼츠상판 3400W | 우리 319,930 → 네이버 비슷(319,910)
✓ [gmarket] 대건명가 돼지국밥 630g 5팩 사은품 (양념장 소금) 증정 | 우리 22,020 → 네이버 비슷(22,010)
✓ [11st] 스타일리스 무선 리모컨 BLDC 폴딩팬 SFF-06I | 우리 19,900 → 네이버 비슷(19,900)
✓ [11st] [크리니크](강남점)[7] 노란에센스젤 125ml 1+1 | 우리 39,910 → 네이버 비추(22,500)
✓ [11st] 부드럽고 촉촉한 한성 몬스터크랩 72g x 20개 | 우리 14,750 → 네이버 비추(14,240)
✓ [11st] 부드럽고 촉촉한 한성 크래미H 90g x 20개 | 우리 16,990 → 네이버 추천(18,720)
✓ [11st] 지리산 물하나 무/유라벨 랜덤 2L, 24개 | 우리 11,200 → 네이버 비슷(11,200)
✓ [11st] 한우대창과 소내장을 푸짐하게 넣은 한우대창전골 1kg +1kg | 우리 15,900 → 네이버 비추(13,900)
✓ [coupang] 남양이오 유산균 음료, 190ml, 24개 | 우리 9,900 → 네이버 비추(9,630)
✓ [coupang] 제오닉 도시락통 밀프랩 나눔 반찬통 4칸, 2개, 1.5L | 우리 12,200 → 네이버 추천(19,600)
✓ [coupang] 대학두유 대학약콩 오리지널 대학 두유, 15개, 190ml | 우리 20,000 → 네이버 비슷(20,000)
✓ [coupang] 산과들에 원데이발란스블랙 하루견과 20g, 30개 | 우리 14,960 → 네이버 비슷(14,960)
✓ [coupang] 바다온 포항시 인증 구룡포건조 원양산 반건조 오징어 5미 (냉동),  | 우리 15,490 → 네이버 추천(20,950)
✓ [coupang] 신선설농탕 신선왕만두 고소한맛 (냉동), 490g, 1개 | 우리 6,650 → 네이버 추천(8,040)
✓ [coupang] 트레비 레몬 ECO 탄산음료 무라벨, 350ml, 20개 | 우리 11,420 → 네이버 비슷(11,500)
✓ [coupang] 슈퍼츄 강아지 터키츄 건조간식 S, 본 혼합맛(칠면조/소고기), 13 | 우리 19,800 → 네이버 추천(20,900)
✓ [coupang] 클룹 애사비소다 매실 제로 탄산음료, 24개, 250ml | 우리 18,480 → 네이버 추천(26,220)
✓ [coupang] 꼬모쎔쁘레 소프트 리얼 초콜릿 오리지널, 90g, 1개 | 우리 12,650 → 네이버 비추(12,400)

판정 21/117 (18%) · DB기록 117건
✓ [gmarket] 농가살리기 푸짐한 맛 배터지는 고기듬뿍 감자탕 5kg(8~10인분) | 우리 18,920 → 네이버 비추(17,430)
✓ [gmarket] 더미식 밥알이 살아있는 백미밥 200g 24개 | 우리 19,510 → 네이버 추천(22,300)
✓ [gmarket] (12%결제할인)(결제가10340원) 크라운산도 딸기 161gx4개+ | 우리 11,550 → 네이버 비슷(11,530)
✓ [gmarket] ~0711 쇼츠딜특가 29만원대) 3구 인덕션 독일쇼츠상판 3400W | 우리 319,930 → 네이버 비슷(319,910)
✓ [gmarket] 대건명가 돼지국밥 630g 5팩 사은품 (양념장 소금) 증정 | 우리 22,020 → 네이버 비슷(22,010)
✓ [11st] 스타일리스 무선 리모컨 BLDC 폴딩팬 SFF-06I | 우리 19,900 → 네이버 비슷(19,900)
✓ [11st] [크리니크](강남점)[7] 노란에센스젤 125ml 1+1 | 우리 39,910 → 네이버 비추(22,500)
✓ [11st] 부드럽고 촉촉한 한성 몬스터크랩 72g x 20개 | 우리 14,750 → 네이버 비추(14,240)
✓ [11st] [코카콜라] 몬스터 에너지 울트라, 355ml, 24개 | 우리 30,900 → 네이버 비추(28,800)
✓ [11st] 부드럽고 촉촉한 한성 크래미H 90g x 20개 | 우리 16,990 → 네이버 추천(18,720)
✓ [11st] 스타일리스 무선 리모컨 BLDC 폴딩팬 SFF-06I | 우리 19,900 → 네이버 비슷(19,900)
✓ [coupang] 남양이오 유산균 음료, 190ml, 24개 | 우리 9,900 → 네이버 비추(9,630)
✓ [coupang] 제오닉 도시락통 밀프랩 나눔 반찬통 4칸, 2개, 1.5L | 우리 12,200 → 네이버 추천(19,600)
✓ [coupang] 대학두유 대학약콩 오리지널 대학 두유, 15개, 190ml | 우리 20,000 → 네이버 비슷(20,000)
✓ [coupang] 산과들에 원데이발란스블랙 하루견과 20g, 30개 | 우리 14,960 → 네이버 비슷(14,960)
✓ [coupang] 바다온 포항시 인증 구룡포건조 원양산 반건조 오징어 5미 (냉동),  | 우리 15,490 → 네이버 추천(20,950)
✓ [coupang] 신선설농탕 신선왕만두 고소한맛 (냉동), 490g, 1개 | 우리 6,650 → 네이버 추천(8,040)
✓ [coupang] 트레비 레몬 ECO 탄산음료 무라벨, 350ml, 20개 | 우리 11,420 → 네이버 비슷(11,500)
✓ [coupang] 슈퍼츄 강아지 터키츄 건조간식 S, 본 혼합맛(칠면조/소고기), 13 | 우리 19,800 → 네이버 추천(20,900)
✓ [coupang] 클룹 애사비소다 매실 제로 탄산음료, 24개, 250ml | 우리 18,480 → 네이버 추천(26,220)
✓ [coupang] 꼬모쎔쁘레 소프트 리얼 초콜릿 오리지널, 90g, 1개 | 우리 12,650 → 네이버 비추(12,400)

판정 21/117 (18%) · DB기록 117건
✓ [gmarket] 농가살리기 푸짐한 맛 배터지는 고기듬뿍 감자탕 5kg(8~10인분) | 우리 18,920 → 네이버 비추(17,430)
✓ [gmarket] 더미식 밥알이 살아있는 백미밥 200g 24개 | 우리 19,510 → 네이버 추천(22,300)
✓ [gmarket] (12%결제할인)(결제가10340원) 크라운산도 딸기 161gx4개+ | 우리 11,550 → 네이버 비슷(11,730)
✓ [gmarket] ~0711 쇼츠딜특가 29만원대) 3구 인덕션 독일쇼츠상판 3400W | 우리 319,930 → 네이버 비슷(319,910)
✓ [gmarket] 대건명가 돼지국밥 630g 5팩 사은품 (양념장 소금) 증정 | 우리 22,020 → 네이버 비슷(22,010)
✓ [11st] 향긋 쫄깃한 고기버섯 무농약 송고 송향버섯 500g 1kg | 우리 9,980 → 네이버 비추(4,900)
✓ [11st] 부드럽고 촉촉한 한성 몬스터크랩 72g x 20개 | 우리 14,750 → 네이버 비추(14,240)
✓ [11st] [코카콜라] 몬스터 에너지 울트라, 355ml, 24개 | 우리 30,900 → 네이버 비추(28,800)
✓ [11st] [CJ] 스팸 클래식 200g, 3입, 3개 | 우리 25,900 → 네이버 추천(27,910)
✓ [11st] 부드럽고 촉촉한 한성 크래미H 90g x 20개 | 우리 16,990 → 네이버 추천(18,720)
✓ [coupang] 남양이오 유산균 음료, 190ml, 24개 | 우리 9,900 → 네이버 비추(9,630)
✓ [coupang] 제오닉 도시락통 밀프랩 나눔 반찬통 4칸, 2개, 1.5L | 우리 12,200 → 네이버 추천(19,600)
✓ [coupang] 대학두유 대학약콩 오리지널 대학 두유, 15개, 190ml | 우리 20,000 → 네이버 비슷(20,000)
✓ [coupang] 산과들에 원데이발란스블랙 하루견과 20g, 30개 | 우리 14,960 → 네이버 추천(18,720)
✓ [coupang] 바다온 포항시 인증 구룡포건조 원양산 반건조 오징어 5미 (냉동),  | 우리 15,490 → 네이버 추천(20,950)
✓ [coupang] 신선설농탕 신선왕만두 고소한맛 (냉동), 490g, 1개 | 우리 6,650 → 네이버 추천(8,040)
✓ [coupang] 트레비 레몬 ECO 탄산음료 무라벨, 350ml, 20개 | 우리 11,420 → 네이버 비슷(11,500)
✓ [coupang] 슈퍼츄 강아지 터키츄 건조간식 S, 본 혼합맛(칠면조/소고기), 13 | 우리 19,800 → 네이버 추천(20,900)
✓ [coupang] 클룹 애사비소다 매실 제로 탄산음료, 24개, 250ml | 우리 18,480 → 네이버 추천(26,220)
✓ [coupang] 꼬모쎔쁘레 소프트 리얼 초콜릿 오리지널, 90g, 1개 | 우리 12,650 → 네이버 비추(12,400)

판정 20/121 (17%) · DB기록 121건
✓ [gmarket] 브리엘 유아 버블클렌저 200ml/300ml/거품목욕/입욕제/썬크림/ | 우리 18,790 → 네이버 비추(17,080)
✓ [gmarket] 이클립스 한정판 시티 컬렉션 34g X 8개입 + 스니커즈 여성용 양 | 우리 12,890 → 네이버 추천(24,700)
✓ [gmarket] 우먼더블업 멀티비타민 미네랄 50정(70g) x2개 | 우리 40,500 → 네이버 비슷(40,500)
✓ [gmarket] (신선집중) 쥐포채 무침 500g 여수김치명가제조 국내산양념100%  | 우리 16,830 → 네이버 비슷(16,830)
✓ [gmarket] ~0711 쇼츠딜특가 29만원대) 3구 인덕션 독일쇼츠상판 3400W | 우리 319,930 → 네이버 비슷(319,910)
✓ [gmarket] 대건명가 돼지국밥 630g 5팩 사은품 (양념장 소금) 증정 | 우리 22,020 → 네이버 비슷(22,010)
✓ [11st] 향긋 쫄깃한 고기버섯 무농약 송고 송향버섯 500g 1kg | 우리 9,980 → 네이버 비추(4,900)
✓ [11st] 부드럽고 촉촉한 한성 몬스터크랩 72g x 20개 | 우리 14,750 → 네이버 비추(14,240)
✓ [11st] [CJ] 스팸 클래식 200g, 3입, 3개 | 우리 25,900 → 네이버 추천(27,910)
✓ [11st] [코카콜라] 몬스터 에너지 울트라, 355ml, 24개 | 우리 30,900 → 네이버 비추(28,800)
✓ [11st] [CJ] 스팸 25% 라이트 200g, 3입, 3개 | 우리 26,900 → 네이버 추천(31,900)
✓ [11st] 부드럽고 촉촉한 한성 크래미H 90g x 20개 | 우리 16,990 → 네이버 추천(18,720)
✓ [11st] [CJ] 스팸클래식 340g, 3입, 2개 | 우리 23,900 → 네이버 추천(26,320)
✓ [coupang] 남양이오 유산균 음료, 190ml, 24개 | 우리 9,900 → 네이버 비추(9,630)
✓ [coupang] 제오닉 도시락통 밀프랩 나눔 반찬통 4칸, 2개, 1.5L | 우리 12,200 → 네이버 추천(19,600)
✓ [coupang] 대학두유 대학약콩 오리지널 대학 두유, 15개, 190ml | 우리 20,000 → 네이버 비슷(20,000)
✓ [coupang] 산과들에 원데이발란스블랙 하루견과 20g, 30개 | 우리 14,960 → 네이버 추천(18,720)
✓ [coupang] 바다온 포항시 인증 구룡포건조 원양산 반건조 오징어 5미 (냉동),  | 우리 15,490 → 네이버 추천(20,950)
✓ [coupang] 신선설농탕 신선왕만두 고소한맛 (냉동), 490g, 1개 | 우리 6,650 → 네이버 추천(8,040)
✓ [coupang] 트레비 레몬 ECO 탄산음료 무라벨, 350ml, 20개 | 우리 11,420 → 네이버 비슷(11,500)
✓ [coupang] 슈퍼츄 강아지 터키츄 건조간식 S, 본 혼합맛(칠면조/소고기), 13 | 우리 19,800 → 네이버 추천(20,900)
✓ [coupang] 클룹 애사비소다 매실 제로 탄산음료, 24개, 250ml | 우리 18,480 → 네이버 추천(26,220)
✓ [coupang] 꼬모쎔쁘레 소프트 리얼 초콜릿 오리지널, 90g, 1개 | 우리 12,650 → 네이버 비추(12,400)

판정 23/122 (19%) · DB기록 122건
✓ [gmarket] 브리엘 유아 버블클렌저 200ml/300ml/거품목욕/입욕제/썬크림/ | 우리 18,790 → 네이버 비추(17,080)
✓ [gmarket] 이클립스 한정판 시티 컬렉션 34g X 8개입 + 스니커즈 여성용 양 | 우리 12,890 → 네이버 추천(24,700)
✓ [gmarket] 우먼더블업 멀티비타민 미네랄 50정(70g) x2개 | 우리 40,500 → 네이버 비슷(40,500)
✓ [gmarket] (신선집중) 쥐포채 무침 500g 여수김치명가제조 국내산양념100%  | 우리 16,830 → 네이버 비슷(16,830)
✓ [gmarket] ~0711 쇼츠딜특가 29만원대) 3구 인덕션 독일쇼츠상판 3400W | 우리 319,930 → 네이버 비슷(319,910)
✓ [gmarket] (신선집중) 바다마을 푸르른 완도 활전복  대왕특대 6-7미 1kg  | 우리 19,850 → 네이버 비슷(19,840)
✓ [gmarket] 대건명가 돼지국밥 630g 5팩 사은품 (양념장 소금) 증정 | 우리 22,020 → 네이버 비슷(22,010)
✓ [gmarket] 깨끗한나라 순수시그니처 화장지 브라운 30m 30롤 2팩+네이버페이  | 우리 27,270 → 네이버 비슷(26,970)
✓ [11st] 제주농협 귤로장생 하우스감귤 2.5kg 소과 | 우리 18,330 → 네이버 비추(14,220)
✓ [11st] [본사직영] 위닉스 뽀송 1등급 인버터 제습기 20L | 우리 386,980 → 네이버 비추(309,900)
✓ [11st] 숨 천연펄프 소프트블랙 3겹 화장지 30m 30롤 2팩 | 우리 17,400 → 네이버 비슷(17,400)
✓ [coupang] 남양이오 유산균 음료, 190ml, 24개 | 우리 9,900 → 네이버 비추(9,630)
✓ [coupang] 제오닉 도시락통 밀프랩 나눔 반찬통 4칸, 2개, 1.5L | 우리 12,200 → 네이버 추천(19,600)
✓ [coupang] 대학두유 대학약콩 오리지널 대학 두유, 15개, 190ml | 우리 20,000 → 네이버 비슷(20,000)
✓ [coupang] 바다온 포항시 인증 구룡포건조 원양산 반건조 오징어 5미 (냉동),  | 우리 15,490 → 네이버 추천(20,950)
✓ [coupang] 산과들에 원데이발란스블랙 하루견과 20g, 30개 | 우리 17,730 → 네이버 추천(18,720)
✓ [coupang] 신선설농탕 신선왕만두 고소한맛 (냉동), 490g, 1개 | 우리 6,650 → 네이버 추천(8,040)
✓ [coupang] 트레비 레몬 ECO 탄산음료 무라벨, 350ml, 20개 | 우리 11,420 → 네이버 비슷(11,500)
✓ [coupang] 슈퍼츄 강아지 터키츄 건조간식 S, 본 혼합맛(칠면조/소고기), 13 | 우리 19,800 → 네이버 추천(20,900)
✓ [coupang] 클룹 애사비소다 매실 제로 탄산음료, 24개, 250ml | 우리 18,480 → 네이버 추천(26,220)
✓ [coupang] 꼬모쎔쁘레 소프트 리얼 초콜릿 오리지널, 90g, 1개 | 우리 12,650 → 네이버 비추(12,400)

판정 21/136 (15%) · DB기록 136건
✓ [gmarket] 브리엘 유아 버블클렌저 200ml/300ml/거품목욕/입욕제/썬크림/ | 우리 18,790 → 네이버 비추(17,080)
✓ [gmarket] 이클립스 한정판 시티 컬렉션 34g X 8개입 + 스니커즈 여성용 양 | 우리 12,890 → 네이버 추천(24,700)
✓ [gmarket] 우먼더블업 멀티비타민 미네랄 50정(70g) x2개 | 우리 40,500 → 네이버 비슷(40,500)
✓ [gmarket] (신선집중) 쥐포채 무침 500g 여수김치명가제조 국내산양념100%  | 우리 16,830 → 네이버 비슷(16,830)
✓ [gmarket] ~0711 쇼츠딜특가 29만원대) 3구 인덕션 독일쇼츠상판 3400W | 우리 319,930 → 네이버 비슷(319,910)
✓ [gmarket] (신선집중) 바다마을 푸르른 완도 활전복  대왕특대 6-7미 1kg  | 우리 19,850 → 네이버 비슷(19,840)
✓ [gmarket] 대건명가 돼지국밥 630g 5팩 사은품 (양념장 소금) 증정 | 우리 21,000 → 네이버 추천(22,010)
✓ [gmarket] 이맛쌀 20kg | 우리 61,370 → 네이버 추천(62,680)
✓ [gmarket] 깨끗한나라 순수시그니처 화장지 브라운 30m 30롤 2팩+네이버페이  | 우리 27,270 → 네이버 비슷(26,970)
✓ [11st] [본사직영] 위닉스 뽀송 1등급 인버터 제습기 20L | 우리 386,980 → 네이버 비추(309,900)
✓ [11st] 제주농협 귤로장생 하우스감귤 2.5kg 소과 | 우리 18,330 → 네이버 비추(14,220)
✓ [11st] 숨 천연펄프 소프트블랙 3겹 화장지 30m 30롤 2팩 | 우리 17,400 → 네이버 비슷(17,400)
✓ [11st] 초복맞이 만능육수 증정 [리뷰 1.8만] 하누소 갈비탕 700g x  | 우리 33,900 → 네이버 추천(35,940)
✓ [coupang] 남양이오 유산균 음료, 190ml, 24개 | 우리 9,000 → 네이버 비슷(9,000)
✓ [coupang] 제오닉 도시락통 밀프랩 나눔 반찬통 4칸, 2개, 1.5L | 우리 12,200 → 네이버 추천(19,600)
✓ [coupang] 대학두유 대학약콩 오리지널 대학 두유, 15개, 190ml | 우리 20,000 → 네이버 비슷(20,000)
✓ [coupang] 바다온 포항시 인증 구룡포건조 원양산 반건조 오징어 5미 (냉동),  | 우리 15,490 → 네이버 추천(20,950)
✓ [coupang] 산과들에 원데이발란스블랙 하루견과 20g, 30개 | 우리 17,730 → 네이버 추천(18,720)
✓ [coupang] 신선설농탕 신선왕만두 고소한맛 (냉동), 490g, 1개 | 우리 6,650 → 네이버 추천(8,040)
✓ [coupang] 트레비 레몬 ECO 탄산음료 무라벨, 350ml, 20개 | 우리 11,420 → 네이버 비슷(11,500)
✓ [coupang] 슈퍼츄 강아지 터키츄 건조간식 S, 본 혼합맛(칠면조/소고기), 13 | 우리 19,800 → 네이버 추천(20,900)
✓ [coupang] 클룹 애사비소다 매실 제로 탄산음료, 24개, 250ml | 우리 18,480 → 네이버 추천(26,220)
✓ [coupang] 꼬모쎔쁘레 소프트 리얼 초콜릿 오리지널, 90g, 1개 | 우리 12,650 → 네이버 비추(12,400)

판정 23/136 (17%) · DB기록 136건
✓ [gmarket] 브리엘 유아 버블클렌저 200ml/300ml/거품목욕/입욕제/썬크림/ | 우리 18,790 → 네이버 비추(17,080)
✓ [gmarket] 이클립스 한정판 시티 컬렉션 34g X 8개입 + 스니커즈 여성용 양 | 우리 12,890 → 네이버 추천(24,700)
✓ [gmarket] 우먼더블업 멀티비타민 미네랄 50정(70g) x2개 | 우리 40,500 → 네이버 비슷(40,500)
✓ [gmarket] (신선집중) 쥐포채 무침 500g 여수김치명가제조 국내산양념100%  | 우리 16,830 → 네이버 비슷(16,830)
✓ [gmarket] ~0711 쇼츠딜특가 29만원대) 3구 인덕션 독일쇼츠상판 3400W | 우리 319,930 → 네이버 비슷(319,910)
✓ [gmarket] (신선집중) 바다마을 푸르른 완도 활전복  대왕특대 6-7미 1kg  | 우리 19,850 → 네이버 비슷(19,840)
✓ [gmarket] 대건명가 돼지국밥 630g 5팩 사은품 (양념장 소금) 증정 | 우리 21,000 → 네이버 추천(22,010)
✓ [gmarket] 이맛쌀 20kg | 우리 61,370 → 네이버 추천(62,680)
✓ [gmarket] 깨끗한나라 순수시그니처 화장지 브라운 30m 30롤 2팩+네이버페이  | 우리 27,270 → 네이버 비슷(26,970)
✓ [11st] 숨 천연펄프 소프트블랙 3겹 화장지 30m 30롤 2팩 | 우리 17,400 → 네이버 비슷(17,400)
✓ [11st] [본사직영] 위닉스 뽀송 1등급 인버터 제습기 20L | 우리 386,980 → 네이버 비추(309,900)
✓ [11st] 에낙 라면과자 믹스 1BOX 치킨 12개+스파이시 12개 | 우리 10,990 → 네이버 비추(9,900)
✓ [11st] 제주농협 귤로장생 하우스감귤 2.5kg 소과 | 우리 18,330 → 네이버 비추(14,220)
✓ [11st] 초복맞이 만능육수 증정 [리뷰 1.8만] 하누소 갈비탕 700g x  | 우리 33,900 → 네이버 추천(35,940)
✓ [coupang] 남양이오 유산균 음료, 190ml, 24개 | 우리 9,000 → 네이버 비슷(9,000)
✓ [coupang] 제오닉 도시락통 밀프랩 나눔 반찬통 4칸, 2개, 1.5L | 우리 12,200 → 네이버 추천(19,600)
✓ [coupang] 대학두유 대학약콩 오리지널 대학 두유, 15개, 190ml | 우리 20,000 → 네이버 비슷(20,000)
✓ [coupang] 바다온 포항시 인증 구룡포건조 원양산 반건조 오징어 5미 (냉동),  | 우리 15,490 → 네이버 추천(20,950)
✓ [coupang] 산과들에 원데이발란스블랙 하루견과 20g, 30개 | 우리 17,730 → 네이버 추천(18,720)
✓ [coupang] 신선설농탕 신선왕만두 고소한맛 (냉동), 490g, 1개 | 우리 6,650 → 네이버 추천(8,040)
✓ [coupang] 트레비 레몬 ECO 탄산음료 무라벨, 350ml, 20개 | 우리 11,420 → 네이버 비슷(11,500)
✓ [coupang] 슈퍼츄 강아지 터키츄 건조간식 S, 본 혼합맛(칠면조/소고기), 13 | 우리 19,800 → 네이버 추천(20,900)
✓ [coupang] 클룹 애사비소다 매실 제로 탄산음료, 24개, 250ml | 우리 18,480 → 네이버 추천(26,220)
✓ [coupang] 꼬모쎔쁘레 소프트 리얼 초콜릿 오리지널, 90g, 1개 | 우리 12,650 → 네이버 비추(12,400)

판정 24/136 (18%) · DB기록 136건
✓ [gmarket] 브리엘 유아 버블클렌저 200ml/300ml/거품목욕/입욕제/썬크림/ | 우리 18,790 → 네이버 비추(17,080)
✓ [gmarket] 이클립스 한정판 시티 컬렉션 34g X 8개입 + 스니커즈 여성용 양 | 우리 12,890 → 네이버 추천(24,700)
✓ [gmarket] 우먼더블업 멀티비타민 미네랄 50정(70g) x2개 | 우리 40,500 → 네이버 비슷(40,500)
✓ [gmarket] (신선집중) 쥐포채 무침 500g 여수김치명가제조 국내산양념100%  | 우리 16,830 → 네이버 비슷(16,830)
✓ [gmarket] ~0711 쇼츠딜특가 29만원대) 3구 인덕션 독일쇼츠상판 3400W | 우리 319,930 → 네이버 비슷(319,910)
✓ [gmarket] (신선집중) 바다마을 푸르른 완도 활전복  대왕특대 6-7미 1kg  | 우리 19,850 → 네이버 비슷(19,840)
✓ [gmarket] 대건명가 돼지국밥 630g 5팩 사은품 (양념장 소금) 증정 | 우리 21,000 → 네이버 추천(22,010)
✓ [gmarket] 이맛쌀 20kg | 우리 61,370 → 네이버 추천(62,680)
✓ [gmarket] 깨끗한나라 순수시그니처 화장지 브라운 30m 30롤 2팩+네이버페이  | 우리 27,270 → 네이버 비슷(26,970)
✓ [11st] 제주농협 귤로장생 하우스감귤 2.5kg 소과 | 우리 18,330 → 네이버 비추(14,220)
✓ [11st] 에낙 라면과자 믹스 1BOX 치킨 12개+스파이시 12개 | 우리 10,990 → 네이버 비추(9,900)
✓ [11st] [본사직영] 위닉스 뽀송 1등급 인버터 제습기 20L | 우리 386,980 → 네이버 비추(309,900)
✓ [11st] 초복맞이 만능육수 증정 [리뷰 1.8만] 하누소 갈비탕 700g x  | 우리 33,900 → 네이버 추천(35,940)
✓ [coupang] 남양이오 유산균 음료, 190ml, 24개 | 우리 9,000 → 네이버 비슷(9,000)
✓ [coupang] 제오닉 도시락통 밀프랩 나눔 반찬통 4칸, 2개, 1.5L | 우리 12,200 → 네이버 추천(19,600)
✓ [coupang] 대학두유 대학약콩 오리지널 대학 두유, 15개, 190ml | 우리 20,000 → 네이버 비슷(20,000)
✓ [coupang] 바다온 포항시 인증 구룡포건조 원양산 반건조 오징어 5미 (냉동),  | 우리 15,490 → 네이버 추천(20,950)
✓ [coupang] 산과들에 원데이발란스블랙 하루견과 20g, 30개 | 우리 17,730 → 네이버 비추(14,960)
✓ [coupang] 신선설농탕 신선왕만두 고소한맛 (냉동), 490g, 1개 | 우리 6,650 → 네이버 추천(8,040)
✓ [coupang] 트레비 레몬 ECO 탄산음료 무라벨, 350ml, 20개 | 우리 11,420 → 네이버 비슷(11,500)
✓ [coupang] 슈퍼츄 강아지 터키츄 건조간식 S, 본 혼합맛(칠면조/소고기), 13 | 우리 19,800 → 네이버 추천(20,900)
✓ [coupang] 클룹 애사비소다 매실 제로 탄산음료, 24개, 250ml | 우리 18,480 → 네이버 추천(26,220)
✓ [coupang] 꼬모쎔쁘레 소프트 리얼 초콜릿 오리지널, 90g, 1개 | 우리 12,650 → 네이버 비추(12,400)

판정 23/136 (17%) · DB기록 136건
✓ [gmarket] 브리엘 유아 버블클렌저 200ml/300ml/거품목욕/입욕제/썬크림/ | 우리 18,790 → 네이버 비추(17,080)
✓ [gmarket] 이클립스 한정판 시티 컬렉션 34g X 8개입 + 스니커즈 여성용 양 | 우리 12,890 → 네이버 추천(24,700)
✓ [gmarket] 우먼더블업 멀티비타민 미네랄 50정(70g) x2개 | 우리 40,500 → 네이버 비슷(40,500)
✓ [gmarket] (신선집중) 쥐포채 무침 500g 여수김치명가제조 국내산양념100%  | 우리 16,830 → 네이버 비슷(16,830)
✓ [gmarket] ~0711 쇼츠딜특가 29만원대) 3구 인덕션 독일쇼츠상판 3400W | 우리 319,930 → 네이버 비슷(319,910)
✓ [gmarket] (신선집중) 바다마을 푸르른 완도 활전복  대왕특대 6-7미 1kg  | 우리 19,850 → 네이버 비슷(19,840)
✓ [gmarket] 대건명가 돼지국밥 630g 5팩 사은품 (양념장 소금) 증정 | 우리 21,000 → 네이버 추천(22,010)
✓ [gmarket] 이맛쌀 20kg | 우리 61,370 → 네이버 추천(62,680)
✓ [gmarket] 깨끗한나라 순수시그니처 화장지 브라운 30m 30롤 2팩+네이버페이  | 우리 27,270 → 네이버 비슷(27,270)
✓ [11st] [본사직영] 위닉스 뽀송 1등급 인버터 제습기 20L | 우리 386,980 → 네이버 비추(309,900)
✓ [11st] 에낙 라면과자 믹스 1BOX 치킨 12개+스파이시 12개 | 우리 10,990 → 네이버 비추(9,900)
✓ [11st] 제주농협 귤로장생 하우스감귤 2.5kg 소과 | 우리 18,330 → 네이버 비추(14,220)
✓ [11st] 초복맞이 만능육수 증정 [리뷰 1.8만] 하누소 갈비탕 700g x  | 우리 33,900 → 네이버 추천(35,940)
✓ [coupang] 연세우유 생크림 우유롤 (냉동), 330g, 1박스 | 우리 13,200 → 네이버 비슷(13,200)
✓ [coupang] 달팽이리빙 몽글몽글 칫솔꽂이 L, 버터, 1개 | 우리 12,500 → 네이버 추천(17,010)
✓ [coupang] 꿀맛나는세상 한돈 고추장 제육볶음, 500g, 1개 | 우리 7,450 → 네이버 비추(4,890)
✓ [coupang] 띵크유어도그티 강아지 딩고껌 스틱형 20P, 소고기, 240g, 2개 | 우리 14,800 → 네이버 비슷(14,800)
✓ [coupang] 다향 바베큐 통삼겹, 450g, 1개 | 우리 13,000 → 네이버 추천(13,610)
✓ [coupang] 순수한면 제로 순면 생리대 날개형 중형 16p x 4팩 + 대형 14 | 우리 15,900 → 네이버 추천(22,650)

판정 19/136 (14%) · DB기록 136건
✓ [gmarket] 브리엘 유아 버블클렌저 200ml/300ml/거품목욕/입욕제/썬크림/ | 우리 18,790 → 네이버 비추(17,080)
✓ [gmarket] 이클립스 한정판 시티 컬렉션 34g X 8개입 + 스니커즈 여성용 양 | 우리 12,890 → 네이버 추천(24,700)
✓ [gmarket] 우먼더블업 멀티비타민 미네랄 50정(70g) x2개 | 우리 40,500 → 네이버 비슷(40,500)
✓ [gmarket] (신선집중) 쥐포채 무침 500g 여수김치명가제조 국내산양념100%  | 우리 16,830 → 네이버 비슷(16,830)
✓ [gmarket] ~0711 쇼츠딜특가 29만원대) 3구 인덕션 독일쇼츠상판 3400W | 우리 319,930 → 네이버 비슷(319,910)
✓ [gmarket] (신선집중) 바다마을 푸르른 완도 활전복  대왕특대 6-7미 1kg  | 우리 19,850 → 네이버 비슷(19,840)
✓ [gmarket] 대건명가 돼지국밥 630g 5팩 사은품 (양념장 소금) 증정 | 우리 21,000 → 네이버 비슷(20,990)
✓ [gmarket] 이맛쌀 20kg | 우리 61,370 → 네이버 추천(62,680)
✓ [gmarket] 깨끗한나라 순수시그니처 화장지 브라운 30m 30롤 2팩+네이버페이  | 우리 27,270 → 네이버 비슷(27,270)
✓ [11st] [본사직영] 위닉스 뽀송 1등급 인버터 제습기 20L | 우리 386,980 → 네이버 비추(309,900)
✓ [11st] 에낙 라면과자 믹스 1BOX 치킨 12개+스파이시 12개 | 우리 10,990 → 네이버 비추(9,900)
✓ [11st] 제주농협 귤로장생 하우스감귤 2.5kg 소과 | 우리 18,330 → 네이버 비추(14,220)
✓ [11st] 초복맞이 만능육수 증정 [리뷰 1.8만] 하누소 갈비탕 700g x  | 우리 33,900 → 네이버 추천(35,940)
✓ [coupang] 연세우유 생크림 우유롤 (냉동), 330g, 1박스 | 우리 13,200 → 네이버 비슷(13,200)
✓ [coupang] 달팽이리빙 몽글몽글 칫솔꽂이 L, 버터, 1개 | 우리 12,500 → 네이버 추천(17,010)
✓ [coupang] 꿀맛나는세상 한돈 고추장 제육볶음, 500g, 1개 | 우리 7,450 → 네이버 비추(4,890)
✓ [coupang] 다향 바베큐 통삼겹, 450g, 1개 | 우리 13,000 → 네이버 추천(13,610)
✓ [coupang] 순수한면 제로 순면 생리대 날개형 중형 16p x 4팩 + 대형 14 | 우리 15,900 → 네이버 추천(22,650)

판정 18/135 (13%) · DB기록 135건
✓ [gmarket] 브리엘 유아 버블클렌저 200ml/300ml/거품목욕/입욕제/썬크림/ | 우리 18,790 → 네이버 비추(17,080)
✓ [gmarket] 이클립스 한정판 시티 컬렉션 34g X 8개입 + 스니커즈 여성용 양 | 우리 12,890 → 네이버 추천(24,700)
✓ [gmarket] 우먼더블업 멀티비타민 미네랄 50정(70g) x2개 | 우리 40,500 → 네이버 추천(43,200)
✓ [gmarket] (신선집중) 쥐포채 무침 500g 여수김치명가제조 국내산양념100%  | 우리 16,830 → 네이버 비슷(16,830)
✓ [gmarket] ~0711 쇼츠딜특가 29만원대) 3구 인덕션 독일쇼츠상판 3400W | 우리 319,930 → 네이버 비슷(319,910)
✓ [gmarket] (신선집중) 바다마을 푸르른 완도 활전복  대왕특대 6-7미 1kg  | 우리 19,850 → 네이버 비슷(19,840)
✓ [gmarket] 대건명가 돼지국밥 630g 5팩 사은품 (양념장 소금) 증정 | 우리 21,000 → 네이버 비슷(20,990)
✓ [gmarket] 이맛쌀 20kg | 우리 61,370 → 네이버 추천(62,680)
✓ [gmarket] 깨끗한나라 순수시그니처 화장지 브라운 30m 30롤 2팩+네이버페이  | 우리 27,270 → 네이버 비슷(27,270)
✓ [11st] 오설록 그린티 롤케이크, 2개 | 우리 18,900 → 네이버 비추(10,500)
✓ [11st] 쉬크 하이드로 스킨디펜스 쉐이브젤, 199g, 3개 | 우리 9,900 → 네이버 추천(14,040)
✓ [11st] 천일 사누끼 우동 10인분 1세트 | 우리 10,850 → 네이버 비슷(10,850)
✓ [11st] 더주 휴게소 철판구이 몸통 오징어 200g 7-14미 | 우리 11,940 → 네이버 비추(10,820)
✓ [coupang] 연세우유 생크림 우유롤 (냉동), 330g, 1박스 | 우리 13,200 → 네이버 비슷(13,200)
✓ [coupang] 달팽이리빙 몽글몽글 칫솔꽂이 L, 버터, 1개 | 우리 12,500 → 네이버 추천(17,010)
✓ [coupang] 꿀맛나는세상 한돈 고추장 제육볶음, 500g, 1개 | 우리 7,450 → 네이버 비추(4,890)
✓ [coupang] 다향 바베큐 통삼겹, 450g, 1개 | 우리 13,000 → 네이버 추천(13,610)
✓ [coupang] 순수한면 제로 순면 생리대 날개형 중형 16p x 4팩 + 대형 14 | 우리 15,900 → 네이버 추천(22,650)

판정 18/127 (14%) · DB기록 127건
✓ [gmarket] 대건명가 돼지국밥 630g 5팩 사은품 (양념장 소금) 증정 | 우리 20,990 → 네이버 비슷(20,990)
✓ [gmarket] 대구 동인동 돼지갈비찜 1kg+1kg (총2kg)/ 양념듬뿍 간이 쏙 | 우리 16,480 → 네이버 추천(28,500)
✓ [gmarket] (12%결제할인)(결제가14740원) 크라운 빙수하임 284g 2개+ | 우리 16,120 → 네이버 비추(13,600)
✓ [gmarket] 매콤달콤 양념 먹태구이 40g x 4팩 러시아산 황태로 만든 간편간식 | 우리 10,970 → 네이버 비슷(10,960)
✓ [gmarket] ~0711 쇼츠딜특가 29만원대) 3구 인덕션 독일쇼츠상판 3400W | 우리 319,930 → 네이버 비슷(319,910)
✓ [gmarket] (신선집중) 바다마을 푸르른 완도 활전복  대왕특대 6-7미 1kg  | 우리 19,850 → 네이버 비슷(19,840)
✓ [11st] 인테로 알티지 오메가3 밸런스 90캡슐, 3개월분 외 | 우리 24,900 → 네이버 비추(21,690)
✓ [11st] [1+1]랩클 비건 무기자차 톤업 선크림 50ml | 우리 13,410 → 네이버 비추(9,810)
✓ [11st] 밥알이 살아있는 백미밥 200g 24개 [더미식] 밥알이 살아있는 백 | 우리 22,720 → 네이버 비슷(22,300)
✓ [11st] 초복맞이 만능육수 증정 [리뷰 1.8만] 하누소 갈비탕 700g x  | 우리 33,900 → 네이버 추천(35,940)
✓ [coupang] 연세우유 생크림 우유롤 (냉동), 330g, 1박스 | 우리 13,200 → 네이버 비슷(13,200)
✓ [coupang] 꿀맛나는세상 한돈 고추장 제육볶음, 500g, 1개 | 우리 7,450 → 네이버 비추(4,890)
✓ [coupang] 다향 바베큐 통삼겹, 450g, 1개 | 우리 13,000 → 네이버 추천(13,610)
✓ [coupang] 순수한면 제로 순면 생리대 날개형 중형 16p x 4팩 + 대형 14 | 우리 15,900 → 네이버 추천(22,650)
✓ [coupang] 깨끗한나라 벚꽃 로맨틱 천연펄프 3겹 고급롤화장지, 27m, 30개입 | 우리 16,450 → 네이버 비추(10,370)

판정 15/128 (12%) · DB기록 128건
✓ [gmarket] 대건명가 돼지국밥 630g 5팩 사은품 (양념장 소금) 증정 | 우리 20,990 → 네이버 비슷(20,980)
✓ [gmarket] 대구 동인동 돼지갈비찜 1kg+1kg (총2kg)/ 양념듬뿍 간이 쏙 | 우리 16,480 → 네이버 추천(28,500)
✓ [gmarket] (12%결제할인)(결제가14740원) 크라운 빙수하임 284g 2개+ | 우리 16,120 → 네이버 비추(13,600)
✓ [gmarket] 매콤달콤 양념 먹태구이 40g x 4팩 러시아산 황태로 만든 간편간식 | 우리 10,970 → 네이버 비슷(10,960)
✓ [gmarket] ~0711 쇼츠딜특가 29만원대) 3구 인덕션 독일쇼츠상판 3400W | 우리 319,930 → 네이버 비슷(319,910)
✓ [gmarket] (신선집중) 바다마을 푸르른 완도 활전복  대왕특대 6-7미 1kg  | 우리 19,850 → 네이버 비슷(19,840)
✓ [11st] 내일도착 화로닭발 숯불 무뼈닭발 200g X 3팩 | 우리 19,800 → 네이버 추천(21,410)
✓ [11st] 셀렉스 프로틴 고소한 맛 캔, 304g+증정 | 우리 33,900 → 네이버 비추(28,900)
✓ [11st] 바디랩 프리미엄 스페인산 유기농 레몬즙 14포, 8개 | 우리 21,900 → 네이버 추천(26,900)
✓ [11st] VOFF 악취삭제 강력 고체 탈취제 300g 클라우드코튼향 | 우리 11,900 → 네이버 비슷(11,900)
✓ [11st] 밥알이 살아있는 백미밥 200g 24개 [더미식] 밥알이 살아있는 백 | 우리 22,720 → 네이버 비슷(22,300)
✓ [11st] 초복맞이 만능육수 증정 [리뷰 1.8만] 하누소 갈비탕 700g x  | 우리 33,900 → 네이버 추천(35,940)
✓ [coupang] 연세우유 생크림 우유롤 (냉동), 330g, 1박스 | 우리 13,200 → 네이버 비슷(13,200)
✓ [coupang] 꿀맛나는세상 한돈 고추장 제육볶음, 500g, 1개 | 우리 7,450 → 네이버 비추(4,890)
✓ [coupang] 다향 바베큐 통삼겹, 450g, 1개 | 우리 13,000 → 네이버 추천(13,610)
✓ [coupang] 순수한면 제로 순면 생리대 날개형 중형 16p x 4팩 + 대형 14 | 우리 15,900 → 네이버 추천(22,650)
✓ [coupang] 깨끗한나라 벚꽃 로맨틱 천연펄프 3겹 고급롤화장지, 27m, 30개입 | 우리 16,450 → 네이버 비추(10,300)

판정 17/125 (14%) · DB기록 125건
✓ [gmarket] (7%결제할인)(대용량 증량팩)리큐 찌든때 올인원 2L (1.8L+2 | 우리 13,950 → 네이버 비추(12,600)
✓ [gmarket] 농심 신라면 골드 8개+안성탕면 10개 | 우리 12,500 → 네이버 추천(12,900)
✓ [gmarket] 오리온 비쵸비 초코 5P 125g 3박스 + 딸기 5P 125g 3박 | 우리 14,950 → 네이버 비슷(14,890)
✓ [gmarket] ~0711 쇼츠딜특가 29만원대) 3구 인덕션 독일쇼츠상판 3400W | 우리 319,930 → 네이버 비슷(319,910)
✓ [gmarket] (신선집중) 바다마을 푸르른 완도 활전복  대왕특대 6-7미 1kg  | 우리 19,850 → 네이버 비슷(19,840)
✓ [gmarket] 대건명가 돼지국밥 630g 5팩 사은품 (양념장 소금) 증정 | 우리 20,990 → 네이버 비슷(20,980)
✓ [11st] 백만유튜버 냉장 황기 순살족발300g+새우젓 소스 외 | 우리 4,770 → 네이버 추천(14,000)
✓ [11st] 30년 전통 속초시장 명물 대왕 옥수수술빵 350g x 4개 | 우리 11,950 → 네이버 비슷(11,950)
✓ [11st] 오리온 초코송이 + 초코송이 딸기 6+6 총 12개 | 우리 9,900 → 네이버 추천(13,470)
✓ [11st] 밥알이 살아있는 백미밥 200g 24개 [더미식] 밥알이 살아있는 백 | 우리 22,720 → 네이버 비슷(22,300)
✓ [11st] 초복맞이 만능육수 증정 [리뷰 1.8만] 하누소 갈비탕 700g x  | 우리 33,900 → 네이버 추천(35,940)
✓ [coupang] 연세우유 생크림 우유롤 (냉동), 330g, 1박스 | 우리 13,200 → 네이버 비슷(13,200)
✓ [coupang] 꿀맛나는세상 한돈 고추장 제육볶음, 500g, 1개 | 우리 7,450 → 네이버 비추(4,890)
✓ [coupang] 다향 바베큐 통삼겹, 450g, 1개 | 우리 13,000 → 네이버 추천(13,610)
✓ [coupang] 순수한면 제로 순면 생리대 날개형 중형 16p x 4팩 + 대형 14 | 우리 15,900 → 네이버 추천(22,650)
✓ [coupang] 깨끗한나라 벚꽃 로맨틱 천연펄프 3겹 고급롤화장지, 27m, 30개입 | 우리 16,450 → 네이버 비추(9,770)

판정 16/127 (13%) · DB기록 127건
✓ [gmarket] (7%결제할인)(대용량 증량팩)리큐 찌든때 올인원 2L (1.8L+2 | 우리 13,950 → 네이버 비추(12,600)
✓ [gmarket] 농심 신라면 골드 8개+안성탕면 10개 | 우리 12,500 → 네이버 비슷(12,500)
✓ [gmarket] 오리온 비쵸비 초코 5P 125g 3박스 + 딸기 5P 125g 3박 | 우리 13,900 → 네이버 추천(14,890)
✓ [gmarket] ~0711 쇼츠딜특가 29만원대) 3구 인덕션 독일쇼츠상판 3400W | 우리 319,930 → 네이버 비슷(319,910)
✓ [gmarket] (신선집중) 바다마을 푸르른 완도 활전복  대왕특대 6-7미 1kg  | 우리 19,850 → 네이버 비슷(19,840)
✓ [gmarket] 대건명가 돼지국밥 630g 5팩 사은품 (양념장 소금) 증정 | 우리 21,000 → 네이버 비슷(20,980)
✓ [coupang] 연세우유 생크림 우유롤 (냉동), 330g, 1박스 | 우리 13,200 → 네이버 비슷(13,200)
✓ [coupang] 꿀맛나는세상 한돈 고추장 제육볶음, 500g, 1개 | 우리 7,450 → 네이버 비추(4,890)
✓ [coupang] 다향 바베큐 통삼겹, 450g, 1개 | 우리 13,000 → 네이버 추천(13,610)
✓ [coupang] 순수한면 제로 순면 생리대 날개형 중형 16p x 4팩 + 대형 14 | 우리 15,900 → 네이버 추천(22,650)
✓ [coupang] 깨끗한나라 벚꽃 로맨틱 천연펄프 3겹 고급롤화장지, 27m, 30개입 | 우리 16,450 → 네이버 비추(9,770)
✓ [11st] 배상면주가 느린마을막걸리 5입 | 우리 12,430 → 네이버 추천(15,360)
✓ [11st] 동전자석파스 피프 에레키반 MAX 2000, 마그네루프 | 우리 15,900 → 네이버 추천(33,900)
✓ [11st] 노비타 더블 살균비데 방수 IPX7 리모컨형 | 우리 344,000 → 네이버 추천(364,800)
✓ [11st] 추추추어탕 500g 5팩 국내산 활미꾸라지 추어탕 | 우리 13,360 → 네이버 추천(15,130)
✓ [11st] 헤드앤숄더 클리니컬 스트랭스 샴푸 400ml 2개세트 | 우리 33,750 → 네이버 비슷(33,450)
✓ [11st] [숨] 100% 천연펄프 무형광 소프트 블랙 3겹 30m 30롤 2팩 | 우리 17,400 → 네이버 비슷(17,400)
✓ [11st] 밥알이 살아있는 백미밥 200g 24개 [더미식] 밥알이 살아있는 백 | 우리 22,720 → 네이버 비슷(22,300)
✓ [11st] 초복맞이 만능육수 증정 [리뷰 1.8만] 하누소 갈비탕 700g x  | 우리 33,900 → 네이버 추천(35,940)

판정 19/127 (15%) · DB기록 127건
✓ [gmarket] (7%결제할인)(대용량 증량팩)리큐 찌든때 올인원 2L (1.8L+2 | 우리 13,950 → 네이버 비추(12,600)
✓ [gmarket] 농심 신라면 골드 8개+안성탕면 10개 | 우리 12,500 → 네이버 비슷(12,500)
✓ [gmarket] 오리온 비쵸비 초코 5P 125g 3박스 + 딸기 5P 125g 3박 | 우리 13,900 → 네이버 비슷(13,900)
✓ [gmarket] ~0711 쇼츠딜특가 29만원대) 3구 인덕션 독일쇼츠상판 3400W | 우리 319,930 → 네이버 비슷(319,910)
✓ [gmarket] (신선집중) 바다마을 푸르른 완도 활전복  대왕특대 6-7미 1kg  | 우리 19,850 → 네이버 비슷(19,840)
✓ [gmarket] 대건명가 돼지국밥 630g 5팩 사은품 (양념장 소금) 증정 | 우리 21,000 → 네이버 비슷(20,990)
✓ [11st] 매콤한 춘천 양념 닭갈비 600g+600g 순살 닭갈비 외 | 우리 12,580 → 네이버 추천(15,110)
✓ [11st] 투게더 바닐라 오리지널 900ml 3+2 | 우리 26,100 → 네이버 추천(28,190)
✓ [11st] 웅진 애사비 500ml 24펫, 빅토리아 500ml 20+20펫 외 | 우리 14,900 → 네이버 비추(8,820)
✓ [11st] [숨] 100% 천연펄프 무형광 소프트 블랙 3겹 30m 30롤 2팩 | 우리 17,400 → 네이버 비슷(17,400)
✓ [11st] 초복맞이 만능육수 증정 [리뷰 1.8만] 하누소 갈비탕 700g x  | 우리 33,900 → 네이버 추천(35,940)
✓ [coupang] 연세우유 생크림 우유롤 (냉동), 330g, 1박스 | 우리 13,200 → 네이버 비슷(13,200)
✓ [coupang] 꿀맛나는세상 한돈 고추장 제육볶음, 500g, 1개 | 우리 7,450 → 네이버 비추(4,890)
✓ [coupang] 다향 바베큐 통삼겹, 450g, 1개 | 우리 13,000 → 네이버 추천(13,610)
✓ [coupang] 순수한면 제로 순면 생리대 날개형 중형 16p x 4팩 + 대형 14 | 우리 15,900 → 네이버 추천(22,650)
✓ [coupang] 깨끗한나라 벚꽃 로맨틱 천연펄프 3겹 고급롤화장지, 27m, 30개입 | 우리 16,450 → 네이버 비추(9,770)

판정 16/124 (13%) · DB기록 124건
✓ [gmarket] (7%결제할인)(대용량 증량팩)리큐 찌든때 올인원 2L (1.8L+2 | 우리 13,950 → 네이버 비추(12,600)
✓ [gmarket] 오리온 비쵸비 초코 5P 125g 3박스 + 딸기 5P 125g 3박 | 우리 13,900 → 네이버 비슷(13,900)
✓ [gmarket] 농심 신라면 골드 8개+안성탕면 10개 | 우리 12,500 → 네이버 비슷(12,500)
✓ [gmarket] 3구 인덕션 전기레인지 대화구 3400W 용기적합성 CIR-VB330 | 우리 288,150 → 네이버 비슷(284,780)
✓ [gmarket] 오향담은 순살족발 300g x4팩 앞다리살100% 족발 간편야식 혼술 | 우리 19,480 → 네이버 비슷(19,470)
✓ [gmarket] (신선집중) 바다마을 푸르른 완도 활전복  대왕특대 6-7미 1kg  | 우리 19,850 → 네이버 비슷(19,840)
✓ [11st] 숨 천연펄프 소프트블랙 3겹 화장지 30m 30롤 2팩 | 우리 17,400 → 네이버 비슷(17,400)
✓ [11st] 제주한우 1++등급 등심 200g + 등심 200g | 우리 34,900 → 네이버 비추(12,400)
✓ [11st] 25년산 진품경기미 상등급 10kg | 우리 36,860 → 네이버 비추(33,930)
✓ [11st] T멤버십 쇼핑 페스타 [T쇼페] 크리넥스 천연펄프 3겹 데코앤소프트  | 우리 31,900 → 네이버 비슷(32,420)
✓ [11st] 그레인랩 검은콩고칼슘 블랙9곡두유 190ml, 40개입, 1개 | 우리 13,900 → 네이버 추천(16,100)
✓ [11st] 그레인랩 고소한99.9 무가당두유 190ml, 40입, 1개 | 우리 13,900 → 네이버 추천(16,900)
✓ [11st] 그레인랩 든든한 21곡 미숫가루 두유 190ml, 40팩, 1개 | 우리 13,900 → 네이버 추천(16,100)
✓ [coupang] 연세우유 생크림 우유롤 (냉동), 330g, 1박스 | 우리 13,200 → 네이버 비슷(13,200)
✓ [coupang] 꿀맛나는세상 한돈 고추장 제육볶음, 500g, 1개 | 우리 7,450 → 네이버 비추(4,890)
✓ [coupang] 다향 바베큐 통삼겹, 450g, 1개 | 우리 13,000 → 네이버 추천(13,610)
✓ [coupang] 순수한면 제로 순면 생리대 날개형 중형 16p x 4팩 + 대형 14 | 우리 15,900 → 네이버 추천(22,650)
✓ [coupang] 깨끗한나라 벚꽃 로맨틱 천연펄프 3겹 고급롤화장지, 27m, 30개입 | 우리 16,450 → 네이버 비추(9,770)

판정 18/128 (14%) · DB기록 128건
✓ [gmarket] (7%결제할인)(대용량 증량팩)리큐 찌든때 올인원 2L (1.8L+2 | 우리 13,950 → 네이버 비추(12,600)
✓ [gmarket] 농심 신라면 골드 8개+안성탕면 10개 | 우리 12,500 → 네이버 비슷(12,500)
✓ [gmarket] 오리온 비쵸비 초코 5P 125g 3박스 + 딸기 5P 125g 3박 | 우리 13,900 → 네이버 비슷(13,900)
✓ [gmarket] 3구 인덕션 전기레인지 대화구 3400W 용기적합성 CIR-VB330 | 우리 288,150 → 네이버 비슷(284,780)
✓ [gmarket] 오향담은 순살족발 300g x4팩 앞다리살100% 족발 간편야식 혼술 | 우리 19,480 → 네이버 비슷(19,470)
✓ [gmarket] (신선집중) 바다마을 푸르른 완도 활전복  대왕특대 6-7미 1kg  | 우리 19,850 → 네이버 비슷(19,840)
✓ [11st] 25년산 진품경기미 상등급 10kg | 우리 36,860 → 네이버 비추(33,930)
✓ [11st] 숨 천연펄프 소프트블랙 3겹 화장지 30m 30롤 2팩 | 우리 17,400 → 네이버 비슷(17,400)
✓ [11st] 제주한우 1++등급 등심 200g + 등심 200g | 우리 34,900 → 네이버 비추(12,400)
✓ [11st] T멤버십 쇼핑 페스타 [T쇼페] 크리넥스 천연펄프 3겹 데코앤소프트  | 우리 31,900 → 네이버 비슷(32,420)
✓ [11st] [T쇼페] 코카콜라 300ml, 24개 | 우리 19,900 → 네이버 비추(14,260)
✓ [11st] 그레인랩 검은콩고칼슘 블랙9곡두유 190ml, 40개입, 1개 | 우리 13,900 → 네이버 추천(16,100)
✓ [11st] 그레인랩 고소한99.9 무가당두유 190ml, 40입, 1개 | 우리 13,900 → 네이버 추천(16,900)
✓ [11st] [T쇼페] 바디랩 프리미엄 스페인산 유기농 레몬즙 14포, 4개 | 우리 14,900 → 네이버 추천(21,990)
✓ [11st] [T쇼페] 칠성사이다 올인원팩 (190ml, 18입 + 350ml,  | 우리 15,200 → 네이버 추천(17,570)
✓ [11st] 그레인랩 든든한 21곡 미숫가루 두유 190ml, 40팩, 1개 | 우리 13,900 → 네이버 추천(16,100)
✓ [coupang] 연세우유 생크림 우유롤 (냉동), 330g, 1박스 | 우리 13,200 → 네이버 비슷(13,200)
✓ [coupang] 꿀맛나는세상 한돈 고추장 제육볶음, 500g, 1개 | 우리 7,450 → 네이버 비추(4,890)
✓ [coupang] 다향 바베큐 통삼겹, 450g, 1개 | 우리 13,000 → 네이버 추천(13,610)
✓ [coupang] 순수한면 제로 순면 생리대 날개형 중형 16p x 4팩 + 대형 14 | 우리 15,900 → 네이버 추천(22,650)
✓ [coupang] 깨끗한나라 벚꽃 로맨틱 천연펄프 3겹 고급롤화장지, 27m, 30개입 | 우리 16,450 → 네이버 비추(9,770)

판정 21/128 (16%) · DB기록 128건
✓ [gmarket] (7%결제할인)(대용량 증량팩)리큐 찌든때 올인원 2L (1.8L+2 | 우리 13,950 → 네이버 비추(12,600)
✓ [gmarket] 농심 신라면 골드 8개+안성탕면 10개 | 우리 12,500 → 네이버 비슷(12,500)
✓ [gmarket] 오리온 비쵸비 초코 5P 125g 3박스 + 딸기 5P 125g 3박 | 우리 13,900 → 네이버 비슷(13,900)
✓ [gmarket] 3구 인덕션 전기레인지 대화구 3400W 용기적합성 CIR-VB330 | 우리 288,150 → 네이버 비추(276,620)
✓ [gmarket] 오향담은 순살족발 300g x4팩 앞다리살100% 족발 간편야식 혼술 | 우리 19,480 → 네이버 비슷(19,470)
✓ [gmarket] (신선집중) 바다마을 푸르른 완도 활전복  대왕특대 6-7미 1kg  | 우리 19,850 → 네이버 비슷(19,840)
✓ [coupang] 연세우유 생크림 우유롤 (냉동), 330g, 1박스 | 우리 13,200 → 네이버 비슷(13,200)
✓ [coupang] 꿀맛나는세상 한돈 고추장 제육볶음, 500g, 1개 | 우리 7,450 → 네이버 비추(4,890)
✓ [coupang] 다향 바베큐 통삼겹, 450g, 1개 | 우리 13,000 → 네이버 추천(13,610)
✓ [coupang] 순수한면 제로 순면 생리대 날개형 중형 16p x 4팩 + 대형 14 | 우리 15,900 → 네이버 추천(22,650)
✓ [coupang] 깨끗한나라 벚꽃 로맨틱 천연펄프 3겹 고급롤화장지, 27m, 30개입 | 우리 16,450 → 네이버 비추(9,770)
✓ [11st] 25년산 진품경기미 상등급 10kg | 우리 36,860 → 네이버 비추(33,930)
✓ [11st] 숨 천연펄프 소프트블랙 3겹 화장지 30m 30롤 2팩 | 우리 17,400 → 네이버 비슷(17,400)
✓ [11st] 제주한우 1++등급 등심 200g + 등심 200g | 우리 34,900 → 네이버 비추(12,400)
✓ [11st] 그레인랩 검은콩고칼슘 블랙9곡두유 190ml 40개입 | 우리 13,900 → 네이버 비슷(13,900)
✓ [11st] T멤버십 쇼핑 페스타 [T쇼페] 크리넥스 천연펄프 3겹 데코앤소프트  | 우리 31,900 → 네이버 비슷(32,420)
✓ [11st] [T쇼페] 코카콜라 300ml, 24개 | 우리 19,900 → 네이버 비추(14,260)
✓ [11st] 부드럽게 잘 닦이는 맘스럽 센시티브코튼 물티슈 75g 72매 20팩  | 우리 16,900 → 네이버 추천(26,800)
✓ [11st] 그레인랩 검은콩고칼슘 블랙9곡두유 190ml, 40개입, 1개 | 우리 13,900 → 네이버 비슷(13,900)
✓ [11st] 그레인랩 고소한99.9 무가당두유 190ml, 40입, 1개 | 우리 13,900 → 네이버 비슷(13,900)
✓ [11st] 제주한우 1++등급 등심 200g + 등심 200g | 우리 34,900 → 네이버 비추(12,400)
✓ [11st] [T쇼페] 바디랩 프리미엄 스페인산 유기농 레몬즙 14포, 4개 | 우리 14,900 → 네이버 추천(21,990)
✓ [11st] 그레인랩 든든한 21곡 미숫가루 두유 190ml, 40팩, 1개 | 우리 13,900 → 네이버 비슷(13,900)

판정 23/128 (18%) · DB기록 128건
✓ [gmarket] (7%결제할인)(대용량 증량팩)리큐 찌든때 올인원 2L (1.8L+2 | 우리 13,950 → 네이버 비추(12,600)
✓ [gmarket] 농심 신라면 골드 8개+안성탕면 10개 | 우리 12,500 → 네이버 비슷(12,500)
✓ [gmarket] 오리온 비쵸비 초코 5P 125g 3박스 + 딸기 5P 125g 3박 | 우리 13,900 → 네이버 비추(8,390)
✓ [gmarket] 3구 인덕션 전기레인지 대화구 3400W 용기적합성 CIR-VB330 | 우리 288,150 → 네이버 비추(276,620)
✓ [gmarket] 오향담은 순살족발 300g x4팩 앞다리살100% 족발 간편야식 혼술 | 우리 19,480 → 네이버 비슷(19,470)
✓ [gmarket] (신선집중) 바다마을 푸르른 완도 활전복  대왕특대 6-7미 1kg  | 우리 19,850 → 네이버 비슷(19,840)
✓ [11st] 그레인랩 검은콩고칼슘 블랙9곡두유 190ml 40개입 | 우리 13,900 → 네이버 비슷(13,900)
✓ [11st] 25년산 진품경기미 상등급 10kg | 우리 36,860 → 네이버 비추(33,930)
✓ [11st] 제주한우 1++등급 등심 200g + 등심 200g | 우리 34,900 → 네이버 비추(12,400)
✓ [11st] T멤버십 쇼핑 페스타 [T쇼페] 크리넥스 천연펄프 3겹 데코앤소프트  | 우리 31,900 → 네이버 비슷(32,420)
✓ [11st] [T쇼페] 코카콜라 300ml, 24개 | 우리 19,900 → 네이버 비추(14,260)
✓ [11st] 부드럽게 잘 닦이는 맘스럽 센시티브코튼 물티슈 75g 72매 20팩  | 우리 16,900 → 네이버 추천(26,800)
✓ [11st] 그레인랩 검은콩고칼슘 블랙9곡두유 190ml, 40개입, 1개 | 우리 13,900 → 네이버 비슷(13,900)
✓ [11st] 그레인랩 고소한99.9 무가당두유 190ml, 40입, 1개 | 우리 13,900 → 네이버 비슷(13,900)
✓ [11st] 그레인랩 든든한 21곡 미숫가루 두유 190ml, 40팩, 1개 | 우리 13,900 → 네이버 비슷(13,900)
✓ [11st] 제주한우 1++등급 등심 200g + 채끝 200g | 우리 35,900 → 네이버 비추(18,530)
✓ [11st] 제주한우 1++등급 등심 200g + 등심 200g | 우리 34,900 → 네이버 비추(12,400)
✓ [11st] [본사직영] 위닉스 뽀송 1등급 인버터 제습기 20L DXWE200- | 우리 386,980 → 네이버 추천(399,000)
✓ [11st] [T쇼페] 바디랩 프리미엄 스페인산 유기농 레몬즙 14포, 4개 | 우리 14,900 → 네이버 추천(21,990)
✓ [coupang] 연세우유 생크림 우유롤 (냉동), 330g, 1박스 | 우리 13,200 → 네이버 비슷(13,200)
✓ [coupang] 꿀맛나는세상 한돈 고추장 제육볶음, 500g, 1개 | 우리 7,450 → 네이버 비추(4,890)
✓ [coupang] 다향 바베큐 통삼겹, 450g, 1개 | 우리 13,000 → 네이버 추천(13,610)
✓ [coupang] 순수한면 제로 순면 생리대 날개형 중형 16p x 4팩 + 대형 14 | 우리 15,900 → 네이버 추천(22,650)
✓ [coupang] 깨끗한나라 벚꽃 로맨틱 천연펄프 3겹 고급롤화장지, 27m, 30개입 | 우리 16,450 → 네이버 비추(9,770)

판정 24/128 (19%) · DB기록 128건
✓ [gmarket] (7%결제할인)(대용량 증량팩)리큐 찌든때 올인원 2L (1.8L+2 | 우리 13,950 → 네이버 비추(12,600)
✓ [gmarket] 농심 신라면 골드 8개+안성탕면 10개 | 우리 12,500 → 네이버 비슷(12,500)
✓ [gmarket] 오리온 비쵸비 초코 5P 125g 3박스 + 딸기 5P 125g 3박 | 우리 13,900 → 네이버 비추(8,390)
✓ [gmarket] 3구 인덕션 전기레인지 대화구 3400W 용기적합성 CIR-VB330 | 우리 288,150 → 네이버 비추(276,620)
✓ [gmarket] 오향담은 순살족발 300g x4팩 앞다리살100% 족발 간편야식 혼술 | 우리 19,480 → 네이버 비슷(19,470)
✓ [gmarket] (신선집중) 바다마을 푸르른 완도 활전복  대왕특대 6-7미 1kg  | 우리 19,850 → 네이버 비슷(19,840)
✓ [11st] 25년산 진품경기미 상등급 10kg | 우리 36,860 → 네이버 비추(33,930)
✓ [11st] 제주한우 1++등급 등심 200g + 등심 200g | 우리 34,900 → 네이버 비추(12,400)
✓ [11st] 그레인랩 검은콩고칼슘 블랙9곡두유 190ml 40개입 | 우리 13,900 → 네이버 비슷(13,900)
✓ [11st] T멤버십 쇼핑 페스타 [T쇼페] 크리넥스 천연펄프 3겹 데코앤소프트  | 우리 31,900 → 네이버 비슷(32,420)
✓ [11st] [T쇼페] 코카콜라 300ml, 24개 | 우리 19,900 → 네이버 비추(14,260)
✓ [11st] 부드럽게 잘 닦이는 맘스럽 센시티브코튼 물티슈 75g 72매 20팩  | 우리 16,900 → 네이버 추천(26,800)
✓ [11st] 그레인랩 검은콩고칼슘 블랙9곡두유 190ml, 40개입, 1개 | 우리 13,900 → 네이버 비슷(13,900)
✓ [11st] 그레인랩 고소한99.9 무가당두유 190ml, 40입, 1개 | 우리 13,900 → 네이버 비슷(13,900)
✓ [11st] 제주한우 1++등급 등심 200g + 등심 200g | 우리 34,900 → 네이버 비추(12,400)
✓ [11st] 그레인랩 든든한 21곡 미숫가루 두유 190ml, 40팩, 1개 | 우리 13,900 → 네이버 비슷(13,900)
✓ [11st] 국내산 닭고기로 더욱 부드럽게 옥구촌 춘천 가마솥 간장 찜닭 1kg  | 우리 14,700 → 네이버 비슷(14,450)
✓ [11st] 제주한우 1++등급 등심 200g + 채끝 200g | 우리 35,900 → 네이버 추천(52,900)
✓ [coupang] 제이넛터 무가당 100% 땅콩버터 크런치, 1개, 500g | 우리 7,990 → 네이버 비추(5,000)
✓ [coupang] 오넛티 100% 땅콩버터 오리지널, 230g, 1개 | 우리 11,900 → 네이버 비슷(11,900)
✓ [coupang] 세끼판다 판다의 스파이시 치킨 포케 샐러드, 226g, 2개 | 우리 11,800 → 네이버 추천(16,260)
✓ [coupang] 코코라 몬스타 초코칩쿠키, 9g, 120개 | 우리 12,800 → 네이버 추천(16,300)
✓ [coupang] 클룹 바나바잎차 돼지감자차 차음료, 500ml, 12개 | 우리 12,100 → 네이버 비슷(12,100)

판정 23/128 (18%) · DB기록 128건
✓ [gmarket] 3구 인덕션 전기레인지 대화구 3400W 용기적합성 CIR-VB330 | 우리 288,150 → 네이버 비추(276,620)
✓ [gmarket] 오향담은 순살족발 300g x4팩 앞다리살100% 족발 간편야식 혼술 | 우리 19,480 → 네이버 비슷(19,470)
✓ [gmarket] (신선집중) 바다마을 푸르른 완도 활전복  대왕특대 6-7미 1kg  | 우리 19,850 → 네이버 비슷(19,840)
✓ [11st] 25년산 진품경기미 상등급 10kg | 우리 36,860 → 네이버 비추(33,930)
✓ [11st] 그레인랩 검은콩고칼슘 블랙9곡두유 190ml 40개입 | 우리 13,900 → 네이버 비슷(13,900)
✓ [11st] 제주한우 1++등급 등심 200g + 등심 200g | 우리 34,900 → 네이버 비추(12,400)
✓ [11st] T멤버십 쇼핑 페스타 [T쇼페] 크리넥스 천연펄프 3겹 데코앤소프트  | 우리 31,900 → 네이버 비슷(32,420)
✓ [11st] [T쇼페] 코카콜라 300ml, 24개 | 우리 19,900 → 네이버 비추(14,260)
✓ [11st] 그레인랩 검은콩고칼슘 블랙9곡두유 190ml, 40개입, 1개 | 우리 13,900 → 네이버 비슷(13,900)
✓ [11st] 그레인랩 고소한99.9 무가당두유 190ml, 40입, 1개 | 우리 13,900 → 네이버 비슷(13,900)
✓ [11st] [본사직영] 위닉스 뽀송 1등급 인버터 제습기 20L DXWE200- | 우리 386,980 → 네이버 비슷(386,980)
✓ [11st] 제주한우 1++등급 등심 200g + 채끝 200g | 우리 35,900 → 네이버 비추(18,530)
✓ [11st] 그레인랩 든든한 21곡 미숫가루 두유 190ml, 40팩, 1개 | 우리 13,900 → 네이버 비슷(13,900)
✓ [11st] 국내산 닭고기로 더욱 부드럽게 옥구촌 춘천 가마솥 간장 찜닭 1kg  | 우리 14,700 → 네이버 비슷(14,450)
✓ [coupang] 제이넛터 무가당 100% 땅콩버터 크런치, 1개, 500g | 우리 7,990 → 네이버 비추(5,000)
✓ [coupang] 오넛티 100% 땅콩버터 오리지널, 230g, 1개 | 우리 11,900 → 네이버 비슷(11,900)
✓ [coupang] 세끼판다 판다의 스파이시 치킨 포케 샐러드, 226g, 2개 | 우리 11,800 → 네이버 추천(16,260)
✓ [coupang] 코코라 몬스타 초코칩쿠키, 9g, 120개 | 우리 12,800 → 네이버 추천(16,300)
✓ [coupang] 클룹 바나바잎차 돼지감자차 차음료, 500ml, 12개 | 우리 12,100 → 네이버 비슷(12,100)

판정 19/127 (15%) · DB기록 127건
✓ [gmarket] 3구 인덕션 전기레인지 대화구 3400W 용기적합성 CIR-VB330 | 우리 288,150 → 네이버 비추(276,620)
✓ [gmarket] 오향담은 순살족발 300g x4팩 앞다리살100% 족발 간편야식 혼술 | 우리 19,480 → 네이버 비슷(19,470)
✓ [gmarket] (신선집중) 바다마을 푸르른 완도 활전복  대왕특대 6-7미 1kg  | 우리 19,850 → 네이버 비슷(19,840)
✓ [11st] 덴탈픽 구강세정기 DP-1900K PLUS | 우리 34,900 → 네이버 비추(29,900)
✓ [11st] 아이오페 맨 올데이 퍼펙트 올인원, 120ml, 1개+증정 | 우리 28,500 → 네이버 비추(19,510)
✓ [11st] 박미경장인 호떡쌀 군만두960g 외 | 우리 4,190 → 네이버 추천(6,590)
✓ [11st] T멤버십 쇼핑 페스타 [T쇼페] 크리넥스 천연펄프 3겹 데코앤소프트  | 우리 31,900 → 네이버 비슷(32,420)
✓ [11st] [T쇼페] 코카콜라 300ml, 24개 | 우리 19,900 → 네이버 비추(14,260)
✓ [11st] [본사직영] 위닉스 뽀송 1등급 인버터 제습기 20L DXWE200- | 우리 386,980 → 네이버 비슷(386,980)
✓ [coupang] 제이넛터 무가당 100% 땅콩버터 크런치, 1개, 500g | 우리 7,990 → 네이버 비추(5,000)
✓ [coupang] 오넛티 100% 땅콩버터 오리지널, 230g, 1개 | 우리 11,900 → 네이버 비슷(11,900)
✓ [coupang] 세끼판다 판다의 스파이시 치킨 포케 샐러드, 226g, 2개 | 우리 11,800 → 네이버 추천(16,260)
✓ [coupang] 코코라 몬스타 초코칩쿠키, 9g, 120개 | 우리 12,800 → 네이버 추천(16,300)
✓ [coupang] 클룹 바나바잎차 돼지감자차 차음료, 500ml, 12개 | 우리 12,100 → 네이버 비슷(12,100)

판정 14/127 (11%) · DB기록 127건
✓ [gmarket] (김가네)본사배송 감자탕5kg(9-10인분)/국내산 돈등뼈/실온보관  | 우리 17,900 → 네이버 추천(21,250)
✓ [gmarket] 마니커 리얼통살 치킨너겟 300g x 4팩/국내산 닭고기 80.75% | 우리 11,470 → 네이버 비슷(11,470)
✓ [gmarket] 3구 인덕션 전기레인지 대화구 3400W 용기적합성 CIR-VB330 | 우리 288,150 → 네이버 비추(276,620)
✓ [gmarket] 오향담은 순살족발 300g x4팩 앞다리살100% 족발 간편야식 혼술 | 우리 19,480 → 네이버 비슷(19,470)
✓ [gmarket] (신선집중) 바다마을 푸르른 완도 활전복  대왕특대 6-7미 1kg  | 우리 19,850 → 네이버 비슷(19,840)
✓ [11st] 덴탈픽 구강세정기 DP-1900K PLUS | 우리 34,900 → 네이버 비추(29,900)
✓ [11st] 아이오페 맨 올데이 퍼펙트 올인원, 120ml, 1개+증정 | 우리 28,500 → 네이버 비추(19,510)
✓ [11st] 박미경장인 호떡쌀 군만두960g 외 | 우리 4,190 → 네이버 추천(6,590)
✓ [11st] T멤버십 쇼핑 페스타 [T쇼페] 크리넥스 천연펄프 3겹 데코앤소프트  | 우리 31,900 → 네이버 비슷(32,420)
✓ [11st] [T쇼페] 코카콜라 300ml, 24개 | 우리 19,900 → 네이버 비추(14,260)
✓ [coupang] 제이넛터 무가당 100% 땅콩버터 크런치, 1개, 500g | 우리 7,990 → 네이버 비추(5,000)
✓ [coupang] 오넛티 100% 땅콩버터 오리지널, 230g, 1개 | 우리 11,900 → 네이버 비슷(11,900)
✓ [coupang] 세끼판다 판다의 스파이시 치킨 포케 샐러드, 226g, 2개 | 우리 11,800 → 네이버 추천(16,260)
✓ [coupang] 코코라 몬스타 초코칩쿠키, 9g, 120개 | 우리 12,800 → 네이버 추천(16,300)
✓ [coupang] 클룹 바나바잎차 돼지감자차 차음료, 500ml, 12개 | 우리 12,100 → 네이버 비슷(12,100)

판정 15/127 (12%) · DB기록 127건
✓ [gmarket] (김가네)본사배송 감자탕5kg(9-10인분)/국내산 돈등뼈/실온보관  | 우리 17,900 → 네이버 비슷(17,890)
✓ [gmarket] 마니커 리얼통살 치킨너겟 300g x 4팩/국내산 닭고기 80.75% | 우리 11,470 → 네이버 비슷(11,470)
✓ [gmarket] 3구 인덕션 전기레인지 대화구 3400W 용기적합성 CIR-VB330 | 우리 288,150 → 네이버 비추(276,620)
✓ [gmarket] 오향담은 순살족발 300g x4팩 앞다리살100% 족발 간편야식 혼술 | 우리 19,480 → 네이버 비슷(19,470)
✓ [gmarket] (신선집중) 바다마을 푸르른 완도 활전복  대왕특대 6-7미 1kg  | 우리 19,850 → 네이버 비슷(19,840)
✓ [11st] 신라명과 마드레느 대 32개입 선물용쇼핑백 | 우리 10,400 → 네이버 비추(8,910)
✓ [11st] NEW 오딧세이 로맨틱 올인원 로션 180ml + 최다구성PKG | 우리 22,400 → 네이버 비추(19,110)
✓ [11st] 네추럴라이즈 이뮨 알로에 젤리스틱 60포 | 우리 28,900 → 네이버 비슷(28,900)
✓ [11st] 스마트에코 99.9% 초순수 베이직 물티슈 100매 20팩 | 우리 15,490 → 네이버 비슷(15,490)
✓ [11st] T멤버십 쇼핑 페스타 [T쇼페] 크리넥스 천연펄프 3겹 데코앤소프트  | 우리 31,900 → 네이버 비슷(32,420)
✓ [11st] [T쇼페] 코카콜라 300ml, 24개 | 우리 19,900 → 네이버 비추(14,260)
✓ [11st] [내일도착] 네추럴라이즈 이뮨 알로에 젤리스틱 60포 / 대용량 가성 | 우리 28,900 → 네이버 추천(46,900)
✓ [11st] 포미 착즙 100% 노지재배 이탈리아산 토마토주스 200ml x 24 | 우리 20,400 → 네이버 추천(26,000)
✓ [11st] [T쇼페] 칠성사이다 올인원팩 (190ml, 18입 + 350ml,  | 우리 15,200 → 네이버 추천(17,570)
✓ [coupang] 제이넛터 무가당 100% 땅콩버터 크런치, 1개, 500g | 우리 7,990 → 네이버 비추(5,000)
✓ [coupang] 오넛티 100% 땅콩버터 오리지널, 230g, 1개 | 우리 11,900 → 네이버 비슷(11,900)
✓ [coupang] 세끼판다 판다의 스파이시 치킨 포케 샐러드, 226g, 2개 | 우리 11,800 → 네이버 추천(16,260)
✓ [coupang] 코코라 몬스타 초코칩쿠키, 9g, 120개 | 우리 12,800 → 네이버 추천(16,300)
✓ [coupang] 클룹 바나바잎차 돼지감자차 차음료, 500ml, 12개 | 우리 12,100 → 네이버 비슷(12,100)

판정 19/125 (15%) · DB기록 125건
✓ [gmarket] 쿠첸 더핏 슬림 6인용 전기압력밥솥 CRS-FSWK0670CY | 우리 134,000 → 네이버 비슷(133,990)
✓ [gmarket] (신선집중/15%+NH10%) 대추방울토마토 3~4번과 3kg | 우리 8,310 → 네이버 추천(10,900)
✓ [gmarket] 3구 인덕션 전기레인지 대화구 3400W 용기적합성 CIR-VB330 | 우리 288,150 → 네이버 비추(276,620)
✓ [gmarket] 오향담은 순살족발 300g x4팩 앞다리살100% 족발 간편야식 혼술 | 우리 19,480 → 네이버 비슷(19,470)
✓ [gmarket] (신선집중) 바다마을 푸르른 완도 활전복  대왕특대 6-7미 1kg  | 우리 19,850 → 네이버 비슷(19,840)
✓ [11st] NEW 오딧세이 로맨틱 올인원 로션 180ml + 최다구성PKG | 우리 22,400 → 네이버 비추(19,110)
✓ [11st] 신라명과 마드레느 대 32개입 선물용쇼핑백 | 우리 10,400 → 네이버 비추(8,910)
✓ [11st] 스마트에코 99.9% 초순수 베이직 물티슈 100매 20팩 | 우리 15,490 → 네이버 비슷(15,490)
✓ [11st] 네추럴라이즈 이뮨 알로에 젤리스틱 60포 | 우리 28,900 → 네이버 비슷(28,900)
✓ [11st] T멤버십 쇼핑 페스타 [T쇼페] 크리넥스 천연펄프 3겹 데코앤소프트  | 우리 31,900 → 네이버 비슷(32,420)
✓ [11st] [T쇼페] 코카콜라 300ml, 24개 | 우리 19,900 → 네이버 비추(14,260)
✓ [11st] [내일도착] 네추럴라이즈 이뮨 알로에 젤리스틱 60포 / 대용량 가성 | 우리 28,900 → 네이버 추천(46,900)
✓ [11st] 포미 착즙 100% 노지재배 이탈리아산 토마토주스 200ml x 24 | 우리 20,400 → 네이버 추천(26,000)
✓ [11st] [T쇼페] 칠성사이다 올인원팩 (190ml, 18입 + 350ml,  | 우리 15,200 → 네이버 추천(17,570)
✓ [coupang] 제이넛터 무가당 100% 땅콩버터 크런치, 1개, 500g | 우리 7,990 → 네이버 비추(5,000)
✓ [coupang] 오넛티 100% 땅콩버터 오리지널, 230g, 1개 | 우리 11,900 → 네이버 비슷(11,900)
✓ [coupang] 세끼판다 판다의 스파이시 치킨 포케 샐러드, 226g, 2개 | 우리 11,800 → 네이버 추천(16,260)
✓ [coupang] 코코라 몬스타 초코칩쿠키, 9g, 120개 | 우리 12,800 → 네이버 추천(16,300)
✓ [coupang] 클룹 바나바잎차 돼지감자차 차음료, 500ml, 12개 | 우리 12,100 → 네이버 비슷(12,100)

판정 19/125 (15%) · DB기록 125건
✓ [gmarket] 쿠첸 더핏 슬림 6인용 전기압력밥솥 CRS-FSWK0670CY | 우리 134,000 → 네이버 비슷(133,990)
✓ [gmarket] (신선집중/15%+NH10%) 대추방울토마토 3~4번과 3kg | 우리 8,310 → 네이버 추천(10,900)
✓ [gmarket] 3구 인덕션 전기레인지 대화구 3400W 용기적합성 CIR-VB330 | 우리 288,150 → 네이버 비추(276,620)
✓ [gmarket] 오향담은 순살족발 300g x4팩 앞다리살100% 족발 간편야식 혼술 | 우리 19,480 → 네이버 비슷(19,470)
✓ [gmarket] (신선집중) 바다마을 푸르른 완도 활전복  대왕특대 6-7미 1kg  | 우리 19,850 → 네이버 비슷(19,840)
✓ [11st] 릴리프로 근육관절 원적외선 패치 혼합형 32매입 | 우리 12,890 → 네이버 추천(14,980)
✓ [11st] 맘스럽 땀냄새제거 천연100% 워싱소다 5kg | 우리 6,900 → 네이버 추천(11,500)
✓ [11st] 쿠앤크 초코연탄볼 30입 | 우리 7,990 → 네이버 비슷(7,990)
✓ [11st] T멤버십 쇼핑 페스타 [T쇼페] 크리넥스 천연펄프 3겹 데코앤소프트  | 우리 31,900 → 네이버 비슷(32,420)
✓ [11st] [T쇼페] 코카콜라 300ml, 24개 | 우리 19,900 → 네이버 비추(14,260)
✓ [11st] [T쇼페] 칠성사이다 올인원팩 (190ml, 18입 + 350ml,  | 우리 15,200 → 네이버 추천(17,570)
✓ [coupang] 제이넛터 무가당 100% 땅콩버터 크런치, 1개, 500g | 우리 7,990 → 네이버 비추(5,000)
✓ [coupang] 오넛티 100% 땅콩버터 오리지널, 230g, 1개 | 우리 11,900 → 네이버 비슷(11,900)
✓ [coupang] 세끼판다 판다의 스파이시 치킨 포케 샐러드, 226g, 2개 | 우리 11,800 → 네이버 추천(16,260)
✓ [coupang] 코코라 몬스타 초코칩쿠키, 9g, 120개 | 우리 12,800 → 네이버 추천(16,300)
✓ [coupang] 클룹 바나바잎차 돼지감자차 차음료, 500ml, 12개 | 우리 12,100 → 네이버 비슷(12,100)

판정 16/128 (13%) · DB기록 128건
✓ [gmarket] (신선집중/15%+NH10%) 대추방울토마토 3~4번과 3kg | 우리 8,310 → 네이버 추천(10,900)
✓ [gmarket] 쿠첸 더핏 슬림 6인용 전기압력밥솥 CRS-FSWK0670CY | 우리 134,000 → 네이버 비슷(133,990)
✓ [gmarket] 3구 인덕션 전기레인지 대화구 3400W 용기적합성 CIR-VB330 | 우리 288,150 → 네이버 비추(276,620)
✓ [gmarket] 오향담은 순살족발 300g x4팩 앞다리살100% 족발 간편야식 혼술 | 우리 19,480 → 네이버 비슷(19,470)
✓ [gmarket] (신선집중) 바다마을 푸르른 완도 활전복  대왕특대 6-7미 1kg  | 우리 19,850 → 네이버 비슷(19,840)
✓ [11st] 맘스럽 땀냄새제거 천연100% 워싱소다 5kg | 우리 6,900 → 네이버 추천(11,500)
✓ [11st] 쿠앤크 초코연탄볼 30입 | 우리 7,990 → 네이버 비슷(7,990)
✓ [11st] 릴리프로 근육관절 원적외선 패치 혼합형 32매입 | 우리 12,890 → 네이버 추천(14,980)
✓ [11st] T멤버십 쇼핑 페스타 [T쇼페] 크리넥스 천연펄프 3겹 데코앤소프트  | 우리 31,900 → 네이버 비슷(32,420)
✓ [11st] [T쇼페] 코카콜라 300ml, 24개 | 우리 19,900 → 네이버 비추(14,260)
✓ [11st] [T쇼페] 칠성사이다 올인원팩 (190ml, 18입 + 350ml,  | 우리 15,200 → 네이버 추천(17,570)
✓ [coupang] 제이넛터 무가당 100% 땅콩버터 크런치, 1개, 500g | 우리 7,990 → 네이버 비추(5,000)
✓ [coupang] 오넛티 100% 땅콩버터 오리지널, 230g, 1개 | 우리 11,900 → 네이버 비슷(11,900)
✓ [coupang] 코코라 몬스타 초코칩쿠키, 9g, 120개 | 우리 12,800 → 네이버 추천(16,300)
✓ [coupang] 클룹 바나바잎차 돼지감자차 차음료, 500ml, 12개 | 우리 12,100 → 네이버 비슷(12,100)
✓ [coupang] 세끼판다 판다의 스파이시 치킨 포케 샐러드, 226g, 2개 | 우리 11,800 → 네이버 추천(16,260)

판정 16/128 (13%) · DB기록 128건
✓ [gmarket] (신선집중/15%+NH10%) 대추방울토마토 3~4번과 3kg | 우리 8,310 → 네이버 추천(10,900)
✓ [gmarket] 쿠첸 더핏 슬림 6인용 전기압력밥솥 CRS-FSWK0670CY | 우리 134,000 → 네이버 비슷(133,990)
✓ [gmarket] 3구 인덕션 전기레인지 대화구 3400W 용기적합성 CIR-VB330 | 우리 288,150 → 네이버 비추(276,620)
✓ [gmarket] 오향담은 순살족발 300g x4팩 앞다리살100% 족발 간편야식 혼술 | 우리 19,480 → 네이버 비슷(19,470)
✓ [gmarket] (신선집중) 바다마을 푸르른 완도 활전복  대왕특대 6-7미 1kg  | 우리 19,850 → 네이버 비슷(19,840)
✓ [11st] 삼점 암꽃게 간장게장 2kg 7미 | 우리 12,510 → 네이버 비추(9,230)
✓ [11st] 오브휴 오코텍스 냉감 쿨매트 Q-MAX 0.4 | 우리 16,900 → 네이버 비추(11,710)
✓ [11st] 20초 마스크팩! 17아워즈 스피디 버블 마스크 95ml | 우리 12,900 → 네이버 추천(18,050)
✓ [11st] 오트 귀리초코칩 쿠키 480g 40봉 | 우리 7,900 → 네이버 추천(8,500)
✓ [11st] 필립스 공식 인증점 필립스 TAT1215 커널형 IPX4 방수 블루투 | 우리 12,900 → 네이버 추천(18,900)
✓ [11st] #대용량 #간편하게 쓱~! (42% 인하) 탈모완벽케어 에이페 스칼프 | 우리 23,750 → 네이버 비슷(23,960)
✓ [11st] 체지방감소+유산균증식 푸드올로지 콜레올로지 컷 다이어트 유산균 1개  | 우리 27,900 → 네이버 비추(22,920)
✓ [11st] 푸드올로지 공식판매처 푸드올로지 콜레올로지 컷 PRO 30정 1개 | 우리 18,900 → 네이버 비추(17,850)
✓ [coupang] 제이넛터 무가당 100% 땅콩버터 크런치, 1개, 500g | 우리 7,990 → 네이버 비추(5,000)
✓ [coupang] 오넛티 100% 땅콩버터 오리지널, 230g, 1개 | 우리 11,900 → 네이버 비슷(11,900)
✓ [coupang] 코코라 몬스타 초코칩쿠키, 9g, 120개 | 우리 12,800 → 네이버 추천(16,300)
✓ [coupang] 클룹 바나바잎차 돼지감자차 차음료, 500ml, 12개 | 우리 12,100 → 네이버 비슷(12,100)
✓ [coupang] 세끼판다 판다의 스파이시 치킨 포케 샐러드, 226g, 2개 | 우리 11,800 → 네이버 추천(16,260)

판정 18/115 (16%) · DB기록 115건
✓ [gmarket] 코카콜라 190ml 30캔 | 우리 13,480 → 네이버 비추(5,500)
✓ [gmarket] 몬스터 에너지 울트라 355ml 24캔 | 우리 23,940 → 네이버 비추(17,800)
✓ [gmarket] (신선집중/15%+NH10%) 대추방울토마토 3~4번과 3kg | 우리 8,310 → 네이버 추천(10,900)
✓ [gmarket] 쿠첸 더핏 슬림 6인용 전기압력밥솥 CRS-FSWK0670CY | 우리 137,150 → 네이버 비추(133,990)
✓ [gmarket] 스프라이트 제로 위드 티 350ml 24캔 | 우리 17,860 → 네이버 비추(16,900)
✓ [gmarket] 미닛메이드 토마토 1.5L 12페트 +(증정)쿠우 미니 쟁반 | 우리 29,210 → 네이버 비슷(29,190)
✓ [gmarket] 몬스터 에너지 시트라 355ml 24캔 | 우리 34,570 → 네이버 비추(28,000)
✓ [11st] 20초 마스크팩! 17아워즈 스피디 버블 마스크 95ml | 우리 12,900 → 네이버 추천(18,050)
✓ [11st] 오브휴 오코텍스 냉감 쿨매트 Q-MAX 0.4 | 우리 16,900 → 네이버 비추(11,710)
✓ [11st] 삼점 암꽃게 간장게장 2kg 7미 | 우리 12,510 → 네이버 비추(9,230)
✓ [11st] 오트 귀리초코칩 쿠키 480g 40봉 | 우리 7,900 → 네이버 추천(8,500)
✓ [11st] 여름에도 겨울에도 시원한 열무김치2kg | 우리 9,950 → 네이버 추천(13,710)
✓ [11st] [이디야쿠폰] 드시모네 베이비 스텝2 50일분, 2개+증정(또박케어L | 우리 93,200 → 네이버 비추(60,610)
✓ [11st] 이스트밸리 자연치즈 트리플 슈레드 피자치즈 1kg | 우리 13,920 → 네이버 비슷(13,920)
✓ [11st] [이디야쿠폰] 드시모네 키즈 스텝1 딸기향 50일분, 2개+증정(키즈 | 우리 147,000 → 네이버 추천(165,200)
✓ [coupang] 제이넛터 무가당 100% 땅콩버터 크런치, 1개, 500g | 우리 7,990 → 네이버 비추(5,000)
✓ [coupang] 오넛티 100% 땅콩버터 오리지널, 230g, 1개 | 우리 11,900 → 네이버 비슷(11,900)
✓ [coupang] 코코라 몬스타 초코칩쿠키, 9g, 120개 | 우리 12,800 → 네이버 추천(16,300)
✓ [coupang] 클룹 바나바잎차 돼지감자차 차음료, 500ml, 12개 | 우리 12,100 → 네이버 비슷(12,100)
✓ [coupang] 세끼판다 판다의 스파이시 치킨 포케 샐러드, 226g, 2개 | 우리 11,800 → 네이버 추천(16,260)

판정 20/117 (17%) · DB기록 117건
✓ [gmarket] (신선집중/15%+NH10%) 대추방울토마토 3~4번과 3kg | 우리 8,310 → 네이버 추천(10,900)
✓ [gmarket] 쿠첸 더핏 슬림 6인용 전기압력밥솥 CRS-FSWK0670CY | 우리 137,150 → 네이버 비추(133,990)
✓ [gmarket] 미닛메이드 토마토 1.5L 12페트 +(증정)쿠우 미니 쟁반 | 우리 29,210 → 네이버 비슷(29,190)
✓ [gmarket] 스프라이트 제로 위드 티 350ml 24캔 | 우리 17,860 → 네이버 비추(16,900)
✓ [gmarket] 몬스터 에너지 시트라 355ml 24캔 | 우리 34,570 → 네이버 비추(28,000)
✓ [11st] 삼점 암꽃게 간장게장 2kg 7미 | 우리 12,510 → 네이버 비추(9,230)
✓ [11st] 오브휴 오코텍스 냉감 쿨매트 Q-MAX 0.4 | 우리 16,900 → 네이버 비추(11,710)
✓ [11st] 20초 마스크팩! 17아워즈 스피디 버블 마스크 95ml | 우리 12,900 → 네이버 추천(18,050)
✓ [11st] 오트 귀리초코칩 쿠키 480g 40봉 | 우리 7,900 → 네이버 추천(8,500)
✓ [11st] 여름에도 겨울에도 시원한 열무김치2kg | 우리 9,950 → 네이버 추천(13,590)
✓ [11st] [이디야쿠폰] 드시모네 베이비 스텝2 50일분, 2개+증정(또박케어L | 우리 93,200 → 네이버 비추(60,610)
✓ [11st] 이스트밸리 자연치즈 트리플 슈레드 피자치즈 1kg | 우리 13,920 → 네이버 비슷(13,920)
✓ [11st] [이디야쿠폰] 드시모네 키즈 스텝1 딸기향 50일분, 2개+증정(키즈 | 우리 147,000 → 네이버 추천(165,200)
✓ [coupang] 제이넛터 무가당 100% 땅콩버터 크런치, 1개, 500g | 우리 7,990 → 네이버 비추(5,000)
✓ [coupang] 오넛티 100% 땅콩버터 오리지널, 230g, 1개 | 우리 11,900 → 네이버 비슷(11,900)
✓ [coupang] 코코라 몬스타 초코칩쿠키, 9g, 120개 | 우리 12,800 → 네이버 추천(16,300)
✓ [coupang] 클룹 바나바잎차 돼지감자차 차음료, 500ml, 12개 | 우리 12,100 → 네이버 비슷(12,100)
✓ [coupang] 세끼판다 판다의 스파이시 치킨 포케 샐러드, 226g, 2개 | 우리 11,800 → 네이버 추천(16,260)

판정 18/117 (15%) · DB기록 117건
✓ [gmarket] (신선집중/15%+NH10%) 대추방울토마토 3~4번과 3kg | 우리 8,310 → 네이버 추천(10,900)
✓ [gmarket] 쿠첸 더핏 슬림 6인용 전기압력밥솥 CRS-FSWK0670CY | 우리 137,150 → 네이버 비추(133,990)
✓ [gmarket] 미닛메이드 토마토 1.5L 12페트 +(증정)쿠우 미니 쟁반 | 우리 29,210 → 네이버 비슷(29,190)
✓ [gmarket] 스프라이트 제로 위드 티 350ml 24캔 | 우리 17,860 → 네이버 비추(16,900)
✓ [gmarket] 코카콜라제로+코카콜라 190ml 60캔 (각 30캔) +(증정) 코카 | 우리 24,790 → 네이버 비슷(24,780)
✓ [gmarket] 코카콜라제로 350ml 24캔 +(증정) 코카콜라 뷔 부채 | 우리 20,570 → 네이버 비슷(20,550)
✓ [gmarket] 코카콜라 제로 300ml 24페트 (1박스) +(증정) 코카콜라 뷔  | 우리 20,420 → 네이버 비슷(20,400)
✓ [gmarket] 코카콜라 350ml 24캔 +(증정) 코카콜라 뷔 부채 | 우리 24,730 → 네이버 비추(20,550)
✓ [gmarket] 몬스터 에너지 시트라 355ml 24캔 | 우리 34,570 → 네이버 비추(28,000)
✓ [11st] 20초 마스크팩! 17아워즈 스피디 버블 마스크 95ml | 우리 12,900 → 네이버 추천(18,050)
✓ [11st] 오브휴 오코텍스 냉감 쿨매트 Q-MAX 0.4 | 우리 16,900 → 네이버 비추(11,710)
✓ [11st] 삼점 암꽃게 간장게장 2kg 7미 | 우리 12,510 → 네이버 비추(9,230)
✓ [11st] 오트 귀리초코칩 쿠키 480g 40봉 | 우리 7,900 → 네이버 추천(8,500)
✓ [11st] 여름에도 겨울에도 시원한 열무김치2kg | 우리 9,950 → 네이버 추천(13,590)
✓ [11st] [이디야쿠폰] 드시모네 베이비 스텝2 50일분, 2개+증정(또박케어L | 우리 93,200 → 네이버 비추(60,610)
✓ [11st] 이스트밸리 자연치즈 트리플 슈레드 피자치즈 1kg | 우리 13,920 → 네이버 비슷(13,920)
✓ [11st] [이디야쿠폰] 드시모네 키즈 스텝1 딸기향 50일분, 2개+증정(키즈 | 우리 147,000 → 네이버 추천(165,200)
✓ [coupang] 제이넛터 무가당 100% 땅콩버터 크런치, 1개, 500g | 우리 7,990 → 네이버 비추(5,000)
✓ [coupang] 오넛티 100% 땅콩버터 오리지널, 230g, 1개 | 우리 11,900 → 네이버 비슷(11,900)
✓ [coupang] 코코라 몬스타 초코칩쿠키, 9g, 120개 | 우리 12,800 → 네이버 추천(16,300)
✓ [coupang] 클룹 바나바잎차 돼지감자차 차음료, 500ml, 12개 | 우리 12,100 → 네이버 비슷(12,100)
✓ [coupang] 세끼판다 판다의 스파이시 치킨 포케 샐러드, 226g, 2개 | 우리 11,800 → 네이버 추천(16,260)

판정 22/117 (19%) · DB기록 117건
✓ [gmarket] (신선집중/15%+NH10%) 대추방울토마토 3~4번과 3kg | 우리 8,310 → 네이버 추천(10,900)
✓ [gmarket] 쿠첸 더핏 슬림 6인용 전기압력밥솥 CRS-FSWK0670CY | 우리 137,150 → 네이버 비추(133,990)
✓ [gmarket] 미닛메이드 토마토 1.5L 12페트 +(증정)쿠우 미니 쟁반 | 우리 29,210 → 네이버 비슷(29,190)
✓ [gmarket] 스프라이트 제로 위드 티 350ml 24캔 | 우리 17,860 → 네이버 비추(16,900)
✓ [gmarket] 코카콜라제로+코카콜라 190ml 60캔 (각 30캔) +(증정) 코카 | 우리 24,790 → 네이버 비슷(24,780)
✓ [gmarket] 코카콜라제로 350ml 24캔 +(증정) 코카콜라 뷔 부채 | 우리 20,570 → 네이버 비슷(20,550)
✓ [gmarket] 코카콜라 제로 300ml 24페트 (1박스) +(증정) 코카콜라 뷔  | 우리 20,420 → 네이버 비슷(20,400)
✓ [gmarket] 코카콜라 350ml 24캔 +(증정) 코카콜라 뷔 부채 | 우리 24,730 → 네이버 비추(20,550)
✓ [gmarket] 몬스터 에너지 시트라 355ml 24캔 | 우리 34,570 → 네이버 비추(28,000)
✓ [11st] 20초 마스크팩! 17아워즈 스피디 버블 마스크 95ml | 우리 12,900 → 네이버 추천(18,050)
✓ [11st] 오브휴 오코텍스 냉감 쿨매트 Q-MAX 0.4 | 우리 16,900 → 네이버 비추(11,710)
✓ [11st] 삼점 암꽃게 간장게장 2kg 7미 | 우리 12,510 → 네이버 비추(9,230)
✓ [11st] 오트 귀리초코칩 쿠키 480g 40봉 | 우리 7,900 → 네이버 추천(8,500)
✓ [11st] 여름에도 겨울에도 시원한 열무김치2kg | 우리 9,950 → 네이버 추천(13,590)
✓ [11st] [이디야쿠폰] 드시모네 베이비 스텝2 50일분, 2개+증정(또박케어L | 우리 93,200 → 네이버 비추(60,610)
✓ [11st] 이스트밸리 자연치즈 트리플 슈레드 피자치즈 1kg | 우리 13,920 → 네이버 비슷(13,920)
✓ [coupang] 웅진빅토리아 파인애플 탄산음료, 500ml, 20개 | 우리 10,760 → 네이버 비추(8,650)
✓ [coupang] 메디힐 비타 토닝 에센스 마스크팩 20ml, 1개입, 15개 | 우리 13,900 → 네이버 추천(16,980)
✓ [coupang] 코코도르 우드볼 차량용 디퓨저 50ml 2개입, 블랙체리, 2개 | 우리 15,800 → 네이버 추천(31,420)
✓ [coupang] 크라운 빅파이 딸기, 216g, 5개 | 우리 10,000 → 네이버 비추(9,290)
✓ [coupang] 햇살담은 장아찌 간장소스, 1.7L, 2개 | 우리 10,100 → 네이버 추천(12,060)
✓ [coupang] 매일두유 고단백 검은콩, 190ml, 24개 | 우리 18,190 → 네이버 비추(12,460)
✓ [coupang] 연세두유 뼈를 생각한 고칼슘 호두 앤 아몬드, 190ml, 24개 | 우리 12,400 → 네이버 비슷(12,400)
✓ [coupang] 마운트하겐 유기농 디카페인 원두커피믹스, 100g, 1개입, 1개 | 우리 15,370 → 네이버 비슷(15,500)

판정 24/117 (21%) · DB기록 117건
✓ [gmarket] 코크제로 제로 350ml 24캔 (1박스) +(증정) 코카콜라 뷔 부 | 우리 14,390 → 네이버 추천(20,550)
✓ [gmarket] 이클립스 한정판 시티 컬렉션 34g X 8개입 + 스니커즈 여성용 양 | 우리 12,890 → 네이버 추천(24,700)
✓ [gmarket] 프로바이오틱스 생유산균 골드 240포(300g x 2세트) | 우리 21,380 → 네이버 비슷(21,600)
✓ [gmarket] 스프라이트 제로 위드 티 350ml 24캔 | 우리 17,860 → 네이버 비추(16,900)
✓ [gmarket] 미닛메이드 토마토 1.5L 12페트 +(증정)쿠우 미니 쟁반 | 우리 29,210 → 네이버 비슷(29,190)
✓ [gmarket] 코카콜라제로+코카콜라 190ml 60캔 (각 30캔) +(증정) 코카 | 우리 22,500 → 네이버 추천(24,780)
✓ [gmarket] 코카콜라제로 350ml 24캔 +(증정) 코카콜라 뷔 부채 | 우리 20,570 → 네이버 비슷(20,550)
✓ [gmarket] 코카콜라 제로 300ml 24페트 (1박스) +(증정) 코카콜라 뷔  | 우리 20,420 → 네이버 비슷(20,400)
✓ [gmarket] 코카콜라 350ml 24캔 +(증정) 코카콜라 뷔 부채 | 우리 24,730 → 네이버 비추(20,550)
✓ [gmarket] 몬스터 에너지 시트라 355ml 24캔 | 우리 34,570 → 네이버 비추(28,000)
✓ [11st] 20초 마스크팩! 17아워즈 스피디 버블 마스크 95ml | 우리 12,900 → 네이버 추천(18,050)
✓ [11st] 오브휴 오코텍스 냉감 쿨매트 Q-MAX 0.4 | 우리 16,900 → 네이버 비추(11,710)
✓ [11st] 삼점 암꽃게 간장게장 2kg 7미 | 우리 12,510 → 네이버 비추(9,230)
✓ [11st] 오트 귀리초코칩 쿠키 480g 40봉 | 우리 7,900 → 네이버 추천(8,500)
✓ [11st] 여름에도 겨울에도 시원한 열무김치2kg | 우리 9,950 → 네이버 추천(13,900)
✓ [11st] [이디야쿠폰] 드시모네 베이비 스텝2 50일분, 2개+증정(또박케어L | 우리 93,200 → 네이버 비추(60,610)
✓ [11st] 이스트밸리 자연치즈 트리플 슈레드 피자치즈 1kg | 우리 13,920 → 네이버 비슷(13,920)
✓ [coupang] 웅진빅토리아 파인애플 탄산음료, 500ml, 20개 | 우리 10,760 → 네이버 비추(8,650)
✓ [coupang] 메디힐 비타 토닝 에센스 마스크팩 20ml, 1개입, 15개 | 우리 13,900 → 네이버 추천(16,980)
✓ [coupang] 코코도르 우드볼 차량용 디퓨저 50ml 2개입, 블랙체리, 2개 | 우리 15,800 → 네이버 추천(31,420)
✓ [coupang] 크라운 빅파이 딸기, 216g, 5개 | 우리 10,000 → 네이버 비추(9,290)
✓ [coupang] 햇살담은 장아찌 간장소스, 1.7L, 2개 | 우리 10,100 → 네이버 추천(12,060)
✓ [coupang] 매일두유 고단백 검은콩, 190ml, 24개 | 우리 18,190 → 네이버 비추(12,460)
✓ [coupang] 연세두유 뼈를 생각한 고칼슘 호두 앤 아몬드, 190ml, 24개 | 우리 12,400 → 네이버 비슷(12,400)
✓ [coupang] 마운트하겐 유기농 디카페인 원두커피믹스, 100g, 1개입, 1개 | 우리 15,370 → 네이버 비슷(15,500)

판정 25/114 (22%) · DB기록 114건
✓ [gmarket] 환타 제로 오렌지 12캔+포도 6캔+파인 6캔 350ml (총 24캔 | 우리 15,290 → 네이버 비추(12,950)
✓ [gmarket] 스프라이트 킨 사이다 185ml 30캔+과일촌 청포도 드링크 175m | 우리 17,280 → 네이버 비추(13,410)
✓ [gmarket] 이클립스 한정판 시티 컬렉션 34g X 8개입 + 스니커즈 여성용 양 | 우리 12,890 → 네이버 추천(24,700)
✓ [gmarket] 조지아 오리지널+카페라테 240ml 60캔 (각 30캔) | 우리 24,600 → 네이버 추천(27,500)
✓ [gmarket] 미닛메이드 토마토 1.5L 12페트 +(증정)쿠우 미니 쟁반 | 우리 29,210 → 네이버 비슷(29,190)
✓ [gmarket] 스프라이트 제로 위드 티 350ml 24캔 | 우리 17,860 → 네이버 비추(16,900)
✓ [gmarket] 코카콜라제로+코카콜라 190ml 60캔 (각 30캔) +(증정) 코카 | 우리 24,790 → 네이버 비슷(24,780)
✓ [gmarket] 코카콜라제로 350ml 24캔 +(증정) 코카콜라 뷔 부채 | 우리 20,570 → 네이버 비슷(20,550)
✓ [gmarket] 코카콜라 350ml 24캔 +(증정) 코카콜라 뷔 부채 | 우리 24,730 → 네이버 비추(14,390)
✓ [gmarket] 코카콜라 제로 300ml 24페트 (1박스) +(증정) 코카콜라 뷔  | 우리 20,420 → 네이버 비슷(20,400)
✓ [gmarket] 환타 오렌지 190ml 30캔 (1박스) +(증정)조앤프렌즈 메모지 | 우리 14,990 → 네이버 추천(28,620)
✓ [gmarket] 몬스터 에너지 시트라 355ml 24캔 | 우리 34,570 → 네이버 비추(28,000)
✓ [gmarket] 몬스터 에너지 그린 355ml 24캔 | 우리 34,570 → 네이버 비추(28,000)
✓ [11st] 알리오 초미니 미니브릭 PD20W 고속충전 맥세이프 보조배터리 500 | 우리 20,900 → 네이버 추천(28,310)
✓ [11st] 미 끄 럼 방 지 무독성 인증 국내생산 무독성 미끄럼방지 쿠브 욕실화 | 우리 9,280 → 네이버 비슷(9,280)
✓ [11st] 여름에도 겨울에도 시원한 열무김치2kg | 우리 9,950 → 네이버 추천(13,900)
✓ [coupang] 웅진빅토리아 파인애플 탄산음료, 500ml, 20개 | 우리 10,760 → 네이버 비추(8,650)
✓ [coupang] 메디힐 비타 토닝 에센스 마스크팩 20ml, 1개입, 15개 | 우리 13,900 → 네이버 추천(16,980)
✓ [coupang] 코코도르 우드볼 차량용 디퓨저 50ml 2개입, 블랙체리, 2개 | 우리 15,800 → 네이버 추천(31,420)
✓ [coupang] 크라운 빅파이 딸기, 216g, 5개 | 우리 10,000 → 네이버 비추(9,290)
✓ [coupang] 햇살담은 장아찌 간장소스, 1.7L, 2개 | 우리 10,100 → 네이버 추천(12,060)
✓ [coupang] 매일두유 고단백 검은콩, 190ml, 24개 | 우리 18,190 → 네이버 비추(12,460)
✓ [coupang] 연세두유 뼈를 생각한 고칼슘 호두 앤 아몬드, 190ml, 24개 | 우리 12,400 → 네이버 비슷(12,400)
✓ [coupang] 마운트하겐 유기농 디카페인 원두커피믹스, 100g, 1개입, 1개 | 우리 15,370 → 네이버 비슷(15,500)

판정 24/115 (21%) · DB기록 115건
✓ [gmarket] 환타 제로 오렌지 12캔+포도 6캔+파인 6캔 350ml (총 24캔 | 우리 15,290 → 네이버 비추(12,950)
✓ [gmarket] 스프라이트 킨 사이다 185ml 30캔+과일촌 청포도 드링크 175m | 우리 13,920 → 네이버 비추(13,410)
✓ [gmarket] 조지아 오리지널+카페라테 240ml 60캔 (각 30캔) | 우리 24,600 → 네이버 비슷(24,600)
✓ [gmarket] (타임특가 9+1팩더) 시크릿데이 NEW여름추천 린넨에어/블랙/러브  | 우리 23,590 → 네이버 비슷(23,570)
✓ [gmarket] 전통 도토리묵 400gx4팩+묵사발 육수 318gx4팩 /도토리묵밥묵 | 우리 9,940 → 네이버 비슷(9,940)
✓ [gmarket] 미닛메이드 토마토 1.5L 12페트 +(증정)쿠우 미니 쟁반 | 우리 29,210 → 네이버 비슷(29,190)
✓ [gmarket] 스프라이트 제로 위드 티 350ml 24캔 | 우리 17,860 → 네이버 비추(16,900)
✓ [gmarket] 코카콜라제로 350ml 24캔 | 우리 20,570 → 네이버 비추(12,360)
✓ [gmarket] 코카콜라 제로 300ml 24페트 (1박스) +(증정) 코카콜라 뷔  | 우리 20,420 → 네이버 비슷(20,400)
✓ [gmarket] 환타 오렌지 190ml 30캔 (1박스) +(증정)조앤프렌즈 메모지 | 우리 14,990 → 네이버 추천(28,620)
✓ [gmarket] 몬스터 에너지 그린 355ml 24캔 | 우리 34,570 → 네이버 비추(28,000)
✓ [gmarket] 몬스터 에너지 시트라 355ml 24캔 | 우리 34,570 → 네이버 비추(28,000)
✓ [11st] 알리오 초미니 미니브릭 PD20W 고속충전 맥세이프 보조배터리 500 | 우리 20,900 → 네이버 추천(28,310)
✓ [11st] 미 끄 럼 방 지 무독성 인증 국내생산 무독성 미끄럼방지 쿠브 욕실화 | 우리 9,280 → 네이버 비슷(9,280)
✓ [coupang] 웅진빅토리아 파인애플 탄산음료, 500ml, 20개 | 우리 10,760 → 네이버 비추(8,650)
✓ [coupang] 메디힐 비타 토닝 에센스 마스크팩 20ml, 1개입, 15개 | 우리 13,900 → 네이버 추천(16,980)
✓ [coupang] 코코도르 우드볼 차량용 디퓨저 50ml 2개입, 블랙체리, 2개 | 우리 15,800 → 네이버 추천(31,420)
✓ [coupang] 크라운 빅파이 딸기, 216g, 5개 | 우리 10,000 → 네이버 비추(9,290)
✓ [coupang] 햇살담은 장아찌 간장소스, 1.7L, 2개 | 우리 10,100 → 네이버 추천(12,060)
✓ [coupang] 매일두유 고단백 검은콩, 190ml, 24개 | 우리 18,190 → 네이버 비추(12,460)
✓ [coupang] 연세두유 뼈를 생각한 고칼슘 호두 앤 아몬드, 190ml, 24개 | 우리 12,400 → 네이버 비슷(12,400)

판정 21/118 (18%) · DB기록 118건
✓ [gmarket] (타임특가 9+1팩더) 시크릿데이 NEW여름추천 린넨에어/블랙/러브  | 우리 23,590 → 네이버 비슷(23,580)
✓ [gmarket] 전통 도토리묵 400gx4팩+묵사발 육수 318gx4팩 /도토리묵밥묵 | 우리 9,940 → 네이버 비슷(9,940)
✓ [gmarket] 미닛메이드 토마토 1.5L 12페트 +(증정)쿠우 미니 쟁반 | 우리 29,210 → 네이버 비슷(29,190)
✓ [gmarket] 스프라이트 제로 위드 티 350ml 24캔 | 우리 17,860 → 네이버 비추(16,900)
✓ [gmarket] 코카콜라제로 350ml 24캔 | 우리 20,570 → 네이버 비추(9,590)
✓ [gmarket] 코카콜라 제로 300ml 24페트 (1박스) +(증정) 코카콜라 뷔  | 우리 20,420 → 네이버 비슷(20,400)
✓ [gmarket] 환타 오렌지 190ml 30캔 (1박스) +(증정)조앤프렌즈 메모지 | 우리 14,990 → 네이버 추천(28,620)
✓ [11st] 한입 가득 진한 팥앙금 쑥개떡 50gx30개입 1.5kg 1팩 | 우리 14,900 → 네이버 추천(17,000)
✓ [11st] 뉴트로지나 레인바스 바디워시 473ml, 2개+에멀젼 88ml | 우리 13,900 → 네이버 비슷(13,900)
✓ [11st] 2개 이상구매 총 1.000원 할인 세이피 [1매입+1매입] 자외선차 | 우리 7,800 → 네이버 비추(7,630)
✓ [11st] 여름에도 겨울에도 시원한 열무김치2kg | 우리 9,950 → 네이버 추천(13,900)
✓ [11st] 품질보장 두결수산 남해안 활 돌문어 1KG [1~3미] | 우리 17,890 → 네이버 비슷(17,600)
✓ [coupang] 웅진빅토리아 파인애플 탄산음료, 500ml, 20개 | 우리 10,760 → 네이버 비추(8,650)
✓ [coupang] 메디힐 비타 토닝 에센스 마스크팩 20ml, 1개입, 15개 | 우리 13,900 → 네이버 추천(16,980)
✓ [coupang] 코코도르 우드볼 차량용 디퓨저 50ml 2개입, 블랙체리, 2개 | 우리 15,800 → 네이버 추천(31,420)
✓ [coupang] 크라운 빅파이 딸기, 216g, 5개 | 우리 10,000 → 네이버 비추(9,290)
✓ [coupang] 햇살담은 장아찌 간장소스, 1.7L, 2개 | 우리 10,100 → 네이버 추천(12,060)
✓ [coupang] 매일두유 고단백 검은콩, 190ml, 24개 | 우리 18,190 → 네이버 비추(12,460)
✓ [coupang] 연세두유 뼈를 생각한 고칼슘 호두 앤 아몬드, 190ml, 24개 | 우리 12,400 → 네이버 비슷(12,400)

판정 19/116 (16%) · DB기록 116건
✓ [gmarket] 코카콜라제로 + 환타제로파인 190ml 60캔(각 30캔) | 우리 21,030 → 네이버 비추(19,450)
✓ [gmarket] (신선집중) 경주시농협  이사금 10kg / 당일도정 25년 햅쌀 | 우리 29,890 → 네이버 추천(35,100)
✓ [gmarket] 미닛메이드 토마토 1.5L 12페트 +(증정)쿠우 미니 쟁반 | 우리 29,210 → 네이버 비슷(29,190)
✓ [gmarket] 스프라이트 제로 위드 티 350ml 24캔 | 우리 17,860 → 네이버 비추(16,900)
✓ [gmarket] 코카콜라제로 350ml 24캔 | 우리 20,570 → 네이버 비추(12,360)
✓ [gmarket] 코카콜라 제로 300ml 24페트 (1박스) +(증정) 코카콜라 뷔  | 우리 20,420 → 네이버 비슷(20,400)
✓ [gmarket] 환타 오렌지 190ml 30캔 (1박스) +(증정)조앤프렌즈 메모지 | 우리 14,990 → 네이버 추천(28,620)
✓ [11st] 뉴트로지나 레인바스 바디워시 473ml, 2개+에멀젼 88ml | 우리 13,900 → 네이버 비슷(13,900)
✓ [11st] 한입 가득 진한 팥앙금 쑥개떡 50gx30개입 1.5kg 1팩 | 우리 14,900 → 네이버 추천(17,000)
✓ [11st] 2개 이상구매 총 1.000원 할인 세이피 [1매입+1매입] 자외선차 | 우리 7,800 → 네이버 비추(7,630)
✓ [11st] 여름에도 겨울에도 시원한 열무김치2kg | 우리 9,950 → 네이버 추천(13,900)
✓ [coupang] 웅진빅토리아 파인애플 탄산음료, 500ml, 20개 | 우리 10,770 → 네이버 비추(8,650)
✓ [coupang] 메디힐 비타 토닝 에센스 마스크팩 20ml, 1개입, 15개 | 우리 13,900 → 네이버 추천(16,980)
✓ [coupang] 코코도르 우드볼 차량용 디퓨저 50ml 2개입, 블랙체리, 2개 | 우리 15,800 → 네이버 추천(31,420)
✓ [coupang] 크라운 빅파이 딸기, 216g, 5개 | 우리 10,000 → 네이버 비추(9,290)
✓ [coupang] 햇살담은 장아찌 간장소스, 1.7L, 2개 | 우리 10,100 → 네이버 추천(12,060)
✓ [coupang] 매일두유 고단백 검은콩, 190ml, 24개 | 우리 18,190 → 네이버 비추(12,460)
✓ [coupang] 연세두유 뼈를 생각한 고칼슘 호두 앤 아몬드, 190ml, 24개 | 우리 12,400 → 네이버 비슷(12,400)

판정 18/116 (16%) · DB기록 116건
✓ [gmarket] 코카콜라제로 + 환타제로파인 190ml 60캔(각 30캔) | 우리 21,030 → 네이버 비추(19,450)
✓ [gmarket] 코크제로제로+스프라이트제로350ml 48캔 (각 24캔) | 우리 23,930 → 네이버 비슷(23,930)
✓ [gmarket] (신선집중) 경주시농협  이사금 10kg / 당일도정 25년 햅쌀 | 우리 29,890 → 네이버 추천(33,890)
✓ [gmarket] 스프라이트 제로 위드 티 350ml 24캔 | 우리 17,860 → 네이버 비추(16,900)
✓ [gmarket] 미닛메이드 토마토 1.5L 12페트 +(증정)쿠우 미니 쟁반 | 우리 29,210 → 네이버 비슷(29,190)
✓ [gmarket] 코카콜라제로 350ml 24캔 | 우리 20,850 → 네이버 비추(12,360)
✓ [gmarket] 코카콜라 제로 300ml 24페트 (1박스) +(증정) 코카콜라 뷔  | 우리 20,420 → 네이버 비슷(20,400)
✓ [gmarket] 환타 오렌지 190ml 30캔 (1박스) +(증정)조앤프렌즈 메모지 | 우리 14,990 → 네이버 추천(28,620)
✓ [gmarket] 스프라이트 제로 350ml 24캔 +(증정) 스프라이트 플리츠컵 | 우리 17,860 → 네이버 비슷(17,840)
✓ [11st] [1개+1개] 홈365 국산 16A 일반 멀티탭 2구 0.7m | 우리 8,780 → 네이버 비추(3,240)
✓ [11st] 여름에도 겨울에도 시원한 열무김치2kg | 우리 9,950 → 네이버 추천(13,900)
✓ [11st] 이스트밸리 자연치즈 트리플 슈레드 피자치즈 1kg | 우리 13,920 → 네이버 비슷(13,920)
✓ [coupang] 웅진빅토리아 파인애플 탄산음료, 500ml, 20개 | 우리 10,770 → 네이버 비추(8,650)
✓ [coupang] 메디힐 비타 토닝 에센스 마스크팩 20ml, 1개입, 15개 | 우리 13,900 → 네이버 추천(16,980)
✓ [coupang] 코코도르 우드볼 차량용 디퓨저 50ml 2개입, 블랙체리, 2개 | 우리 15,800 → 네이버 추천(24,220)
✓ [coupang] 크라운 빅파이 딸기, 216g, 5개 | 우리 10,000 → 네이버 비추(9,290)
✓ [coupang] 햇살담은 장아찌 간장소스, 1.7L, 2개 | 우리 10,100 → 네이버 추천(12,060)
✓ [coupang] 매일두유 고단백 검은콩, 190ml, 24개 | 우리 18,190 → 네이버 비추(12,460)
✓ [coupang] 연세두유 뼈를 생각한 고칼슘 호두 앤 아몬드, 190ml, 24개 | 우리 12,400 → 네이버 비슷(12,400)

판정 19/117 (16%) · DB기록 117건
✓ [gmarket] 스프라이트제로+암바사제로 350ml 48캔 (각 24캔) | 우리 23,660 → 네이버 비슷(23,660)
✓ [gmarket] (신선집중) 경주시농협  이사금 10kg / 당일도정 25년 햅쌀 | 우리 29,890 → 네이버 추천(33,890)
✓ [gmarket] 미닛메이드 토마토 1.5L 12페트 +(증정)쿠우 미니 쟁반 | 우리 18,430 → 네이버 추천(29,190)
✓ [gmarket] 스프라이트 제로 위드 티 350ml 24캔 | 우리 17,860 → 네이버 비추(16,900)
✓ [gmarket] 코카콜라제로 350ml 24캔 | 우리 20,850 → 네이버 비추(12,360)
✓ [gmarket] 코카콜라 제로 300ml 24페트 (1박스) +(증정) 코카콜라 뷔  | 우리 20,420 → 네이버 비슷(20,400)
✓ [gmarket] 스프라이트 제로 350ml 24캔 +(증정) 스프라이트 플리츠컵 | 우리 17,860 → 네이버 비슷(17,840)
✓ [gmarket] 환타 오렌지 190ml 30캔 (1박스) +(증정)조앤프렌즈 메모지 | 우리 14,990 → 네이버 추천(28,620)
✓ [gmarket] 환타 제로 파인 190ml 30캔 (1박스) +(증정)조앤프렌즈 메모 | 우리 15,220 → 네이버 비슷(15,200)
✓ [11st] [1개+1개] 홈365 국산 16A 일반 멀티탭 2구 0.7m | 우리 8,780 → 네이버 비추(3,240)
✓ [11st] 이스트밸리 자연치즈 트리플 슈레드 피자치즈 1kg | 우리 13,920 → 네이버 비슷(13,920)
✓ [11st] 여름에도 겨울에도 시원한 열무김치2kg | 우리 9,950 → 네이버 추천(13,900)
✓ [coupang] 웅진빅토리아 파인애플 탄산음료, 500ml, 20개 | 우리 10,770 → 네이버 비추(8,650)
✓ [coupang] 메디힐 비타 토닝 에센스 마스크팩 20ml, 1개입, 15개 | 우리 13,900 → 네이버 추천(16,980)
✓ [coupang] 코코도르 우드볼 차량용 디퓨저 50ml 2개입, 블랙체리, 2개 | 우리 15,800 → 네이버 추천(24,220)
✓ [coupang] 크라운 빅파이 딸기, 216g, 5개 | 우리 10,000 → 네이버 비추(9,290)
✓ [coupang] 햇살담은 장아찌 간장소스, 1.7L, 2개 | 우리 10,100 → 네이버 추천(12,060)
✓ [coupang] 매일두유 고단백 검은콩, 190ml, 24개 | 우리 18,190 → 네이버 비추(12,460)
✓ [coupang] 연세두유 뼈를 생각한 고칼슘 호두 앤 아몬드, 190ml, 24개 | 우리 12,400 → 네이버 비슷(12,400)

판정 19/118 (16%) · DB기록 118건
✓ [gmarket] (신선집중) 경주시농협  이사금 10kg / 당일도정 25년 햅쌀 | 우리 29,890 → 네이버 추천(33,890)
✓ [gmarket] 웰치스 제로 355ml 총 24캔 (포도 12캔+샤인머스캣 6캔+애플 | 우리 16,700 → 네이버 비슷(16,500)
✓ [gmarket] (1+1 런칭특가)리코셀 PDRN 에어리 쿨링 선크림 50ml SPF | 우리 13,900 → 네이버 비추(12,900)
✓ [gmarket] (신선집중) 바다마을 푸르른 완도 활전복  대왕특대 6-7미 1kg  | 우리 21,650 → 네이버 비슷(21,640)
✓ [gmarket] 더미식 밥알이 살아있는 백미밥 200g 24개 | 우리 21,250 → 네이버 비슷(21,300)
✓ [gmarket] (신선집중) 한상궁김치 겉절이 2kg / 출고당일생산 | 우리 10,880 → 네이버 비슷(10,880)
✓ [11st] Gery 크런치롤 초코바 12개+12개 | 우리 11,120 → 네이버 추천(11,700)
✓ [11st] 이스트밸리 자연치즈 트리플 슈레드 피자치즈 1kg | 우리 13,920 → 네이버 비슷(13,920)
✓ [11st] 르젠 BLDC 앱연동 리모컨 초절전 선풍기, LZEF-DC250 | 우리 74,900 → 네이버 비추(69,000)
✓ [11st] 아이리버 무선 블루투스 6.0 커널형 이어폰 ANC ENC 노이즈캔슬 | 우리 34,700 → 네이버 추천(44,800)
✓ [11st] [바디랩] 아임귀리두유, 24팩, 2박스 | 우리 23,900 → 네이버 비추(17,890)
✓ [coupang] 웅진빅토리아 파인애플 탄산음료, 500ml, 20개 | 우리 10,770 → 네이버 비추(8,650)
✓ [coupang] 메디힐 비타 토닝 에센스 마스크팩 20ml, 1개입, 15개 | 우리 13,900 → 네이버 추천(16,980)
✓ [coupang] 코코도르 우드볼 차량용 디퓨저 50ml 2개입, 블랙체리, 2개 | 우리 15,800 → 네이버 추천(24,220)
✓ [coupang] 크라운 빅파이 딸기, 216g, 5개 | 우리 10,000 → 네이버 비추(9,290)
✓ [coupang] 햇살담은 장아찌 간장소스, 1.7L, 2개 | 우리 10,100 → 네이버 추천(12,060)
✓ [coupang] 매일두유 고단백 검은콩, 190ml, 24개 | 우리 18,190 → 네이버 비추(12,460)
✓ [coupang] 마운트하겐 유기농 디카페인 원두커피믹스, 100g, 1개입, 1개 | 우리 15,370 → 네이버 비슷(15,500)

판정 18/110 (16%) · DB기록 110건
✓ [gmarket] (신선집중) 경주시농협  이사금 10kg / 당일도정 25년 햅쌀 | 우리 29,890 → 네이버 추천(33,890)
✓ [gmarket] 웰치스 제로 355ml 총 24캔 (포도 12캔+샤인머스캣 6캔+애플 | 우리 16,700 → 네이버 비슷(16,500)
✓ [gmarket] (1+1 런칭특가)리코셀 PDRN 에어리 쿨링 선크림 50ml SPF | 우리 13,900 → 네이버 비추(12,900)
✓ [gmarket] (신선집중) 바다마을 푸르른 완도 활전복  대왕특대 6-7미 1kg  | 우리 21,650 → 네이버 비슷(21,640)
✓ [gmarket] (신선집중) 한상궁김치 겉절이 2kg / 출고당일생산 | 우리 10,880 → 네이버 비슷(10,880)
✓ [11st] Gery 크런치롤 초코바 12개+12개 | 우리 11,120 → 네이버 추천(11,700)
✓ [11st] 이스트밸리 자연치즈 트리플 슈레드 피자치즈 1kg | 우리 13,920 → 네이버 비슷(13,920)
✓ [11st] 단 1회 착유 고기중독 단1회착유 통참깨 진심 참기름 350ml+35 | 우리 12,890 → 네이버 추천(17,700)
✓ [11st] 오리온 고소미 70g, 5개 + 오리온샌드 나 77g, 5개 | 우리 10,400 → 네이버 추천(20,000)
✓ [coupang] 웅진빅토리아 파인애플 탄산음료, 500ml, 20개 | 우리 10,770 → 네이버 비추(8,650)
✓ [coupang] 메디힐 비타 토닝 에센스 마스크팩 20ml, 1개입, 15개 | 우리 13,900 → 네이버 추천(16,980)
✓ [coupang] 코코도르 우드볼 차량용 디퓨저 50ml 2개입, 블랙체리, 2개 | 우리 15,800 → 네이버 추천(24,220)
✓ [coupang] 크라운 빅파이 딸기, 216g, 5개 | 우리 10,000 → 네이버 비추(9,290)
✓ [coupang] 햇살담은 장아찌 간장소스, 1.7L, 2개 | 우리 10,100 → 네이버 추천(12,060)
✓ [coupang] 매일두유 고단백 검은콩, 190ml, 24개 | 우리 18,190 → 네이버 비추(12,460)
✓ [coupang] 마운트하겐 유기농 디카페인 원두커피믹스, 100g, 1개입, 1개 | 우리 15,370 → 네이버 비슷(15,500)

판정 16/109 (15%) · DB기록 109건
✓ [gmarket] (신선집중) 경주시농협  이사금 10kg / 당일도정 25년 햅쌀 | 우리 29,890 → 네이버 추천(33,890)
✓ [gmarket] 웰치스 제로 355ml 총 24캔 (포도 12캔+샤인머스캣 6캔+애플 | 우리 16,700 → 네이버 비슷(16,500)
✓ [gmarket] (1+1 런칭특가)리코셀 PDRN 에어리 쿨링 선크림 50ml SPF | 우리 13,900 → 네이버 비추(12,900)
✓ [gmarket] (신선집중) 바다마을 푸르른 완도 활전복  대왕특대 6-7미 1kg  | 우리 21,650 → 네이버 비슷(21,640)
✓ [gmarket] (신선집중) 한상궁김치 겉절이 2kg / 출고당일생산 | 우리 10,880 → 네이버 비슷(10,880)
✓ [11st] Gery 크런치롤 초코바 12개+12개 | 우리 11,120 → 네이버 추천(11,700)
✓ [11st] 이스트밸리 자연치즈 트리플 슈레드 피자치즈 1kg | 우리 13,920 → 네이버 비슷(13,920)
✓ [11st] 단 1회 착유 고기중독 단1회착유 통참깨 진심 참기름 350ml+35 | 우리 12,890 → 네이버 추천(17,700)
✓ [11st] 르젠 BLDC 앱연동 리모컨 초절전 선풍기, LZEF-DC250 | 우리 74,900 → 네이버 비추(69,000)
✓ [11st] 오리온 고소미 70g, 5개 + 오리온샌드 나 77g, 5개 | 우리 10,400 → 네이버 추천(20,000)
✓ [coupang] 웅진빅토리아 파인애플 탄산음료, 500ml, 20개 | 우리 10,770 → 네이버 비추(8,650)
✓ [coupang] 메디힐 비타 토닝 에센스 마스크팩 20ml, 1개입, 15개 | 우리 13,900 → 네이버 추천(16,980)
✓ [coupang] 코코도르 우드볼 차량용 디퓨저 50ml 2개입, 블랙체리, 2개 | 우리 15,800 → 네이버 추천(24,220)
✓ [coupang] 크라운 빅파이 딸기, 216g, 5개 | 우리 10,000 → 네이버 비추(9,290)
✓ [coupang] 햇살담은 장아찌 간장소스, 1.7L, 2개 | 우리 10,100 → 네이버 추천(12,060)
✓ [coupang] 매일두유 고단백 검은콩, 190ml, 24개 | 우리 18,190 → 네이버 비추(12,460)
✓ [coupang] 마운트하겐 유기농 디카페인 원두커피믹스, 100g, 1개입, 1개 | 우리 15,370 → 네이버 비슷(15,500)

판정 17/109 (16%) · DB기록 109건
✓ [gmarket] (신선집중) 경주시농협  이사금 10kg / 당일도정 25년 햅쌀 | 우리 29,890 → 네이버 추천(33,890)
✓ [gmarket] 웰치스 제로 355ml 총 24캔 (포도 12캔+샤인머스캣 6캔+애플 | 우리 16,700 → 네이버 비슷(16,500)
✓ [gmarket] (1+1 런칭특가)리코셀 PDRN 에어리 쿨링 선크림 50ml SPF | 우리 13,900 → 네이버 비추(12,900)
✓ [gmarket] (신선집중) 바다마을 푸르른 완도 활전복  대왕특대 6-7미 1kg  | 우리 21,650 → 네이버 비슷(21,640)
✓ [gmarket] (신선집중) 한상궁김치 겉절이 2kg / 출고당일생산 | 우리 10,880 → 네이버 비슷(10,880)
✓ [11st] Gery 크런치롤 초코바 12개+12개 | 우리 11,120 → 네이버 추천(11,700)
✓ [11st] 이스트밸리 자연치즈 트리플 슈레드 피자치즈 1kg | 우리 13,920 → 네이버 비슷(13,920)
✓ [11st] 단 1회 착유 고기중독 단1회착유 통참깨 진심 참기름 350ml+35 | 우리 12,890 → 네이버 추천(17,700)
✓ [11st] 100년 전통 테일러 명가 [딥초코증정] 푸룬 딥워터 180mL x  | 우리 18,000 → 네이버 추천(19,350)
✓ [11st] 오리온 고소미 70g, 5개 + 오리온샌드 나 77g, 5개 | 우리 10,400 → 네이버 추천(20,000)
✓ [coupang] 웅진빅토리아 파인애플 탄산음료, 500ml, 20개 | 우리 10,770 → 네이버 비추(8,650)
✓ [coupang] 메디힐 비타 토닝 에센스 마스크팩 20ml, 1개입, 15개 | 우리 13,900 → 네이버 추천(16,980)
✓ [coupang] 코코도르 우드볼 차량용 디퓨저 50ml 2개입, 블랙체리, 2개 | 우리 15,800 → 네이버 추천(31,420)
✓ [coupang] 크라운 빅파이 딸기, 216g, 5개 | 우리 10,000 → 네이버 비추(9,290)
✓ [coupang] 햇살담은 장아찌 간장소스, 1.7L, 2개 | 우리 10,100 → 네이버 추천(12,060)
✓ [coupang] 매일두유 고단백 검은콩, 190ml, 24개 | 우리 18,190 → 네이버 비추(12,460)
✓ [coupang] 마운트하겐 유기농 디카페인 원두커피믹스, 100g, 1개입, 1개 | 우리 15,370 → 네이버 비슷(15,500)

판정 17/109 (16%) · DB기록 109건
✓ [gmarket] (신선집중) 경주시농협  이사금 10kg / 당일도정 25년 햅쌀 | 우리 29,890 → 네이버 추천(33,890)
✓ [gmarket] 웰치스 제로 355ml 총 24캔 (포도 12캔+샤인머스캣 6캔+애플 | 우리 16,700 → 네이버 비슷(16,500)
✓ [gmarket] (1+1 런칭특가)리코셀 PDRN 에어리 쿨링 선크림 50ml SPF | 우리 13,900 → 네이버 비추(12,900)
✓ [gmarket] (신선집중) 바다마을 푸르른 완도 활전복  대왕특대 6-7미 1kg  | 우리 21,650 → 네이버 비슷(21,640)
✓ [gmarket] (신선집중) 한상궁김치 겉절이 2kg / 출고당일생산 | 우리 10,880 → 네이버 비슷(10,880)
✓ [11st] Gery 크런치롤 초코바 12개+12개 | 우리 11,120 → 네이버 추천(11,700)
✓ [11st] 이스트밸리 자연치즈 트리플 슈레드 피자치즈 1kg | 우리 13,920 → 네이버 비슷(13,920)
✓ [11st] 단 1회 착유 고기중독 단1회착유 통참깨 진심 참기름 350ml+35 | 우리 12,890 → 네이버 추천(17,700)
✓ [11st] 100년 전통 테일러 명가 [딥초코증정] 푸룬 딥워터 180mL x  | 우리 18,000 → 네이버 추천(19,350)
✓ [11st] 오리온 고소미 70g, 5개 + 오리온샌드 나 77g, 5개 | 우리 10,400 → 네이버 추천(20,000)
✓ [coupang] 스타벅스 카페모먼트 스무스 커피 + 그린 머그 세트, 1.2g, 50 | 우리 24,700 → 네이버 비슷(24,700)
✓ [coupang] 제오닉 블랙 김장 김치통 원핸들, 2L, 4개 | 우리 15,000 → 네이버 추천(20,100)
✓ [coupang] 연세우유 소화가 잘되는 우유 고칼슘, 180ml, 16개 | 우리 13,900 → 네이버 비슷(13,900)
✓ [coupang] 아이엠소스 토스트소스, 500g, 1개 | 우리 10,000 → 네이버 비추(7,400)
✓ [coupang] 반찬단지 신선한 낙지가 입맛 살리는 낙지젓, 500g, 1개 | 우리 14,100 → 네이버 추천(18,410)
✓ [coupang] 프랭크버거 오리지널 소고기 패티 (냉동), 800g, 1개 | 우리 10,990 → 네이버 비슷(10,930)

판정 16/107 (15%) · DB기록 107건
✓ [gmarket] 쿤달 소프트앤클린 이중미세모 칫솔 부드러운모 12개입 /국내생산 | 우리 10,500 → 네이버 추천(11,500)
✓ [gmarket] 불스원 매직그립 안티포그 스프레이형 김서림방지제 300ml(김서림방지 | 우리 15,800 → 네이버 추천(28,200)
✓ [gmarket] (1+1 런칭특가)리코셀 PDRN 에어리 쿨링 선크림 50ml SPF | 우리 13,900 → 네이버 비추(12,900)
✓ [gmarket] (신선집중) 바다마을 푸르른 완도 활전복  대왕특대 6-7미 1kg  | 우리 21,650 → 네이버 비슷(21,640)
✓ [gmarket] (신선집중) 한상궁김치 겉절이 2kg / 출고당일생산 | 우리 10,880 → 네이버 비슷(10,880)
✓ [11st] Gery 크런치롤 초코바 12개+12개 | 우리 11,120 → 네이버 추천(11,700)
✓ [11st] 이스트밸리 자연치즈 트리플 슈레드 피자치즈 1kg | 우리 13,920 → 네이버 비슷(13,920)
✓ [11st] 단 1회 착유 고기중독 단1회착유 통참깨 진심 참기름 350ml+35 | 우리 12,890 → 네이버 추천(17,700)
✓ [11st] 르젠 BLDC 앱연동 리모컨 초절전 선풍기, LZEF-DC250 | 우리 74,900 → 네이버 비추(69,000)
✓ [11st] 오리온 고소미 70g, 5개 + 오리온샌드 나 77g, 5개 | 우리 10,400 → 네이버 추천(20,000)
✓ [coupang] 스타벅스 카페모먼트 스무스 커피 + 그린 머그 세트, 1.2g, 50 | 우리 24,700 → 네이버 비슷(24,700)
✓ [coupang] 제오닉 블랙 김장 김치통 원핸들, 2L, 4개 | 우리 15,000 → 네이버 추천(20,100)
✓ [coupang] 연세우유 소화가 잘되는 우유 고칼슘, 180ml, 16개 | 우리 13,900 → 네이버 비슷(13,900)
✓ [coupang] 아이엠소스 토스트소스, 500g, 1개 | 우리 10,000 → 네이버 비추(7,400)
✓ [coupang] 반찬단지 신선한 낙지가 입맛 살리는 낙지젓, 500g, 1개 | 우리 14,100 → 네이버 추천(18,410)
✓ [coupang] 프랭크버거 오리지널 소고기 패티 (냉동), 800g, 1개 | 우리 10,990 → 네이버 비슷(10,930)

판정 16/107 (15%) · DB기록 107건
✓ [gmarket] 쿤달 소프트앤클린 이중미세모 칫솔 부드러운모 12개입 /국내생산 | 우리 10,500 → 네이버 비슷(10,500)
✓ [gmarket] (1+1)불스원 매직그립 안티포그 스프레이형 김서림방지제 300ml( | 우리 15,800 → 네이버 추천(20,300)
✓ [gmarket] (1+1+런칭이벤트증정)리코셀 PDRN 에어리 쿨링 선크림 50ml  | 우리 13,900 → 네이버 비추(12,900)
✓ [gmarket] (신선집중) 바다마을 푸르른 완도 활전복  대왕특대 6-7미 1kg  | 우리 21,650 → 네이버 비슷(21,640)
✓ [gmarket] (신선집중) 한상궁김치 겉절이 2kg / 출고당일생산 | 우리 10,880 → 네이버 비슷(10,880)
✓ [11st] 코나에코홈 IPX8 직수형 프리미엄 비데 ICON-5200A | 우리 86,900 → 네이버 비추(84,990)
✓ [11st] 국내산 완숙 찰 토마토 5kg 중소과 | 우리 11,350 → 네이버 비추(6,900)
✓ [11st] 함초소금+ 생강채+소스 증정 [대한민국농수산] 국내산 자포니카 민물장 | 우리 22,610 → 네이버 비추(20,900)
✓ [11st] 이스트밸리 자연치즈 트리플 슈레드 피자치즈 1kg | 우리 13,920 → 네이버 비슷(13,920)
✓ [coupang] 스타벅스 카페모먼트 스무스 커피 + 그린 머그 세트, 1.2g, 50 | 우리 24,700 → 네이버 비슷(24,700)
✓ [coupang] 제오닉 블랙 김장 김치통 원핸들, 2L, 4개 | 우리 15,000 → 네이버 추천(20,100)
✓ [coupang] 연세우유 소화가 잘되는 우유 고칼슘, 180ml, 16개 | 우리 13,900 → 네이버 비슷(13,970)
✓ [coupang] 아이엠소스 토스트소스, 500g, 1개 | 우리 10,000 → 네이버 비추(7,400)
✓ [coupang] 반찬단지 신선한 낙지가 입맛 살리는 낙지젓, 500g, 1개 | 우리 14,100 → 네이버 추천(18,410)
✓ [coupang] 프랭크버거 오리지널 소고기 패티 (냉동), 800g, 1개 | 우리 10,990 → 네이버 비슷(10,930)

판정 15/114 (13%) · DB기록 114건
✓ [gmarket] (타임딜) 멸균우유 200ml 24입+24입 (2박스) | 우리 21,900 → 네이버 비추(12,890)
✓ [gmarket] (최저가 개당 9900원대)코코도르 고체형 탈취제 300g 대용량 구 | 우리 24,900 → 네이버 추천(25,770)
✓ [gmarket] 로투스 비스코프 샌드 비스코프크림 12개 1320g | 우리 16,800 → 네이버 추천(17,920)
✓ [gmarket] (1+1+런칭이벤트증정)리코셀 PDRN 에어리 쿨링 선크림 50ml  | 우리 13,900 → 네이버 추천(15,100)
✓ [gmarket] (신선집중) 바다마을 푸르른 완도 활전복  대왕특대 6-7미 1kg  | 우리 21,650 → 네이버 비슷(21,640)
✓ [gmarket] (신선집중) 한상궁김치 겉절이 2kg / 출고당일생산 | 우리 10,880 → 네이버 비슷(10,880)
✓ [11st] 코나에코홈 IPX8 직수형 프리미엄 비데 ICON-5200A | 우리 86,900 → 네이버 비추(84,990)
✓ [11st] 국내산 완숙 찰 토마토 5kg 중소과 | 우리 11,350 → 네이버 비추(6,900)
✓ [11st] 함초소금+ 생강채+소스 증정 [대한민국농수산] 국내산 자포니카 민물장 | 우리 22,610 → 네이버 비추(20,900)
✓ [11st] 이스트밸리 자연치즈 트리플 슈레드 피자치즈 1kg | 우리 13,920 → 네이버 비슷(13,920)
✓ [coupang] 스타벅스 카페모먼트 스무스 커피 + 그린 머그 세트, 1.2g, 50 | 우리 24,700 → 네이버 비슷(24,700)
✓ [coupang] 제오닉 블랙 김장 김치통 원핸들, 2L, 4개 | 우리 15,000 → 네이버 추천(20,100)
✓ [coupang] 연세우유 소화가 잘되는 우유 고칼슘, 180ml, 16개 | 우리 13,900 → 네이버 비슷(13,970)
✓ [coupang] 아이엠소스 토스트소스, 500g, 1개 | 우리 10,000 → 네이버 비추(7,400)
✓ [coupang] 반찬단지 신선한 낙지가 입맛 살리는 낙지젓, 500g, 1개 | 우리 14,100 → 네이버 추천(18,410)
✓ [coupang] 프랭크버거 오리지널 소고기 패티 (냉동), 800g, 1개 | 우리 10,990 → 네이버 비슷(10,930)

판정 16/115 (14%) · DB기록 115건
✓ [gmarket] (타임딜) 멸균우유 200ml 24입+24입 (2박스) | 우리 21,900 → 네이버 비추(12,890)
✓ [gmarket] 로투스 비스코프 샌드 비스코프크림 12개 1320g | 우리 16,800 → 네이버 비슷(16,800)
✓ [gmarket] (최저가 개당 9900원대)코코도르 고체형 탈취제 300g 대용량 구 | 우리 24,900 → 네이버 추천(25,770)
✓ [gmarket] (1+1+런칭이벤트증정)리코셀 PDRN 에어리 쿨링 선크림 50ml  | 우리 13,900 → 네이버 추천(15,100)
✓ [gmarket] (신선집중) 바다마을 푸르른 완도 활전복  대왕특대 6-7미 1kg  | 우리 21,650 → 네이버 비슷(21,640)
✓ [gmarket] (신선집중) 한상궁김치 겉절이 2kg / 출고당일생산 | 우리 10,880 → 네이버 비슷(10,880)
✓ [11st] 명태잡는날 명태회무침 400g | 우리 10,900 → 네이버 비추(6,900)
✓ [11st] 진짜 갈비살로 만든 인생 떡갈비 400g 3봉 | 우리 14,950 → 네이버 추천(22,420)
✓ [11st] 함초소금+ 생강채+소스 증정 [대한민국농수산] 국내산 자포니카 민물장 | 우리 22,610 → 네이버 비추(20,900)
✓ [11st] 공식판매 / 1년 무상보증기간 오므론 HEM-7142T2 가정용 자동 | 우리 76,900 → 네이버 비추(74,600)
✓ [11st] 이스트밸리 자연치즈 트리플 슈레드 피자치즈 1kg | 우리 13,920 → 네이버 비슷(13,920)
✓ [11st] 방문설치 (최대혜택 355,310) 캐리어 냉동고 194L 저소음 유 | 우리 389,840 → 네이버 비슷(389,840)
✓ [11st] 여름철별미, 명태회 속초식 명태회무침 1kg (함량 70%) 냉면 고 | 우리 18,900 → 네이버 비추(13,200)
✓ [coupang] 스타벅스 카페모먼트 스무스 커피 + 그린 머그 세트, 1.2g, 50 | 우리 24,700 → 네이버 비슷(24,700)
✓ [coupang] 제오닉 블랙 김장 김치통 원핸들, 2L, 4개 | 우리 15,000 → 네이버 추천(20,100)
✓ [coupang] 연세우유 소화가 잘되는 우유 고칼슘, 180ml, 16개 | 우리 13,900 → 네이버 비슷(13,970)
✓ [coupang] 아이엠소스 토스트소스, 500g, 1개 | 우리 10,000 → 네이버 비추(7,400)
✓ [coupang] 프랭크버거 오리지널 소고기 패티 (냉동), 800g, 1개 | 우리 10,990 → 네이버 비슷(10,930)

판정 18/111 (16%) · DB기록 111건
✓ [gmarket] (타임딜) 멸균우유 200ml 24입+24입 (2박스) | 우리 21,900 → 네이버 비추(12,890)
✓ [gmarket] 로투스 비스코프 샌드 비스코프크림 12개 1320g | 우리 16,800 → 네이버 비슷(16,800)
✓ [gmarket] (최저가 개당 9900원대)코코도르 고체형 탈취제 300g 대용량 구 | 우리 24,900 → 네이버 추천(25,770)
✓ [gmarket] (1+1+런칭이벤트증정)리코셀 PDRN 에어리 쿨링 선크림 50ml  | 우리 13,900 → 네이버 추천(15,100)
✓ [gmarket] (신선집중) 바다마을 푸르른 완도 활전복  대왕특대 6-7미 1kg  | 우리 21,650 → 네이버 비슷(21,640)
✓ [gmarket] (신선집중) 한상궁김치 겉절이 2kg / 출고당일생산 | 우리 10,880 → 네이버 비슷(10,880)
✓ [11st] 진짜 갈비살로 만든 인생 떡갈비 400g 3봉 | 우리 14,950 → 네이버 추천(22,420)
✓ [11st] 명태잡는날 명태회무침 400g | 우리 10,900 → 네이버 비추(6,900)
✓ [11st] 함초소금+ 생강채+소스 증정 [대한민국농수산] 국내산 자포니카 민물장 | 우리 22,610 → 네이버 비추(20,900)
✓ [11st] 공식판매 / 1년 무상보증기간 오므론 HEM-7142T2 가정용 자동 | 우리 76,900 → 네이버 비추(69,500)
✓ [11st] 여름철별미, 명태회 속초식 명태회무침 1kg (함량 70%) 냉면 고 | 우리 18,900 → 네이버 비추(13,200)
✓ [11st] 이스트밸리 자연치즈 트리플 슈레드 피자치즈 1kg | 우리 13,920 → 네이버 비슷(13,920)
✓ [11st] 방문설치 (최대혜택 402,630) 캐리어CRK 냉장고 302L KR | 우리 441,760 → 네이버 추천(476,100)
✓ [11st] 락앤락 김치통 3p 증정 (최대혜택 406,640) 캐리어 모드비 김 | 우리 446,160 → 네이버 추천(498,900)
✓ [coupang] 스타벅스 카페모먼트 스무스 커피 + 그린 머그 세트, 1.2g, 50 | 우리 24,700 → 네이버 비슷(24,700)
✓ [coupang] 제오닉 블랙 김장 김치통 원핸들, 2L, 4개 | 우리 15,000 → 네이버 추천(20,100)
✓ [coupang] 연세우유 소화가 잘되는 우유 고칼슘, 180ml, 16개 | 우리 13,900 → 네이버 비슷(13,970)
✓ [coupang] 아이엠소스 토스트소스, 500g, 1개 | 우리 10,000 → 네이버 비추(7,400)
✓ [coupang] 프랭크버거 오리지널 소고기 패티 (냉동), 800g, 1개 | 우리 10,990 → 네이버 비슷(10,930)

판정 19/111 (17%) · DB기록 111건
✓ [gmarket] (타임딜) 멸균우유 200ml 24입+24입 (2박스) | 우리 21,900 → 네이버 비추(12,890)
✓ [gmarket] 로투스 비스코프 샌드 비스코프크림 12개 1320g | 우리 16,800 → 네이버 비슷(16,800)
✓ [gmarket] (최저가 개당 9900원대)코코도르 고체형 탈취제 300g 대용량 구 | 우리 24,900 → 네이버 추천(25,770)
✓ [gmarket] (1+1+런칭이벤트증정)리코셀 PDRN 에어리 쿨링 선크림 50ml  | 우리 13,900 → 네이버 추천(15,100)
✓ [gmarket] (신선집중) 바다마을 푸르른 완도 활전복  대왕특대 6-7미 1kg  | 우리 21,650 → 네이버 비슷(21,640)
✓ [gmarket] (신선집중) 한상궁김치 겉절이 2kg / 출고당일생산 | 우리 10,880 → 네이버 비슷(10,880)
✓ [11st] 함초소금+ 생강채+소스 증정 [대한민국농수산] 국내산 자포니카 민물장 | 우리 22,610 → 네이버 비추(20,900)
✓ [11st] 이스트밸리 자연치즈 트리플 슈레드 피자치즈 1kg | 우리 13,920 → 네이버 비슷(13,920)
✓ [11st] 방문설치 (최대혜택 402,630) 캐리어CRK 냉장고 302L KR | 우리 441,760 → 네이버 추천(476,100)
✓ [11st] [신상품] 프롬비 터보 바디팬 FG265 레인저카키 | 우리 29,800 → 네이버 추천(39,800)
✓ [coupang] 스타벅스 카페모먼트 스무스 커피 + 그린 머그 세트, 1.2g, 50 | 우리 24,700 → 네이버 비슷(24,700)
✓ [coupang] 제오닉 블랙 김장 김치통 원핸들, 2L, 4개 | 우리 15,000 → 네이버 추천(20,100)
✓ [coupang] 연세우유 소화가 잘되는 우유 고칼슘, 180ml, 16개 | 우리 13,900 → 네이버 비슷(13,970)
✓ [coupang] 아이엠소스 토스트소스, 500g, 1개 | 우리 10,000 → 네이버 비추(7,400)
✓ [coupang] 프랭크버거 오리지널 소고기 패티 (냉동), 800g, 1개 | 우리 10,990 → 네이버 비슷(10,930)

판정 15/112 (13%) · DB기록 112건
✓ [gmarket] (타임딜) 멸균우유 200ml 24입+24입 (2박스) | 우리 21,900 → 네이버 비추(12,890)
✓ [gmarket] 로투스 비스코프 샌드 비스코프크림 12개 1320g | 우리 16,800 → 네이버 추천(17,920)
✓ [gmarket] (최저가 개당 9900원대)코코도르 고체형 탈취제 300g 대용량 구 | 우리 24,900 → 네이버 추천(25,770)
✓ [gmarket] (1+1+런칭이벤트증정)리코셀 PDRN 에어리 쿨링 선크림 50ml  | 우리 13,900 → 네이버 추천(15,100)
✓ [gmarket] (신선집중) 바다마을 푸르른 완도 활전복  대왕특대 6-7미 1kg  | 우리 21,650 → 네이버 비슷(21,640)
✓ [gmarket] (신선집중) 한상궁김치 겉절이 2kg / 출고당일생산 | 우리 10,880 → 네이버 비슷(10,880)
✓ [11st] 함초소금+ 생강채+소스 증정 [대한민국농수산] 국내산 자포니카 민물장 | 우리 22,610 → 네이버 비추(20,900)
✓ [11st] 그레인랩 든든한 21곡 미숫가루 두유 190ml, 40팩, 1개 | 우리 13,900 → 네이버 추천(16,100)
✓ [11st] 그레인랩 검은콩고칼슘 블랙9곡두유 190ml, 40개입, 1개 | 우리 13,900 → 네이버 추천(16,100)
✓ [11st] 이스트밸리 자연치즈 트리플 슈레드 피자치즈 1kg | 우리 13,920 → 네이버 비슷(13,920)
✓ [11st] [신상품] 프롬비 터보 바디팬 FG265 레인저카키 | 우리 29,800 → 네이버 추천(39,800)
✓ [coupang] 스타벅스 카페모먼트 스무스 커피 + 그린 머그 세트, 1.2g, 50 | 우리 24,700 → 네이버 비슷(24,700)
✓ [coupang] 제오닉 블랙 김장 김치통 원핸들, 2L, 4개 | 우리 15,000 → 네이버 추천(20,100)
✓ [coupang] 연세우유 소화가 잘되는 우유 고칼슘, 180ml, 16개 | 우리 13,900 → 네이버 비슷(13,970)
✓ [coupang] 아이엠소스 토스트소스, 500g, 1개 | 우리 10,000 → 네이버 비추(7,400)
✓ [coupang] 프랭크버거 오리지널 소고기 패티 (냉동), 800g, 1개 | 우리 10,990 → 네이버 비슷(10,930)

판정 16/112 (14%) · DB기록 112건
✓ [gmarket] (타임딜) 멸균우유 200ml 24입+24입 (2박스) | 우리 21,900 → 네이버 비추(12,890)
✓ [gmarket] 로투스 비스코프 샌드 비스코프크림 12개 1320g | 우리 16,800 → 네이버 추천(17,920)
✓ [gmarket] (최저가 개당 9900원대)코코도르 고체형 탈취제 300g 대용량 구 | 우리 24,900 → 네이버 추천(25,770)
✓ [gmarket] (1+1+런칭이벤트증정)리코셀 PDRN 에어리 쿨링 선크림 50ml  | 우리 13,900 → 네이버 추천(15,100)
✓ [gmarket] (신선집중) 바다마을 푸르른 완도 활전복  대왕특대 6-7미 1kg  | 우리 21,650 → 네이버 비슷(21,640)
✓ [gmarket] (신선집중) 한상궁김치 겉절이 2kg / 출고당일생산 | 우리 10,880 → 네이버 비슷(10,880)
✓ [11st] 펩시 제로슈거 라임향 제로카페인 210ml, 30개 | 우리 14,900 → 네이버 비슷(15,100)
✓ [11st] 휴대용 전동믹서기 단백질쉐이커 650ml 텀블러 | 우리 17,030 → 네이버 추천(29,100)
✓ [ohou] 오드앵글 26년형 BLDC 저소음 14인치 스탠드 무드등 선풍기 | 우리 78,900 → 네이버 비추(67,150)
✓ [ohou] 리프홈 프리미엄 규조토 세라믹 원형 칫솔꽂이 3P세트 | 우리 21,492 → 네이버 추천(39,800)
✓ [coupang] 스타벅스 카페모먼트 스무스 커피 + 그린 머그 세트, 1.2g, 50 | 우리 24,700 → 네이버 비슷(24,700)
✓ [coupang] 제오닉 블랙 김장 김치통 원핸들, 2L, 4개 | 우리 15,000 → 네이버 추천(20,100)
✓ [coupang] 연세우유 소화가 잘되는 우유 고칼슘, 180ml, 16개 | 우리 13,900 → 네이버 비슷(13,970)
✓ [coupang] 아이엠소스 토스트소스, 500g, 1개 | 우리 10,000 → 네이버 비추(7,400)
✓ [coupang] 프랭크버거 오리지널 소고기 패티 (냉동), 800g, 1개 | 우리 10,990 → 네이버 비슷(10,930)

판정 15/121 (12%) · DB기록 121건
✓ [gmarket] (타임딜) 멸균우유 200ml 24입+24입 (2박스) | 우리 21,900 → 네이버 비추(12,890)
✓ [gmarket] 로투스 비스코프 샌드 비스코프크림 12개 1320g | 우리 16,800 → 네이버 추천(17,920)
✓ [gmarket] (최저가 개당 9900원대)코코도르 고체형 탈취제 300g 대용량 구 | 우리 24,900 → 네이버 추천(25,770)
✓ [gmarket] (1+1+런칭이벤트증정)리코셀 PDRN 에어리 쿨링 선크림 50ml  | 우리 13,900 → 네이버 추천(15,100)
✓ [gmarket] (신선집중) 바다마을 푸르른 완도 활전복  대왕특대 6-7미 1kg  | 우리 21,650 → 네이버 비슷(21,640)
✓ [gmarket] (신선집중) 한상궁김치 겉절이 2kg / 출고당일생산 | 우리 10,880 → 네이버 비슷(10,880)
✓ [11st] 마켓오 리얼브라우니, 20g, 12입, 2개 + 크림치즈 브라우니 1 | 우리 16,900 → 네이버 추천(18,650)
✓ [ohou] 오드앵글 26년형 BLDC 저소음 14인치 스탠드 무드등 선풍기 | 우리 78,900 → 네이버 비추(67,150)
✓ [ohou] 리프홈 프리미엄 규조토 세라믹 원형 칫솔꽂이 3P세트 | 우리 21,492 → 네이버 추천(39,800)
✓ [coupang] 스타벅스 카페모먼트 스무스 커피 + 그린 머그 세트, 1.2g, 50 | 우리 24,700 → 네이버 비슷(24,700)
✓ [coupang] 제오닉 블랙 김장 김치통 원핸들, 2L, 4개 | 우리 15,000 → 네이버 추천(20,100)
✓ [coupang] 연세우유 소화가 잘되는 우유 고칼슘, 180ml, 16개 | 우리 13,900 → 네이버 비슷(13,970)
✓ [coupang] 아이엠소스 토스트소스, 500g, 1개 | 우리 10,000 → 네이버 비추(7,400)
✓ [coupang] 팁코 토마토 주스, 3개, 1L | 우리 11,900 → 네이버 추천(12,900)

판정 14/119 (12%) · DB기록 119건
✓ [gmarket] (타임딜) 멸균우유 200ml 24입+24입 (2박스) | 우리 21,900 → 네이버 비추(12,890)
✓ [gmarket] 로투스 비스코프 샌드 비스코프크림 12개 1320g | 우리 16,800 → 네이버 추천(17,920)
✓ [gmarket] (최저가 개당 9900원대)코코도르 고체형 탈취제 300g 대용량 구 | 우리 24,900 → 네이버 추천(25,770)
✓ [gmarket] (1+1+런칭이벤트증정)리코셀 PDRN 에어리 쿨링 선크림 50ml  | 우리 13,900 → 네이버 추천(15,100)
✓ [gmarket] (신선집중) 바다마을 푸르른 완도 활전복  대왕특대 6-7미 1kg  | 우리 21,650 → 네이버 비슷(21,640)
✓ [gmarket] (신선집중) 한상궁김치 겉절이 2kg / 출고당일생산 | 우리 10,880 → 네이버 비슷(10,880)
✓ [11st] 뽀득뽀득 순한 타입 (총4개)리코셀 트러블 진정+저자극 클렌징폼 22 | 우리 11,610 → 네이버 비추(11,120)
✓ [ohou] 오드앵글 26년형 BLDC 저소음 14인치 스탠드 무드등 선풍기 | 우리 78,900 → 네이버 비추(67,150)
✓ [ohou] 리프홈 프리미엄 규조토 세라믹 원형 칫솔꽂이 3P세트 | 우리 21,492 → 네이버 추천(39,800)
✓ [coupang] 스타벅스 카페모먼트 스무스 커피 + 그린 머그 세트, 1.2g, 50 | 우리 24,700 → 네이버 비슷(24,700)
✓ [coupang] 제오닉 블랙 김장 김치통 원핸들, 2L, 4개 | 우리 15,000 → 네이버 추천(20,100)
✓ [coupang] 연세우유 소화가 잘되는 우유 고칼슘, 180ml, 16개 | 우리 13,900 → 네이버 비슷(13,970)
✓ [coupang] 아이엠소스 토스트소스, 500g, 1개 | 우리 10,000 → 네이버 비추(7,400)
✓ [coupang] 팁코 토마토 주스, 3개, 1L | 우리 11,900 → 네이버 추천(12,900)

판정 14/116 (12%) · DB기록 116건
✓ [gmarket] 키스틱 400g+400g 2세트 총 64개입 | 우리 12,500 → 네이버 비추(11,970)
✓ [gmarket] (7/15쇼츠딜_22%쿠폰_추가사은품) 오스템 뷰센 더블와이드 칫솔  | 우리 15,300 → 네이버 추천(17,260)
✓ [gmarket] 대건명가 돼지국밥 630g 5팩 사은품 (양념장 소금) 증정 | 우리 22,020 → 네이버 비추(20,800)
✓ [11st] 1+1 쉴드플러스 에어쿠션 IPX8 프리미엄 방수팩 | 우리 5,900 → 네이버 추천(7,570)
✓ [11st] [1+1] 테라피카 비오틴 탈모증상완화 샴푸 1000ml | 우리 18,900 → 네이버 비추(17,900)
✓ [ohou] 오드앵글 26년형 BLDC 저소음 14인치 스탠드 무드등 선풍기 | 우리 78,900 → 네이버 비추(67,150)
✓ [coupang] 롯데제과 와 아이스크림 (냉동), 190ml, 1개입, 16개 | 우리 16,320 → 네이버 추천(21,800)
✓ [coupang] 이디야커피연구소 아이스 아메리카노, 1L, 6개 | 우리 19,900 → 네이버 비슷(19,900)
✓ [coupang] 대학두유 서리태 오리지널 두유, 190ml, 15개 | 우리 20,000 → 네이버 추천(39,540)
✓ [coupang] 명품조선막창 오븐에 구운 돼지막창 400g + 소스 100g 세트 ( | 우리 11,500 → 네이버 추천(15,850)

판정 10/124 (8%) · DB기록 124건
✓ [gmarket] 키스틱 400g+400g 2세트 총 64개입 | 우리 12,500 → 네이버 비추(11,970)
✓ [gmarket] (7/15쇼츠딜_22%쿠폰_추가사은품) 오스템 뷰센 더블와이드 칫솔  | 우리 15,300 → 네이버 추천(17,260)
✓ [gmarket] 대건명가 돼지국밥 630g 5팩 사은품 (양념장 소금) 증정 | 우리 22,020 → 네이버 비추(20,800)
✓ [11st] 1+1 쉴드플러스 에어쿠션 IPX8 프리미엄 방수팩 | 우리 5,900 → 네이버 추천(7,570)
✓ [11st] [1+1] 테라피카 비오틴 탈모증상완화 샴푸 1000ml | 우리 18,900 → 네이버 비추(17,900)
✓ [ohou] 오드앵글 26년형 BLDC 저소음 14인치 스탠드 무드등 선풍기 | 우리 78,900 → 네이버 비추(67,150)
✓ [coupang] 롯데제과 와 아이스크림 (냉동), 190ml, 1개입, 16개 | 우리 16,400 → 네이버 추천(21,800)
✓ [coupang] 이디야커피연구소 아이스 아메리카노, 1L, 6개 | 우리 19,900 → 네이버 비슷(19,900)
✓ [coupang] 대학두유 서리태 오리지널 두유, 190ml, 15개 | 우리 20,000 → 네이버 추천(39,540)
✓ [coupang] 명품조선막창 오븐에 구운 돼지막창 400g + 소스 100g 세트 ( | 우리 11,500 → 네이버 추천(15,850)

판정 10/123 (8%) · DB기록 123건
✓ [gmarket] 키스틱 400g+400g 2세트 총 64개입 | 우리 12,500 → 네이버 비추(11,970)
✓ [gmarket] (7/15쇼츠딜_22%쿠폰_추가사은품) 오스템 뷰센 더블와이드 칫솔  | 우리 15,300 → 네이버 추천(17,260)
✓ [gmarket] 대건명가 돼지국밥 630g 5팩 사은품 (양념장 소금) 증정 | 우리 22,020 → 네이버 비추(20,800)
✓ [11st] 엘빈즈 이유식 중기1 골고루 10팩/20팩/30팩 | 우리 26,550 → 네이버 비슷(26,550)
✓ [11st] 알바레즈 엑스트라 버진 올리브오일 1L/스페인 피쿠알 | 우리 19,920 → 네이버 추천(25,400)
✓ [11st] 불 맛 제대로 낸 을지로 연탄불고기 4팩 | 우리 12,950 → 네이버 비슷(12,950)
✓ [11st] 뽀득뽀득 순한 타입 (총4개)리코셀 트러블 진정+저자극 클렌징폼 22 | 우리 11,610 → 네이버 비추(11,120)
✓ [ohou] 오드앵글 26년형 BLDC 저소음 14인치 스탠드 무드등 선풍기 | 우리 78,900 → 네이버 비추(67,150)
✓ [coupang] 롯데제과 와 아이스크림 (냉동), 190ml, 1개입, 16개 | 우리 16,400 → 네이버 추천(21,800)
✓ [coupang] 이디야커피연구소 아이스 아메리카노, 1L, 6개 | 우리 19,900 → 네이버 비슷(19,900)
✓ [coupang] 대학두유 서리태 오리지널 두유, 190ml, 15개 | 우리 20,000 → 네이버 추천(39,540)
✓ [coupang] 명품조선막창 오븐에 구운 돼지막창 400g + 소스 100g 세트 ( | 우리 11,500 → 네이버 추천(15,850)

판정 12/124 (10%) · DB기록 124건
✓ [gmarket] 키스틱 400g+400g 2세트 총 64개입 | 우리 12,500 → 네이버 비추(11,970)
✓ [gmarket] 바이오코어 피부면역 유산균 30포 3박스(3개월) | 우리 25,900 → 네이버 추천(29,900)
✓ [gmarket] (7/15쇼츠딜_22%쿠폰_추가사은품) 오스템 뷰센 더블와이드 칫솔  | 우리 15,300 → 네이버 추천(17,260)
✓ [gmarket] 대건명가 돼지국밥 630g 5팩 사은품 (양념장 소금) 증정 | 우리 22,020 → 네이버 비추(20,800)
✓ [11st] 엘빈즈 이유식 중기1 골고루 10팩/20팩/30팩 | 우리 26,550 → 네이버 비슷(26,550)
✓ [11st] 알바레즈 엑스트라 버진 올리브오일 1L/스페인 피쿠알 | 우리 19,920 → 네이버 추천(25,400)
✓ [11st] 불 맛 제대로 낸 을지로 연탄불고기 4팩 | 우리 12,950 → 네이버 비슷(12,950)
✓ [11st] 뽀득뽀득 순한 타입 (총4개)리코셀 트러블 진정+저자극 클렌징폼 22 | 우리 11,610 → 네이버 비추(11,120)
✓ [ohou] 오드앵글 26년형 BLDC 저소음 14인치 스탠드 무드등 선풍기 | 우리 78,900 → 네이버 비추(67,150)
✓ [coupang] 롯데제과 와 아이스크림 (냉동), 190ml, 1개입, 16개 | 우리 16,400 → 네이버 추천(21,800)
✓ [coupang] 이디야커피연구소 아이스 아메리카노, 1L, 6개 | 우리 19,900 → 네이버 비슷(19,900)
✓ [coupang] 대학두유 서리태 오리지널 두유, 190ml, 15개 | 우리 20,000 → 네이버 추천(39,540)
✓ [coupang] 명품조선막창 오븐에 구운 돼지막창 400g + 소스 100g 세트 ( | 우리 11,500 → 네이버 추천(15,850)

판정 13/122 (11%) · DB기록 122건
✓ [gmarket] 키스틱 400g+400g 2세트 총 64개입 | 우리 12,500 → 네이버 비추(11,970)
✓ [gmarket] 바이오코어 피부면역 유산균 30포 3박스(3개월) | 우리 25,900 → 네이버 추천(29,900)
✓ [gmarket] (7/15쇼츠딜_22%쿠폰_추가사은품) 오스템 뷰센 더블와이드 칫솔  | 우리 15,300 → 네이버 추천(17,260)
✓ [gmarket] 대건명가 돼지국밥 630g 5팩 사은품 (양념장 소금) 증정 | 우리 22,020 → 네이버 비추(20,800)
✓ [11st] [본사직영] 위닉스 뽀송 1등급 인버터 제습기 20L | 우리 414,440 → 네이버 비추(399,000)
✓ [11st] 본사 마데카 멜라캡처 앰플 패드 본품60매+리필 60매 | 우리 22,900 → 네이버 비추(10,900)
✓ [11st] 일상미당 제주해풍쑥 콩쑥개떡 60g x 16알 | 우리 9,630 → 네이버 추천(12,260)
✓ [11st] 차별화 된 고품격 고당도 감귤 [첫출하] 제주농협 귤로장생 하우스감귤 | 우리 18,800 → 네이버 비추(17,700)
✓ [11st] 불 맛 제대로 낸 을지로 연탄불고기 4팩 | 우리 12,950 → 네이버 비슷(12,950)
✓ [ohou] 리프홈 프리미엄 규조토 세라믹 원형 칫솔꽂이 3P세트 | 우리 21,492 → 네이버 추천(39,800)
✓ [ohou] 오드앵글 26년형 BLDC 저소음 14인치 스탠드 무드등 선풍기 | 우리 78,900 → 네이버 비추(67,150)
✓ [coupang] 롯데제과 와 아이스크림 (냉동), 190ml, 1개입, 16개 | 우리 16,400 → 네이버 추천(21,800)
✓ [coupang] 이디야커피연구소 아이스 아메리카노, 1L, 6개 | 우리 19,900 → 네이버 비슷(19,900)
✓ [coupang] 대학두유 서리태 오리지널 두유, 190ml, 15개 | 우리 20,000 → 네이버 추천(39,540)
✓ [coupang] 명품조선막창 오븐에 구운 돼지막창 400g + 소스 100g 세트 ( | 우리 11,500 → 네이버 추천(15,850)

판정 15/123 (12%) · DB기록 123건
✓ [gmarket] 키스틱 400g+400g 2세트 총 64개입 | 우리 12,500 → 네이버 비추(11,970)
✓ [gmarket] 바이오코어 피부면역 유산균 30포 3박스(3개월) | 우리 25,900 → 네이버 추천(29,900)
✓ [gmarket] (7/15쇼츠딜_22%쿠폰_추가사은품) 오스템 뷰센 더블와이드 칫솔  | 우리 15,300 → 네이버 추천(17,260)
✓ [gmarket] 대건명가 돼지국밥 630g 5팩 사은품 (양념장 소금) 증정 | 우리 22,020 → 네이버 비추(20,800)
✓ [11st] [본사직영] 위닉스 뽀송 1등급 인버터 제습기 20L | 우리 349,000 → 네이버 추천(399,000)
✓ [11st] 일상미당 제주해풍쑥 콩쑥개떡 60g x 16알 | 우리 9,630 → 네이버 추천(12,260)
✓ [11st] 본사 마데카 멜라캡처 앰플 패드 본품60매+리필 60매 | 우리 22,900 → 네이버 비추(10,900)
✓ [11st] 차별화 된 고품격 고당도 감귤 [첫출하] 제주농협 귤로장생 하우스감귤 | 우리 18,800 → 네이버 비추(17,700)
✓ [11st] 불 맛 제대로 낸 을지로 연탄불고기 4팩 | 우리 12,950 → 네이버 비슷(12,950)
✓ [11st] [일동생활건강] 비오비타 배배 골드 유산균 30포, 1개 | 우리 19,500 → 네이버 추천(21,900)
✓ [ohou] 리프홈 프리미엄 규조토 세라믹 원형 칫솔꽂이 3P세트 | 우리 21,492 → 네이버 추천(39,800)
✓ [ohou] 오드앵글 26년형 BLDC 저소음 14인치 스탠드 무드등 선풍기 | 우리 78,900 → 네이버 비추(67,150)
✓ [coupang] 롯데제과 와 아이스크림 (냉동), 190ml, 1개입, 16개 | 우리 16,400 → 네이버 추천(21,800)
✓ [coupang] 이디야커피연구소 아이스 아메리카노, 1L, 6개 | 우리 19,900 → 네이버 비슷(19,900)
✓ [coupang] 대학두유 서리태 오리지널 두유, 190ml, 15개 | 우리 20,000 → 네이버 추천(39,540)
✓ [coupang] 명품조선막창 오븐에 구운 돼지막창 400g + 소스 100g 세트 ( | 우리 11,500 → 네이버 추천(15,850)

판정 16/124 (13%) · DB기록 124건
✓ [gmarket] 키스틱 400g+400g 2세트 총 64개입 | 우리 12,500 → 네이버 비추(11,970)
✓ [gmarket] 바이오코어 피부면역 유산균 30포 3박스(3개월) | 우리 25,900 → 네이버 추천(29,900)
✓ [gmarket] (7/15쇼츠딜_22%쿠폰_추가사은품) 오스템 뷰센 더블와이드 칫솔  | 우리 15,300 → 네이버 추천(17,260)
✓ [gmarket] 대건명가 돼지국밥 630g 5팩 사은품 (양념장 소금) 증정 | 우리 22,020 → 네이버 비추(20,800)
✓ [11st] [공식정품]?우르오스 지복합성 올인원 스킨로션?200ml | 우리 22,700 → 네이버 비추(15,530)
✓ [11st] 마이카페라떼 로어슈거 라떼 10개+헤이즐넛라떼 10개 | 우리 19,900 → 네이버 비추(10,480)
✓ [11st] 쿨링 샴푸 스와니브 맥주효모 비오틴 대용량 비듬관리 탈모샴푸 3개 | 우리 23,310 → 네이버 비추(19,900)
✓ [coupang] 롯데제과 와 아이스크림 (냉동), 190ml, 1개입, 16개 | 우리 16,400 → 네이버 추천(21,800)
✓ [coupang] 이디야커피연구소 아이스 아메리카노, 1L, 6개 | 우리 19,900 → 네이버 비슷(19,900)
✓ [coupang] 대학두유 서리태 오리지널 두유, 190ml, 15개 | 우리 20,000 → 네이버 추천(39,540)
✓ [coupang] 명품조선막창 오븐에 구운 돼지막창 400g + 소스 100g 세트 ( | 우리 11,500 → 네이버 추천(15,850)

판정 11/112 (10%) · DB기록 112건
✓ [gmarket] 키스틱 400g+400g 2세트 총 64개입 | 우리 12,500 → 네이버 비추(11,970)
✓ [gmarket] 바이오코어 피부면역 유산균 30포 3박스(3개월) | 우리 25,900 → 네이버 추천(29,900)
✓ [gmarket] (7/15쇼츠딜_22%쿠폰_추가사은품) 오스템 뷰센 더블와이드 칫솔  | 우리 15,300 → 네이버 추천(17,260)
✓ [gmarket] 대건명가 돼지국밥 630g 5팩 사은품 (양념장 소금) 증정 | 우리 22,020 → 네이버 비추(20,800)
✓ [11st] 마이카페라떼 로어슈거 라떼 10개+헤이즐넛라떼 10개 | 우리 19,900 → 네이버 비추(10,480)
✓ [11st] [공식정품]?우르오스 지복합성 올인원 스킨로션?200ml | 우리 22,700 → 네이버 비추(15,530)
✓ [11st] 종근당건강 공식 (ALL NEW) 락토핏 골드 50포 6통 (300일 | 우리 59,940 → 네이버 비추(36,670)
✓ [11st] 100억CFU 크리스찬한센 유산균 펨 도피러스 알엑스 100억 여성  | 우리 58,970 → 네이버 추천(62,900)
✓ [11st] 부드럽고 촉촉한 한성 크래미H 90g x 20개 | 우리 16,990 → 네이버 추천(18,720)
✓ [11st] 궁극의 엔진코팅 [내일도착][1+1]불스원 불스파워 엔진코팅제 익스트 | 우리 31,250 → 네이버 비추(19,800)
✓ [11st] 종근당건강 공식 락토핏 코어 (ALL NEW) 60포 3통 (180일 | 우리 25,830 → 네이버 추천(30,180)
✓ [11st] 똑똑한 스마트 5IN1 충전 스카이 필 5in1 LCD 고속충전 22 | 우리 16,990 → 네이버 추천(19,990)
✓ [11st] (1+1 런칭특가)리코셀 PDRN 에어리 쿨링 선크림 50ml SPF | 우리 13,900 → 네이버 추천(15,100)
✓ [11st] 부드럽고 촉촉한 한성 와일드 크래미 180g x 5개 | 우리 11,000 → 네이버 비추(10,670)
✓ [11st] 쟈뎅공식운영 쟈뎅 아메리카노 아이스티+수박+망고에이드 1.5Lx3개 | 우리 10,950 → 네이버 추천(15,910)
✓ [coupang] 롯데제과 와 아이스크림 (냉동), 190ml, 1개입, 16개 | 우리 16,400 → 네이버 추천(21,800)
✓ [coupang] 이디야커피연구소 아이스 아메리카노, 1L, 6개 | 우리 19,900 → 네이버 비슷(19,900)
✓ [coupang] 대학두유 서리태 오리지널 두유, 190ml, 15개 | 우리 20,000 → 네이버 추천(39,540)
✓ [coupang] 명품조선막창 오븐에 구운 돼지막창 400g + 소스 100g 세트 ( | 우리 11,500 → 네이버 추천(15,850)

판정 19/112 (17%) · DB기록 112건
✓ [gmarket] 키스틱 400g+400g 2세트 총 64개입 | 우리 12,500 → 네이버 비추(11,970)
✓ [gmarket] 바이오코어 피부면역 유산균 30포 3박스(3개월) | 우리 25,900 → 네이버 추천(29,900)
✓ [gmarket] (7/15쇼츠딜_22%쿠폰_추가사은품) 오스템 뷰센 더블와이드 칫솔  | 우리 15,300 → 네이버 추천(17,260)
✓ [gmarket] 대건명가 돼지국밥 630g 5팩 사은품 (양념장 소금) 증정 | 우리 22,020 → 네이버 비추(20,800)
✓ [11st] 마이카페라떼 로어슈거 라떼 10개+헤이즐넛라떼 10개 | 우리 19,900 → 네이버 비추(10,480)
✓ [11st] [공식정품]?우르오스 지복합성 올인원 스킨로션?200ml | 우리 22,700 → 네이버 비추(15,530)
✓ [11st] 종근당건강 공식 (ALL NEW) 락토핏 골드 50포 6통 (300일 | 우리 59,940 → 네이버 비추(36,670)
✓ [11st] 100억CFU 크리스찬한센 유산균 펨 도피러스 알엑스 100억 여성  | 우리 58,970 → 네이버 추천(62,900)
✓ [11st] 부드럽고 촉촉한 한성 크래미H 90g x 20개 | 우리 16,990 → 네이버 추천(18,720)
✓ [11st] 궁극의 엔진코팅 [내일도착][1+1]불스원 불스파워 엔진코팅제 익스트 | 우리 31,250 → 네이버 비추(19,800)
✓ [11st] 종근당건강 공식 락토핏 코어 (ALL NEW) 60포 3통 (180일 | 우리 25,830 → 네이버 추천(30,180)
✓ [11st] 똑똑한 스마트 5IN1 충전 스카이 필 5in1 LCD 고속충전 22 | 우리 16,990 → 네이버 추천(19,990)
✓ [11st] (1+1 런칭특가)리코셀 PDRN 에어리 쿨링 선크림 50ml SPF | 우리 13,900 → 네이버 추천(15,100)
✓ [11st] 부드럽고 촉촉한 한성 와일드 크래미 180g x 5개 | 우리 11,000 → 네이버 비추(10,670)
✓ [11st] 쟈뎅공식운영 쟈뎅 아메리카노 아이스티+수박+망고에이드 1.5Lx3개 | 우리 10,950 → 네이버 추천(15,910)
✓ [coupang] 롯데제과 와 아이스크림 (냉동), 190ml, 1개입, 16개 | 우리 16,400 → 네이버 추천(21,800)
✓ [coupang] 이디야커피연구소 아이스 아메리카노, 1L, 6개 | 우리 19,900 → 네이버 비슷(19,900)
✓ [coupang] 대학두유 서리태 오리지널 두유, 190ml, 15개 | 우리 20,000 → 네이버 추천(39,540)
✓ [coupang] 명품조선막창 오븐에 구운 돼지막창 400g + 소스 100g 세트 ( | 우리 11,500 → 네이버 추천(15,850)

판정 19/112 (17%) · DB기록 112건
✓ [gmarket] (깜짝)상하목장 유기농 멸균우유 200ml 48팩 | 우리 35,700 → 네이버 비슷(35,700)
✓ [gmarket] 망고 스테인리스 건조 필터없는 IPX5 방수 직수 비데 MB-1814 | 우리 99,900 → 네이버 비슷(100,900)
✓ [gmarket] 여수식 가오리무침 500g  탱글함을 살린 비법숙성  여수멸치육수의  | 우리 15,550 → 네이버 비추(15,210)
✓ [gmarket] 리치부어스트 1.5kg | 우리 19,900 → 네이버 추천(21,500)
✓ [gmarket] (1+1 런칭특가)리코셀 PDRN 에어리 쿨링 선크림 50ml (임상 | 우리 13,900 → 네이버 비추(13,200)
✓ [gmarket] 대건명가 돼지국밥 630g 5팩 사은품 (양념장 소금) 증정 | 우리 22,020 → 네이버 비추(20,800)
✓ [gmarket] 카프리썬 오렌지망고 20개+사과 10개 +오렌지 10개 + 사파리 1 | 우리 23,170 → 네이버 비슷(23,160)
✓ [gmarket] 깨끗한나라 순수시그니처 화장지 브라운 30m 30롤 2팩 + 스마일캐 | 우리 25,980 → 네이버 비추(24,700)
✓ [11st] 마이카페라떼 로어슈거 라떼 10개+헤이즐넛라떼 10개 | 우리 19,900 → 네이버 비추(10,480)
✓ [11st] [공식정품]?우르오스 지복합성 올인원 스킨로션?200ml | 우리 22,700 → 네이버 비추(15,530)
✓ [11st] 부드럽고 촉촉한 한성 크래미H 90g x 20개 | 우리 16,990 → 네이버 추천(18,720)
✓ [11st] 종근당건강 공식 락토핏 코어 (ALL NEW) 60포 3통 (180일 | 우리 25,830 → 네이버 추천(30,180)
✓ [11st] 100억CFU 크리스찬한센 유산균 펨 도피러스 알엑스 100억 여성  | 우리 58,970 → 네이버 추천(62,900)
✓ [11st] 종근당건강 공식 (ALL NEW) 락토핏 골드 50포 6통 (300일 | 우리 59,940 → 네이버 비추(36,670)
✓ [11st] 렌지조리로 간편하게 사조오양 불고기맛 후랑크 70g x 10개 | 우리 6,640 → 네이버 비추(6,400)
✓ [11st] 얼음 얼리기 7분이면 OK 신일 가정용 제빙기 미니 휴대용 사무실 얼 | 우리 99,000 → 네이버 비추(92,350)
✓ [11st] 똑똑한 스마트 5IN1 충전 스카이 필 5in1 LCD 고속충전 22 | 우리 16,990 → 네이버 추천(19,990)
✓ [11st] 부드럽고 촉촉한 한성 크래미H 90g x 10개 | 우리 9,900 → 네이버 비추(9,600)
✓ [11st] 궁극의 엔진코팅 [내일도착][1+1]불스원 불스파워 엔진코팅제 익스트 | 우리 31,250 → 네이버 비추(19,800)
✓ [coupang] 롯데제과 와 아이스크림 (냉동), 190ml, 1개입, 16개 | 우리 16,400 → 네이버 추천(21,800)
✓ [coupang] 이디야커피연구소 아이스 아메리카노, 1L, 6개 | 우리 19,900 → 네이버 비슷(19,900)
✓ [coupang] 대학두유 서리태 오리지널 두유, 190ml, 15개 | 우리 20,000 → 네이버 추천(39,540)
✓ [coupang] 명품조선막창 오븐에 구운 돼지막창 400g + 소스 100g 세트 ( | 우리 11,500 → 네이버 추천(15,850)

판정 23/113 (20%) · DB기록 113건
✓ [gmarket] (깜짝)상하목장 유기농 멸균우유 200ml 48팩 | 우리 35,700 → 네이버 비슷(35,700)
✓ [gmarket] 망고 스테인리스 건조 필터없는 IPX5 방수 직수 비데 MB-1814 | 우리 99,900 → 네이버 비슷(100,900)
✓ [gmarket] 여수식 가오리무침 500g  탱글함을 살린 비법숙성  여수멸치육수의  | 우리 15,550 → 네이버 비추(15,210)
✓ [gmarket] 리치부어스트 1.5kg | 우리 19,900 → 네이버 추천(21,500)
✓ [gmarket] (1+1 런칭특가)리코셀 PDRN 에어리 쿨링 선크림 50ml (임상 | 우리 13,900 → 네이버 비추(13,200)
✓ [gmarket] 대건명가 돼지국밥 630g 5팩 사은품 (양념장 소금) 증정 | 우리 22,020 → 네이버 비추(20,800)
✓ [gmarket] 카프리썬 오렌지망고 20개+사과 10개 +오렌지 10개 + 사파리 1 | 우리 23,170 → 네이버 비슷(23,160)
✓ [gmarket] 깨끗한나라 순수시그니처 화장지 브라운 30m 30롤 2팩 + 스마일캐 | 우리 25,980 → 네이버 비추(24,700)
✓ [11st] 마이카페라떼 로어슈거 라떼 10개+헤이즐넛라떼 10개 | 우리 19,900 → 네이버 비추(10,480)
✓ [11st] [공식정품]?우르오스 지복합성 올인원 스킨로션?200ml | 우리 22,700 → 네이버 비추(15,530)
✓ [11st] 차별화 된 고품격 고당도 감귤 [첫출하] 제주농협 귤로장생 하우스감귤 | 우리 20,870 → 네이버 비추(17,700)
✓ [11st] 부드럽고 촉촉한 한성 크래미H 90g x 20개 | 우리 16,990 → 네이버 추천(18,720)
✓ [11st] 종근당건강 공식 (ALL NEW) 락토핏 골드 50포 6통 (300일 | 우리 59,940 → 네이버 비추(36,670)
✓ [11st] 100억CFU 크리스찬한센 유산균 펨 도피러스 알엑스 100억 여성  | 우리 58,970 → 네이버 추천(62,900)
✓ [11st] 종근당건강 공식 락토핏 코어 (ALL NEW) 60포 3통 (180일 | 우리 25,830 → 네이버 추천(30,180)
✓ [11st] 부드럽고 촉촉한 한성 크래미H 90g x 10개 | 우리 9,900 → 네이버 비추(9,600)
✓ [11st] 렌지조리로 간편하게 사조오양 불고기맛 후랑크 70g x 10개 | 우리 6,640 → 네이버 비추(6,400)
✓ [11st] 100억CFU 크리스찬한센 유산균 펨 도피러스 알엑스 100억 여성  | 우리 29,990 → 네이버 추천(32,900)
✓ [11st] 똑똑한 스마트 5IN1 충전 스카이 필 5in1 LCD 고속충전 22 | 우리 16,990 → 네이버 추천(19,990)
✓ [coupang] 저온숙성한우 1등급 등심 구이용 (냉장), 200g, 1개 | 우리 14,710 → 네이버 비추(7,900)
✓ [coupang] 세브란스에이투 전용목장 단백우유, 125ml, 24개 | 우리 19,570 → 네이버 비추(18,400)
✓ [coupang] 흰다리새우살 노바시 새우 30미 튀김용 (냉동), 1개, 300g | 우리 8,990 → 네이버 비추(5,920)

판정 22/113 (19%) · DB기록 113건
✓ [gmarket] (신선집중) 미국산 목전지 슬라이스 500g x 4팩 (총2kg) | 우리 16,020 → 네이버 비슷(16,110)
✓ [gmarket] (1+1) 특 대왕 갈치 500g + 500g (총 1kg) 4~5지 | 우리 16,990 → 네이버 비추(7,560)
✓ [gmarket] (깜짝)매일 소화가 잘되는 멸균우유 190ml 48팩 | 우리 31,550 → 네이버 비슷(31,300)
✓ [gmarket] 리치부어스트 1.5kg | 우리 19,900 → 네이버 추천(21,500)
✓ [gmarket] (1+1 런칭특가)리코셀 PDRN 에어리 쿨링 선크림 50ml (임상 | 우리 13,900 → 네이버 비추(13,200)
✓ [gmarket] 대건명가 돼지국밥 630g 5팩 사은품 (양념장 소금) 증정 | 우리 22,020 → 네이버 비추(20,800)
✓ [gmarket] 카프리썬 오렌지망고 20개+사과 10개 +오렌지 10개 + 사파리 1 | 우리 23,170 → 네이버 비슷(23,160)
✓ [gmarket] 깨끗한나라 순수시그니처 화장지 브라운 30m 30롤 2팩 + 스마일캐 | 우리 25,980 → 네이버 비추(24,700)
✓ [11st] [공식정품]?우르오스 지복합성 올인원 스킨로션?200ml | 우리 22,700 → 네이버 비추(15,530)
✓ [11st] 마이카페라떼 로어슈거 라떼 10개+헤이즐넛라떼 10개 | 우리 19,900 → 네이버 비추(10,480)
✓ [11st] 차별화 된 고품격 고당도 감귤 [첫출하] 제주농협 귤로장생 하우스감귤 | 우리 20,870 → 네이버 비추(17,700)
✓ [11st] 부드럽고 촉촉한 한성 크래미H 90g x 20개 | 우리 16,990 → 네이버 추천(18,720)
✓ [11st] 100억CFU 크리스찬한센 유산균 펨 도피러스 알엑스 100억 여성  | 우리 29,990 → 네이버 추천(32,900)
✓ [11st] 종근당건강 공식 락토핏 코어 (ALL NEW) 60포 3통 (180일 | 우리 25,830 → 네이버 추천(30,180)
✓ [11st] 100억CFU 크리스찬한센 유산균 펨 도피러스 알엑스 100억 여성  | 우리 58,970 → 네이버 추천(62,900)
✓ [11st] 종근당건강 공식 (ALL NEW) 락토핏 골드 50포 6통 (300일 | 우리 59,940 → 네이버 비추(36,670)
✓ [11st] 부드럽고 촉촉한 한성 크래미H 90g x 10개 | 우리 9,900 → 네이버 비추(9,600)
✓ [11st] 똑똑한 스마트 5IN1 충전 스카이 필 5in1 LCD 고속충전 22 | 우리 16,990 → 네이버 추천(19,990)
✓ [11st] 렌지조리로 간편하게 사조오양 불고기맛 후랑크 70g x 10개 | 우리 6,640 → 네이버 비추(6,400)
✓ [coupang] 저온숙성한우 1등급 등심 구이용 (냉장), 200g, 1개 | 우리 14,710 → 네이버 비추(7,900)
✓ [coupang] 세브란스에이투 전용목장 단백우유, 125ml, 24개 | 우리 19,570 → 네이버 비추(18,400)
✓ [coupang] 흰다리새우살 노바시 새우 30미 튀김용 (냉동), 1개, 300g | 우리 8,990 → 네이버 비추(5,920)

판정 22/113 (19%) · DB기록 113건
✓ [gmarket] (신선집중) 미국산 목전지 슬라이스 500g x 4팩 (총2kg) | 우리 15,020 → 네이버 추천(21,780)
✓ [gmarket] (1+1) 특 대왕 갈치 500g + 500g (총 1kg) 4~5지 | 우리 16,990 → 네이버 비추(7,560)
✓ [gmarket] (깜짝)매일 소화가 잘되는 멸균우유 190ml 48팩 | 우리 31,550 → 네이버 비슷(31,300)
✓ [gmarket] 리치부어스트 1.5kg | 우리 19,900 → 네이버 추천(21,500)
✓ [gmarket] (1+1 런칭특가)리코셀 PDRN 에어리 쿨링 선크림 50ml (임상 | 우리 12,170 → 네이버 추천(13,200)
✓ [gmarket] 대건명가 돼지국밥 630g 5팩 사은품 (양념장 소금) 증정 | 우리 22,020 → 네이버 비추(20,800)
✓ [gmarket] 카프리썬 오렌지망고 20개+사과 10개 +오렌지 10개 + 사파리 1 | 우리 23,170 → 네이버 비슷(23,160)
✓ [11st] 차별화 된 고품격 고당도 감귤 [첫출하] 제주농협 귤로장생 하우스감귤 | 우리 20,870 → 네이버 비추(17,700)
✓ [11st] 부드럽고 촉촉한 한성 크래미H 90g x 20개 | 우리 16,990 → 네이버 추천(18,720)
✓ [11st] 종근당건강 공식 락토핏 코어 (ALL NEW) 60포 3통 (180일 | 우리 25,830 → 네이버 추천(30,180)
✓ [11st] 종근당건강 공식 (ALL NEW) 락토핏 골드 50포 6통 (300일 | 우리 59,940 → 네이버 비추(36,670)
✓ [11st] 100억CFU 크리스찬한센 유산균 펨 도피러스 알엑스 100억 여성  | 우리 29,990 → 네이버 추천(32,900)
✓ [11st] 100억CFU 크리스찬한센 유산균 펨 도피러스 알엑스 100억 여성  | 우리 58,970 → 네이버 추천(62,900)
✓ [11st] 부드럽고 촉촉한 한성 크래미H 90g x 10개 | 우리 9,900 → 네이버 비추(9,600)
✓ [coupang] 저온숙성한우 1등급 등심 구이용 (냉장), 200g, 1개 | 우리 14,710 → 네이버 비추(7,900)
✓ [coupang] 세브란스에이투 전용목장 단백우유, 125ml, 24개 | 우리 19,570 → 네이버 비추(18,400)
✓ [coupang] 흰다리새우살 노바시 새우 30미 튀김용 (냉동), 1개, 300g | 우리 8,990 → 네이버 비추(5,920)

판정 17/114 (15%) · DB기록 114건
✓ [gmarket] (신선집중) 미국산 목전지 슬라이스 500g x 4팩 (총2kg) | 우리 15,020 → 네이버 비슷(15,110)
✓ [gmarket] (1+1) 특 대왕 갈치 500g + 500g (총 1kg) 4~5지 | 우리 16,990 → 네이버 비추(7,560)
✓ [gmarket] (깜짝)매일 소화가 잘되는 멸균우유 190ml 48팩 | 우리 31,550 → 네이버 비슷(31,300)
✓ [gmarket] 리치부어스트 1.5kg | 우리 19,900 → 네이버 추천(21,500)
✓ [gmarket] (1+1 런칭특가)리코셀 PDRN 에어리 쿨링 선크림 50ml (임상 | 우리 12,170 → 네이버 추천(15,100)
✓ [gmarket] 스프라이트 킨사이다 185ml x 60캔 | 우리 19,590 → 네이버 비추(18,470)
✓ [gmarket] 카프리썬 오렌지망고 20개+사과 10개 +오렌지 10개 + 사파리 1 | 우리 23,170 → 네이버 비슷(23,160)
✓ [11st] 차별화 된 고품격 고당도 감귤 [첫출하] 제주농협 귤로장생 하우스감귤 | 우리 20,870 → 네이버 비추(17,700)
✓ [11st] 부드럽고 촉촉한 한성 크래미H 90g x 20개 | 우리 16,990 → 네이버 추천(18,720)
✓ [11st] 종근당건강 공식 락토핏 코어 (ALL NEW) 60포 3통 (180일 | 우리 25,830 → 네이버 추천(30,180)
✓ [11st] 100억CFU 크리스찬한센 유산균 펨 도피러스 알엑스 100억 여성  | 우리 29,990 → 네이버 추천(32,900)
✓ [11st] 100억CFU 크리스찬한센 유산균 펨 도피러스 알엑스 100억 여성  | 우리 58,970 → 네이버 추천(62,900)
✓ [11st] 종근당건강 공식 (ALL NEW) 락토핏 골드 50포 6통 (300일 | 우리 59,940 → 네이버 비추(36,670)
✓ [11st] 캘리포니아 허니듀 멜론 2수 개당 1.5kg내외(총3kg) | 우리 16,650 → 네이버 비슷(16,650)
✓ [11st] 부드럽고 촉촉한 한성 크래미H 90g x 10개 | 우리 9,900 → 네이버 비추(9,600)
✓ [coupang] 데니그리스 유기농 사과 식초, 1L, 1개 | 우리 11,610 → 네이버 비추(8,390)
✓ [coupang] 저온숙성한우 1등급 등심 구이용 (냉장), 200g, 1개 | 우리 14,710 → 네이버 비추(7,900)
✓ [coupang] 세브란스에이투 전용목장 단백우유, 125ml, 24개 | 우리 19,570 → 네이버 비추(18,400)
✓ [coupang] 흰다리새우살 노바시 새우 30미 튀김용 (냉동), 1개, 300g | 우리 8,990 → 네이버 비추(5,920)

판정 19/114 (17%) · DB기록 114건
✓ [gmarket] (신선집중) 미국산 목전지 슬라이스 500g x 4팩 (총2kg) | 우리 15,020 → 네이버 추천(17,720)
✓ [gmarket] (1+1) 특 대왕 갈치 500g + 500g (총 1kg) 4~5지 | 우리 16,990 → 네이버 비추(7,560)
✓ [gmarket] (깜짝)매일 소화가 잘되는 멸균우유 190ml 48팩 | 우리 31,550 → 네이버 비슷(31,300)
✓ [gmarket] 리치부어스트 1.5kg | 우리 19,900 → 네이버 추천(21,500)
✓ [gmarket] (1+1 런칭특가)리코셀 PDRN 에어리 쿨링 선크림 50ml (임상 | 우리 12,170 → 네이버 추천(15,100)
✓ [gmarket] 스프라이트 킨사이다 185ml x 60캔 | 우리 19,590 → 네이버 비추(18,470)
✓ [gmarket] 카프리썬 오렌지망고 20개+사과 10개 +오렌지 10개 + 사파리 1 | 우리 23,170 → 네이버 추천(45,200)
✓ [11st] 만토바 골든 엑스트라버진 올리브오일 1L | 우리 19,920 → 네이버 추천(21,470)
✓ [11st] 덴마크 테이크 얼라이브 48개 자몽/망고/청포도/오렌지 | 우리 14,900 → 네이버 추천(15,760)
✓ [11st] 부산우유 멸균우유 초코우유 190ml, 24개 | 우리 14,970 → 네이버 비추(13,070)
✓ [11st] 차별화 된 고품격 고당도 감귤 [첫출하] 제주농협 귤로장생 하우스감귤 | 우리 20,870 → 네이버 비추(17,700)
✓ [11st] 바르온 갈비탕 600g x 5팩(실온보관) | 우리 25,760 → 네이버 비추(22,540)
✓ [11st] 종근당건강 공식 락토핏 코어 (ALL NEW) 60포 3통 (180일 | 우리 25,830 → 네이버 추천(30,180)
✓ [11st] 100억CFU 크리스찬한센 유산균 펨 도피러스 알엑스 100억 여성  | 우리 58,970 → 네이버 추천(62,900)
✓ [11st] 부드럽고 촉촉한 한성 크래미H 90g x 20개 | 우리 16,990 → 네이버 추천(18,720)
✓ [11st] 100억CFU 크리스찬한센 유산균 펨 도피러스 알엑스 100억 여성  | 우리 29,990 → 네이버 추천(32,900)
✓ [11st] 한정수량 장충동왕족발보쌈 [장충동왕족발보쌈]장충동 냉장 왕족발 앞다리 | 우리 10,990 → 네이버 비슷(10,990)
✓ [11st] 종근당건강 공식 (ALL NEW) 락토핏 골드 50포 6통 (300일 | 우리 59,940 → 네이버 비추(36,670)
✓ [coupang] 데니그리스 유기농 사과 식초, 1L, 1개 | 우리 11,610 → 네이버 비추(8,390)
✓ [coupang] 저온숙성한우 1등급 등심 구이용 (냉장), 200g, 1개 | 우리 14,710 → 네이버 비추(7,900)
✓ [coupang] 에스프레소스틱 로얄 헤이즐넛, 1g, 100개입, 1개 | 우리 15,000 → 네이버 비추(14,400)
✓ [coupang] 세브란스에이투 전용목장 단백우유, 125ml, 24개 | 우리 19,570 → 네이버 비추(18,400)
✓ [coupang] 흰다리새우살 노바시 새우 30미 튀김용 (냉동), 1개, 300g | 우리 8,990 → 네이버 비추(5,920)

판정 23/114 (20%) · DB기록 114건
✓ [gmarket] (신선집중) 미국산 목전지 슬라이스 500g x 4팩 (총2kg) | 우리 15,020 → 네이버 추천(17,720)
✓ [gmarket] (1+1) 특 대왕 갈치 500g + 500g (총 1kg) 4~5지 | 우리 16,990 → 네이버 비추(7,560)
✓ [gmarket] (깜짝)매일 소화가 잘되는 멸균우유 190ml 48팩 | 우리 31,550 → 네이버 비슷(31,300)
✓ [gmarket] 리치부어스트 1.5kg | 우리 19,900 → 네이버 추천(21,500)
✓ [gmarket] (1+1 런칭특가)리코셀 PDRN 에어리 쿨링 선크림 50ml (임상 | 우리 12,170 → 네이버 추천(15,100)
✓ [gmarket] 스프라이트 킨사이다 185ml x 60캔 | 우리 19,590 → 네이버 비추(18,470)
✓ [gmarket] 카프리썬 오렌지망고 20개+사과 10개 +오렌지 10개 + 사파리 1 | 우리 23,170 → 네이버 추천(45,200)
✓ [11st] 부산우유 멸균우유 초코우유 190ml, 24개 | 우리 14,970 → 네이버 비추(13,070)
✓ [11st] 덴마크 테이크 얼라이브 48개 자몽/망고/청포도/오렌지 | 우리 14,900 → 네이버 추천(15,760)
✓ [11st] 만토바 골든 엑스트라버진 올리브오일 1L | 우리 19,920 → 네이버 추천(21,470)
✓ [11st] 차별화 된 고품격 고당도 감귤 [첫출하] 제주농협 귤로장생 하우스감귤 | 우리 20,870 → 네이버 비추(17,700)
✓ [11st] 한정수량 장충동왕족발보쌈 [장충동왕족발보쌈]장충동 냉장 왕족발 앞다리 | 우리 10,990 → 네이버 비슷(10,990)
✓ [11st] 종근당건강 공식 락토핏 코어 (ALL NEW) 60포 3통 (180일 | 우리 25,830 → 네이버 추천(30,180)
✓ [11st] 부드럽고 촉촉한 한성 크래미H 90g x 20개 | 우리 16,990 → 네이버 추천(18,720)
✓ [11st] 100억CFU 크리스찬한센 유산균 펨 도피러스 알엑스 100억 여성  | 우리 58,970 → 네이버 추천(62,900)
✓ [11st] 100억CFU 크리스찬한센 유산균 펨 도피러스 알엑스 100억 여성  | 우리 29,990 → 네이버 추천(32,900)
✓ [11st] 바르온 갈비탕 600g x 5팩(실온보관) | 우리 25,760 → 네이버 비추(22,540)
✓ [11st] 종근당건강 공식 (ALL NEW) 락토핏 골드 50포 6통 (300일 | 우리 59,940 → 네이버 비추(36,670)
✓ [11st] 덴마크 테이크 얼라이브 24+24입 (오렌지/망고/자몽/샤인) | 우리 14,900 → 네이버 비추(12,790)
✓ [coupang] 데니그리스 유기농 사과 식초, 1L, 1개 | 우리 11,610 → 네이버 비추(8,390)
✓ [coupang] 저온숙성한우 1등급 등심 구이용 (냉장), 200g, 1개 | 우리 14,710 → 네이버 비추(7,900)
✓ [coupang] 에스프레소스틱 로얄 헤이즐넛, 1g, 100개입, 1개 | 우리 15,000 → 네이버 비추(14,400)
✓ [coupang] 세브란스에이투 전용목장 단백우유, 125ml, 24개 | 우리 19,570 → 네이버 비추(18,400)
✓ [coupang] 흰다리새우살 노바시 새우 30미 튀김용 (냉동), 1개, 300g | 우리 8,990 → 네이버 비추(5,920)

판정 24/115 (21%) · DB기록 115건
✓ [gmarket] (신선집중) 미국산 목전지 슬라이스 500g x 4팩 (총2kg) | 우리 15,020 → 네이버 추천(17,720)
✓ [gmarket] (1+1) 특 대왕 갈치 500g + 500g (총 1kg) 4~5지 | 우리 16,990 → 네이버 비추(7,560)
✓ [gmarket] (깜짝)매일 소화가 잘되는 멸균우유 190ml 48팩 | 우리 31,550 → 네이버 비슷(31,300)
✓ [gmarket] 리치부어스트 1.5kg | 우리 19,900 → 네이버 비슷(19,900)
✓ [gmarket] (1+1 런칭특가)리코셀 PDRN 에어리 쿨링 선크림 50ml (임상 | 우리 12,170 → 네이버 추천(15,100)
✓ [gmarket] 스프라이트 킨사이다 185ml x 60캔 | 우리 19,590 → 네이버 비추(18,470)
✓ [gmarket] 카프리썬 오렌지망고 20개+사과 10개 +오렌지 10개 + 사파리 1 | 우리 23,170 → 네이버 추천(45,200)
✓ [11st] 제주 흑돼지 앞다리살 500g 찌개용 | 우리 12,900 → 네이버 비추(9,000)
✓ [11st] 차별화 된 고품격 고당도 감귤 [첫출하] 제주농협 귤로장생 하우스감귤 | 우리 20,870 → 네이버 비추(17,700)
✓ [11st] 종근당건강 공식 락토핏 코어 (ALL NEW) 60포 3통 (180일 | 우리 25,830 → 네이버 추천(27,770)
✓ [11st] 100억CFU 크리스찬한센 유산균 펨 도피러스 알엑스 100억 여성  | 우리 58,970 → 네이버 추천(62,900)
✓ [11st] 부드럽고 촉촉한 한성 크래미H 90g x 20개 | 우리 16,990 → 네이버 추천(18,720)
✓ [11st] 100억CFU 크리스찬한센 유산균 펨 도피러스 알엑스 100억 여성  | 우리 29,990 → 네이버 추천(32,900)
✓ [11st] 바르온 갈비탕 600g x 5팩(실온보관) | 우리 24,150 → 네이버 비추(22,540)
✓ [11st] 종근당건강 공식 (ALL NEW) 락토핏 골드 50포 6통 (300일 | 우리 59,940 → 네이버 비추(36,670)
✓ [coupang] 데니그리스 유기농 사과 식초, 1L, 1개 | 우리 11,610 → 네이버 비추(8,390)
✓ [coupang] 저온숙성한우 1등급 등심 구이용 (냉장), 200g, 1개 | 우리 14,710 → 네이버 비추(7,900)
✓ [coupang] 에스프레소스틱 로얄 헤이즐넛, 1g, 100개입, 1개 | 우리 15,000 → 네이버 비추(12,890)
✓ [coupang] 세브란스에이투 전용목장 단백우유, 125ml, 24개 | 우리 19,570 → 네이버 비추(18,400)
✓ [coupang] 흰다리새우살 노바시 새우 30미 튀김용 (냉동), 1개, 300g | 우리 8,990 → 네이버 비추(5,920)

판정 20/114 (18%) · DB기록 114건
✓ [gmarket] (신선집중) 미국산 목전지 슬라이스 500g x 4팩 (총2kg) | 우리 15,020 → 네이버 추천(17,720)
✓ [gmarket] (1+1) 특 대왕 갈치 500g + 500g (총 1kg) 4~5지 | 우리 16,990 → 네이버 비추(7,560)
✓ [gmarket] (깜짝)매일 소화가 잘되는 멸균우유 190ml 48팩 | 우리 31,550 → 네이버 비슷(31,300)
✓ [gmarket] 리치부어스트 1.5kg | 우리 19,900 → 네이버 비슷(19,900)
✓ [gmarket] (1+1 런칭특가)리코셀 PDRN 에어리 쿨링 선크림 50ml (임상 | 우리 12,170 → 네이버 추천(15,100)
✓ [gmarket] 스프라이트 킨사이다 185ml x 60캔 | 우리 19,590 → 네이버 비추(18,470)
✓ [gmarket] 카프리썬 오렌지망고 20개+사과 10개 +오렌지 10개 + 사파리 1 | 우리 23,170 → 네이버 추천(45,200)
✓ [11st] 제주 흑돼지 앞다리살 500g 찌개용 | 우리 12,900 → 네이버 비추(9,000)
✓ [11st] 차별화 된 고품격 고당도 감귤 [첫출하] 제주농협 귤로장생 하우스감귤 | 우리 20,870 → 네이버 비추(17,700)
✓ [11st] 종근당건강 공식 락토핏 코어 (ALL NEW) 60포 3통 (180일 | 우리 25,830 → 네이버 추천(27,770)
✓ [11st] 100억CFU 크리스찬한센 유산균 펨 도피러스 알엑스 100억 여성  | 우리 58,970 → 네이버 추천(62,900)
✓ [11st] 덴마크 테이크 얼라이브 24+24입 (오렌지/망고/자몽/샤인) | 우리 14,900 → 네이버 비추(12,790)
✓ [11st] [유한양행]해피홈 리퀴드 45일 리필 X 4개+타이머형 훈증기 증정( | 우리 13,940 → 네이버 비추(8,500)
✓ [11st] 부드럽고 촉촉한 한성 크래미H 90g x 20개 | 우리 16,990 → 네이버 추천(18,720)
✓ [11st] 100억CFU 크리스찬한센 유산균 펨 도피러스 알엑스 100억 여성  | 우리 29,990 → 네이버 추천(32,900)
✓ [11st] 종근당건강 공식 (ALL NEW) 락토핏 골드 50포 6통 (300일 | 우리 59,940 → 네이버 비추(36,670)
✓ [11st] 바르온 갈비탕 600g x 5팩(실온보관) | 우리 24,150 → 네이버 비추(22,540)
✓ [coupang] 데니그리스 유기농 사과 식초, 1L, 1개 | 우리 11,610 → 네이버 비추(8,390)
✓ [coupang] 저온숙성한우 1등급 등심 구이용 (냉장), 200g, 1개 | 우리 14,710 → 네이버 비추(7,900)
✓ [coupang] 에스프레소스틱 로얄 헤이즐넛, 1g, 100개입, 1개 | 우리 15,000 → 네이버 비추(12,870)
✓ [coupang] 세브란스에이투 전용목장 단백우유, 125ml, 24개 | 우리 19,570 → 네이버 비추(18,400)
✓ [coupang] 흰다리새우살 노바시 새우 30미 튀김용 (냉동), 1개, 300g | 우리 8,990 → 네이버 비추(5,920)

판정 22/114 (19%) · DB기록 114건
✓ [gmarket] (신선집중) 미국산 목전지 슬라이스 500g x 4팩 (총2kg) | 우리 15,020 → 네이버 추천(17,720)
✓ [gmarket] (1+1) 특 대왕 갈치 500g + 500g (총 1kg) 4~5지 | 우리 16,990 → 네이버 비추(7,560)
✓ [gmarket] (깜짝)매일 소화가 잘되는 멸균우유 190ml 48팩 | 우리 31,550 → 네이버 비슷(31,300)
✓ [gmarket] 리치부어스트 1.5kg | 우리 19,900 → 네이버 비슷(19,900)
✓ [gmarket] (1+1 런칭특가)리코셀 PDRN 에어리 쿨링 선크림 50ml (임상 | 우리 12,170 → 네이버 추천(15,100)
✓ [gmarket] 스프라이트 킨사이다 185ml x 60캔 | 우리 19,590 → 네이버 비추(18,470)
✓ [gmarket] 카프리썬 오렌지망고 20개+사과 10개 +오렌지 10개 + 사파리 1 | 우리 23,170 → 네이버 추천(45,200)
✓ [11st] 붓기제거 지압관리 비비온 에어 스텝바운스 SR139 | 우리 25,800 → 네이버 추천(29,800)
✓ [11st] 신제품 인기 상품 베지밀 말차 브랜딩 소이(병) 190ml 40병 | 우리 15,210 → 네이버 추천(29,990)
✓ [11st] 아삭한 복숭아 1.5kg/4kg 딱딱이 아삭이 딱복 쫀뽁 | 우리 9,800 → 네이버 비추(9,100)
✓ [11st] 국민닥터 대용량 파라다이스 그레이 버닝컷 브로콜리 추출물 1개 (2개 | 우리 8,900 → 네이버 추천(14,600)
✓ [coupang] 데니그리스 유기농 사과 식초, 1L, 1개 | 우리 11,610 → 네이버 비추(8,390)
✓ [coupang] 저온숙성한우 1등급 등심 구이용 (냉장), 200g, 1개 | 우리 14,710 → 네이버 비추(7,900)
✓ [coupang] 에스프레소스틱 로얄 헤이즐넛, 1g, 100개입, 1개 | 우리 15,000 → 네이버 비추(12,850)
✓ [coupang] 세브란스에이투 전용목장 단백우유, 125ml, 24개 | 우리 19,570 → 네이버 비추(18,400)
✓ [coupang] 흰다리새우살 노바시 새우 30미 튀김용 (냉동), 1개, 300g | 우리 8,990 → 네이버 비추(5,920)

판정 16/112 (14%) · DB기록 112건
✓ [gmarket] (신선집중) 미국산 목전지 슬라이스 500g x 4팩 (총2kg) | 우리 15,020 → 네이버 추천(17,720)
✓ [gmarket] (1+1) 특 대왕 갈치 500g + 500g (총 1kg) 4~5지 | 우리 16,990 → 네이버 비추(7,560)
✓ [gmarket] (깜짝)매일 소화가 잘되는 멸균우유 190ml 48팩 | 우리 31,550 → 네이버 비슷(31,300)
✓ [gmarket] 리치부어스트 1.5kg | 우리 19,900 → 네이버 비슷(19,900)
✓ [gmarket] (1+1 런칭특가)리코셀 PDRN 에어리 쿨링 선크림 50ml (임상 | 우리 12,170 → 네이버 추천(15,100)
✓ [gmarket] 스프라이트 킨사이다 185ml x 60캔 | 우리 19,590 → 네이버 비추(18,470)
✓ [gmarket] 카프리썬 오렌지망고 20개+사과 10개 +오렌지 10개 + 사파리 1 | 우리 23,170 → 네이버 추천(45,200)
✓ [11st] 붓기제거 지압관리 비비온 에어 스텝바운스 SR139 | 우리 25,800 → 네이버 추천(29,800)
✓ [11st] 차별화 된 고품격 고당도 감귤 [첫출하] 제주농협 귤로장생 하우스감귤 | 우리 18,800 → 네이버 비추(17,700)
✓ [11st] 신제품 인기 상품 베지밀 말차 브랜딩 소이(병) 190ml 40병 | 우리 15,210 → 네이버 추천(29,990)
✓ [11st] 오리온 초코송이 50g + 초코송이 딸기,45g 각6개 (총 12개) | 우리 10,900 → 네이버 추천(12,400)
✓ [coupang] 데니그리스 유기농 사과 식초, 1L, 1개 | 우리 11,610 → 네이버 비추(8,390)
✓ [coupang] 저온숙성한우 1등급 등심 구이용 (냉장), 200g, 1개 | 우리 14,710 → 네이버 비추(7,900)
✓ [coupang] 세브란스에이투 전용목장 단백우유, 125ml, 24개 | 우리 19,570 → 네이버 비추(18,400)
✓ [coupang] 흰다리새우살 노바시 새우 30미 튀김용 (냉동), 1개, 300g | 우리 8,990 → 네이버 비추(5,920)

판정 15/112 (13%) · DB기록 112건
✓ [gmarket] (신선집중) 미국산 목전지 슬라이스 500g x 4팩 (총2kg) | 우리 15,020 → 네이버 추천(17,720)
✓ [gmarket] (1+1) 특 대왕 갈치 500g + 500g (총 1kg) 4~5지 | 우리 16,990 → 네이버 비추(7,560)
✓ [gmarket] (깜짝)매일 소화가 잘되는 멸균우유 190ml 48팩 | 우리 31,550 → 네이버 비슷(31,300)
✓ [gmarket] 리치부어스트 1.5kg | 우리 19,900 → 네이버 비슷(19,900)
✓ [gmarket] (1+1 런칭특가)리코셀 PDRN 에어리 쿨링 선크림 50ml (임상 | 우리 12,170 → 네이버 추천(15,100)
✓ [gmarket] 스프라이트 킨사이다 185ml x 60캔 | 우리 19,590 → 네이버 비추(18,470)
✓ [gmarket] 카프리썬 오렌지망고 20개+사과 10개 +오렌지 10개 + 사파리 1 | 우리 23,170 → 네이버 추천(45,200)
✓ [11st] 붓기제거 지압관리 비비온 에어 스텝바운스 SR139 | 우리 25,800 → 네이버 추천(29,800)
✓ [11st] 차별화 된 고품격 고당도 감귤 [첫출하] 제주농협 귤로장생 하우스감귤 | 우리 18,800 → 네이버 비추(17,700)
✓ [11st] 신제품 인기 상품 베지밀 말차 브랜딩 소이(병) 190ml 40병 | 우리 15,210 → 네이버 추천(29,990)
✓ [coupang] 데니그리스 유기농 사과 식초, 1L, 1개 | 우리 11,610 → 네이버 비추(8,390)
✓ [coupang] 저온숙성한우 1등급 등심 구이용 (냉장), 200g, 1개 | 우리 14,710 → 네이버 비추(7,900)
✓ [coupang] 세브란스에이투 전용목장 단백우유, 125ml, 24개 | 우리 19,570 → 네이버 비추(18,400)
✓ [coupang] 흰다리새우살 노바시 새우 30미 튀김용 (냉동), 1개, 300g | 우리 8,990 → 네이버 비추(5,920)

판정 14/112 (13%) · DB기록 112건
✓ [gmarket] (신선집중) 미국산 목전지 슬라이스 500g x 4팩 (총2kg) | 우리 15,020 → 네이버 추천(17,720)
✓ [gmarket] (1+1) 특 대왕 갈치 500g + 500g (총 1kg) 4~5지 | 우리 16,990 → 네이버 비추(7,560)
✓ [gmarket] (깜짝)매일 소화가 잘되는 멸균우유 190ml 48팩 | 우리 31,550 → 네이버 비슷(31,300)
✓ [gmarket] 리치부어스트 1.5kg | 우리 19,900 → 네이버 비슷(19,900)
✓ [gmarket] (1+1 런칭특가)리코셀 PDRN 에어리 쿨링 선크림 50ml (임상 | 우리 12,170 → 네이버 추천(15,100)
✓ [gmarket] 스프라이트 킨사이다 185ml x 60캔 | 우리 19,590 → 네이버 비추(18,470)
✓ [gmarket] 카프리썬 오렌지망고 20개+사과 10개 +오렌지 10개 + 사파리 1 | 우리 23,170 → 네이버 추천(45,200)
✓ [11st] 붓기제거 지압관리 비비온 에어 스텝바운스 SR139 | 우리 25,800 → 네이버 추천(34,370)
✓ [11st] 차별화 된 고품격 고당도 감귤 [첫출하] 제주농협 귤로장생 하우스감귤 | 우리 18,800 → 네이버 비추(17,700)
✓ [11st] 오리온 초코송이 3남매 각 4개 (말차+딸기+초코) 총 12개 | 우리 10,900 → 네이버 비슷(10,900)
✓ [11st] 신제품 인기 상품 베지밀 말차 브랜딩 소이(병) 190ml 40병 | 우리 15,210 → 네이버 추천(29,990)
✓ [coupang] 데니그리스 유기농 사과 식초, 1L, 1개 | 우리 11,610 → 네이버 비추(8,390)
✓ [coupang] 저온숙성한우 1등급 등심 구이용 (냉장), 200g, 1개 | 우리 14,710 → 네이버 비추(7,900)
✓ [coupang] 세브란스에이투 전용목장 단백우유, 125ml, 24개 | 우리 19,570 → 네이버 비추(18,400)
✓ [coupang] 흰다리새우살 노바시 새우 30미 튀김용 (냉동), 1개, 300g | 우리 8,990 → 네이버 비추(5,920)

판정 15/112 (13%) · DB기록 112건
✓ [gmarket] (신선집중) 미국산 목전지 슬라이스 500g x 4팩 (총2kg) | 우리 15,020 → 네이버 추천(17,720)
✓ [gmarket] (1+1) 특 대왕 갈치 500g + 500g (총 1kg) 4~5지 | 우리 16,990 → 네이버 비추(7,560)
✓ [gmarket] (깜짝)매일 소화가 잘되는 멸균우유 190ml 48팩 | 우리 31,550 → 네이버 비슷(31,300)
✓ [gmarket] 리치부어스트 1.5kg | 우리 19,900 → 네이버 비슷(19,900)
✓ [gmarket] (1+1 런칭특가)리코셀 PDRN 에어리 쿨링 선크림 50ml (임상 | 우리 12,170 → 네이버 추천(15,100)
✓ [gmarket] 스프라이트 킨사이다 185ml x 60캔 | 우리 19,590 → 네이버 비추(18,470)
✓ [gmarket] 카프리썬 오렌지망고 20개+사과 10개 +오렌지 10개 + 사파리 1 | 우리 23,170 → 네이버 추천(45,200)
✓ [11st] 붓기제거 지압관리 비비온 에어 스텝바운스 SR139 | 우리 25,800 → 네이버 추천(34,370)
✓ [11st] 차별화 된 고품격 고당도 감귤 [첫출하] 제주농협 귤로장생 하우스감귤 | 우리 18,800 → 네이버 비추(17,700)
✓ [11st] 오리온 초코송이 3남매 각 4개 (말차+딸기+초코) 총 12개 | 우리 10,900 → 네이버 비슷(10,900)
✓ [11st] 신제품 인기 상품 베지밀 말차 브랜딩 소이(병) 190ml 40병 | 우리 15,210 → 네이버 추천(29,990)
✓ [11st] 오리온 초코송이 50g + 초코송이 딸기,45g 각6개 (총 12개) | 우리 10,900 → 네이버 비슷(10,900)
✓ [coupang] 미니멜츠 레인보우아이스 구슬아이스크림 (냉동), 50g, 6개입, 1 | 우리 10,180 → 네이버 추천(14,030)
✓ [coupang] Gompyo 장아찌 간장소스, 1.9kg, 2개 | 우리 9,900 → 네이버 비추(9,200)
✓ [coupang] 외갓집 진심 감자탕 XL (냉동), 2.5kg, 1개 | 우리 19,980 → 네이버 비슷(19,930)
✓ [coupang] 국내산 울팜 특품 흙감자 제철 수미 햇 감자, 1개, 감자5kg(대) | 우리 17,900 → 네이버 비추(9,600)
✓ [coupang] 유하미카쿠토 코로로 포도, 6개 | 우리 9,020 → 네이버 추천(18,900)
✓ [coupang] 오리온 와우스낵 선물세트 16팩, 포카칩 + 꼬북칩 + 오감자 + 돌 | 우리 11,300 → 네이버 추천(16,560)

판정 18/112 (16%) · DB기록 112건
✓ [gmarket] BLDC 프리미엄 무선청소기 다크그레이 WW-800  30000Pa  | 우리 56,240 → 네이버 추천(57,500)
✓ [gmarket] 삼성전자 갤럭시탭 A11 WIFI 64GB 자급제 미개봉 새상품 보급 | 우리 170,460 → 네이버 비슷(170,550)
✓ [gmarket] 팔도 비빔면 x 10개 + 틈새라면 빨계떡(오리지널) x 10개 | 우리 16,410 → 네이버 비슷(16,410)
✓ [gmarket] 당일제조 국내산 전라도식 석박지 5kg | 우리 12,970 → 네이버 추천(22,100)
✓ [gmarket] 카프리썬 오렌지망고 20개+사과 10개 +오렌지 10개 + 사파리 1 | 우리 23,170 → 네이버 추천(45,200)
✓ [11st] 붓기제거 지압관리 비비온 에어 스텝바운스 SR139 | 우리 25,800 → 네이버 추천(34,370)
✓ [11st] 차별화 된 고품격 고당도 감귤 [첫출하] 제주농협 귤로장생 하우스감귤 | 우리 18,800 → 네이버 비추(17,700)
✓ [11st] 오리온 초코송이 3남매 각 4개 (말차+딸기+초코) 총 12개 | 우리 10,900 → 네이버 비슷(10,900)
✓ [11st] 본사 직영, 갓 담근 김치 종가 행복이온 포기김치 10kg | 우리 59,330 → 네이버 추천(68,900)
✓ [11st] 신제품 인기 상품 베지밀 말차 브랜딩 소이(병) 190ml 40병 | 우리 15,210 → 네이버 추천(29,990)
✓ [coupang] 미니멜츠 레인보우아이스 구슬아이스크림 (냉동), 50g, 6개입, 1 | 우리 10,180 → 네이버 추천(14,030)
✓ [coupang] Gompyo 장아찌 간장소스, 1.9kg, 2개 | 우리 9,900 → 네이버 비추(9,200)
✓ [coupang] 외갓집 진심 감자탕 XL (냉동), 2.5kg, 1개 | 우리 19,980 → 네이버 비슷(19,930)
✓ [coupang] 국내산 울팜 특품 흙감자 제철 수미 햇 감자, 1개, 감자5kg(대) | 우리 17,900 → 네이버 비추(15,100)
✓ [coupang] 유하미카쿠토 코로로 포도, 6개 | 우리 9,020 → 네이버 추천(18,900)
✓ [coupang] 오리온 와우스낵 선물세트 16팩, 포카칩 + 꼬북칩 + 오감자 + 돌 | 우리 11,300 → 네이버 추천(16,560)

판정 16/113 (14%) · DB기록 113건
✓ [gmarket] 당일제조 국내산 전라도식 석박지 5kg | 우리 12,970 → 네이버 추천(22,100)
✓ [gmarket] BLDC 프리미엄 무선청소기 다크그레이 WW-800  30000Pa  | 우리 56,240 → 네이버 비슷(56,240)
✓ [gmarket] 삼성전자 갤럭시탭 A11 WIFI 64GB 자급제 미개봉 새상품 보급 | 우리 170,460 → 네이버 비슷(170,460)
✓ [gmarket] 팔도 비빔면 x 10개 + 틈새라면 빨계떡(오리지널) x 10개 | 우리 16,410 → 네이버 비슷(16,410)
✓ [gmarket] 카프리썬 오렌지망고 20개+사과 10개 +오렌지 10개 + 사파리 1 | 우리 23,170 → 네이버 추천(45,200)
✓ [11st] 팅글 리얼에이드 신비복숭아 24캔/오렌지/애사비 등 | 우리 13,900 → 네이버 추천(16,300)
✓ [11st] 비타그램 메쉬킷 네블라이저 가정용 의료기기 VG-MN2506W | 우리 49,000 → 네이버 추천(59,000)
✓ [11st] 차별화 된 고품격 고당도 감귤 [첫출하] 제주농협 귤로장생 하우스감귤 | 우리 18,800 → 네이버 비추(17,700)
✓ [11st] 오리온 초코송이 3남매 각 4개 (말차+딸기+초코) 총 12개 | 우리 10,900 → 네이버 비슷(10,900)
✓ [coupang] 미니멜츠 레인보우아이스 구슬아이스크림 (냉동), 50g, 6개입, 1 | 우리 10,180 → 네이버 추천(14,030)
✓ [coupang] Gompyo 장아찌 간장소스, 1.9kg, 2개 | 우리 9,900 → 네이버 비추(9,200)
✓ [coupang] 외갓집 진심 감자탕 XL (냉동), 2.5kg, 1개 | 우리 19,980 → 네이버 비슷(19,930)
✓ [coupang] 유하미카쿠토 코로로 포도, 6개 | 우리 9,020 → 네이버 추천(18,900)
✓ [coupang] 국내산 울팜 특품 흙감자 제철 수미 햇 감자, 1개, 감자5kg(대) | 우리 18,900 → 네이버 비추(15,100)
✓ [coupang] 베지밀 검은콩 아몬드 앤 호두 두유, 190ml, 16개 | 우리 12,800 → 네이버 비슷(12,800)

판정 15/118 (13%) · DB기록 118건
✓ [gmarket] 당일제조 국내산 전라도식 석박지 5kg | 우리 12,970 → 네이버 추천(22,100)
✓ [gmarket] BLDC 프리미엄 무선청소기 다크그레이 WW-800  30000Pa  | 우리 56,240 → 네이버 비슷(56,240)
✓ [gmarket] 삼성전자 갤럭시탭 A11 WIFI 64GB 자급제 미개봉 새상품 보급 | 우리 170,460 → 네이버 비슷(170,460)
✓ [gmarket] 팔도 비빔면 x 10개 + 틈새라면 빨계떡(오리지널) x 10개 | 우리 16,410 → 네이버 비슷(16,410)
✓ [gmarket] 카프리썬 오렌지망고 20개+사과 10개 +오렌지 10개 + 사파리 1 | 우리 23,170 → 네이버 추천(45,200)
✓ [11st] 팅글 리얼에이드 신비복숭아 24캔/오렌지/애사비 등 | 우리 13,900 → 네이버 추천(16,300)
✓ [11st] 비타그램 메쉬킷 네블라이저 가정용 의료기기 VG-MN2506W | 우리 49,000 → 네이버 추천(59,000)
✓ [11st] [고급 업그레이드버전] 붓기제거 지압관리 비비온 에어 스텝바운스 SR | 우리 28,900 → 네이버 추천(34,370)
✓ [11st] 차별화 된 고품격 고당도 감귤 [첫출하] 제주농협 귤로장생 하우스감귤 | 우리 18,800 → 네이버 비추(17,700)
✓ [11st] 신제품 인기 상품 베지밀 말차 브랜딩 소이(병) 190ml 40병 | 우리 15,210 → 네이버 추천(29,990)
✓ [11st] 오리온 초코송이 3남매 각 4개 (말차+딸기+초코) 총 12개 | 우리 10,900 → 네이버 비슷(10,900)
✓ [coupang] 미니멜츠 레인보우아이스 구슬아이스크림 (냉동), 50g, 6개입, 1 | 우리 10,180 → 네이버 추천(14,030)
✓ [coupang] Gompyo 장아찌 간장소스, 1.9kg, 2개 | 우리 9,900 → 네이버 비추(9,200)
✓ [coupang] 외갓집 진심 감자탕 XL (냉동), 2.5kg, 1개 | 우리 19,980 → 네이버 비슷(19,930)
✓ [coupang] 유하미카쿠토 코로로 포도, 6개 | 우리 9,020 → 네이버 추천(18,900)
✓ [coupang] 국내산 울팜 특품 흙감자 제철 수미 햇 감자, 1개, 감자5kg(대) | 우리 18,900 → 네이버 비추(15,100)
✓ [coupang] 원스탑 제로갭 슬림 납작 컬러 개별 스위치 멀티탭 3구 16A + 안 | 우리 10,800 → 네이버 추천(32,400)

판정 17/118 (14%) · DB기록 118건
✓ [gmarket] 당일제조 국내산 전라도식 석박지 5kg | 우리 12,970 → 네이버 추천(22,100)
✓ [gmarket] BLDC 프리미엄 무선청소기 다크그레이 WW-800  30000Pa  | 우리 56,240 → 네이버 비슷(56,240)
✓ [gmarket] 삼성전자 갤럭시탭 A11 WIFI 64GB 자급제 미개봉 새상품 보급 | 우리 170,460 → 네이버 비슷(170,460)
✓ [gmarket] 팔도 비빔면 x 10개 + 틈새라면 빨계떡(오리지널) x 10개 | 우리 16,410 → 네이버 비슷(16,410)
✓ [gmarket] 카프리썬 오렌지망고 20개+사과 10개 +오렌지 10개 + 사파리 1 | 우리 23,170 → 네이버 추천(45,200)
✓ [11st] 1++ 등급 명품 한우 국거리 소고기 300g 냉장 | 우리 14,790 → 네이버 비슷(14,790)
✓ [11st] 에치와이 바이오리브 100억 유산균 1개월분 외 | 우리 9,920 → 네이버 비슷(9,920)
✓ [11st] 고순도 비드형 [살림의기술] 습기제거 제습제 걸이형 200g 20개 | 우리 12,900 → 네이버 추천(16,890)
✓ [11st] 차별화 된 고품격 고당도 감귤 [첫출하] 제주농협 귤로장생 하우스감귤 | 우리 18,800 → 네이버 비추(17,700)
✓ [11st] 신제품 인기 상품 베지밀 말차 브랜딩 소이(병) 190ml 40병 | 우리 15,210 → 네이버 추천(29,990)
✓ [11st] [고급 업그레이드버전] 붓기제거 지압관리 비비온 에어 스텝바운스 SR | 우리 28,900 → 네이버 추천(34,370)
✓ [11st] 뉴트리 질유산균 마스터바이옴 지노마스터 30일분, 1개+증정(에버콜라 | 우리 25,900 → 네이버 추천(28,900)
✓ [coupang] 미니멜츠 레인보우아이스 구슬아이스크림 (냉동), 50g, 6개입, 1 | 우리 10,180 → 네이버 추천(14,030)
✓ [coupang] Gompyo 장아찌 간장소스, 1.9kg, 2개 | 우리 9,900 → 네이버 비추(9,200)
✓ [coupang] 외갓집 진심 감자탕 XL (냉동), 2.5kg, 1개 | 우리 19,980 → 네이버 비슷(19,930)
✓ [coupang] 유하미카쿠토 코로로 포도, 6개 | 우리 9,020 → 네이버 추천(18,900)
✓ [coupang] 국내산 울팜 특품 흙감자 제철 수미 햇 감자, 1개, 감자5kg(대) | 우리 18,900 → 네이버 비추(15,100)
✓ [coupang] 베지밀 검은콩 아몬드 앤 호두 두유, 190ml, 16개 | 우리 12,800 → 네이버 비슷(12,800)

판정 18/116 (16%) · DB기록 116건
✓ [gmarket] 당일제조 국내산 전라도식 석박지 5kg | 우리 12,970 → 네이버 추천(22,100)
✓ [gmarket] BLDC 프리미엄 무선청소기 다크그레이 WW-800  30000Pa  | 우리 56,240 → 네이버 비슷(55,750)
✓ [gmarket] 삼성전자 갤럭시탭 A11 WIFI 64GB 자급제 미개봉 새상품 보급 | 우리 170,460 → 네이버 비슷(170,460)
✓ [gmarket] 팔도 비빔면 x 10개 + 틈새라면 빨계떡(오리지널) x 10개 | 우리 16,410 → 네이버 비슷(16,410)
✓ [gmarket] 카프리썬 오렌지망고 20개+사과 10개 +오렌지 10개 + 사파리 1 | 우리 23,170 → 네이버 추천(45,200)
✓ [11st] 에치와이 바이오리브 100억 유산균 1개월분 외 | 우리 9,920 → 네이버 비슷(9,920)
✓ [11st] 1++ 등급 명품 한우 국거리 소고기 300g 냉장 | 우리 14,790 → 네이버 비슷(14,790)
✓ [11st] 고순도 비드형 [살림의기술] 습기제거 제습제 걸이형 200g 20개 | 우리 12,900 → 네이버 추천(16,890)
✓ [11st] 차별화 된 고품격 고당도 감귤 [첫출하] 제주농협 귤로장생 하우스감귤 | 우리 18,800 → 네이버 비추(17,700)
✓ [11st] 신제품 인기 상품 베지밀 말차 브랜딩 소이(병) 190ml 40병 | 우리 15,210 → 네이버 추천(29,990)
✓ [11st] 바이오리브 킬팻 다이어트 유산균 1개월분(140mgx60캡슐) | 우리 32,000 → 네이버 비슷(32,000)
✓ [coupang] 미니멜츠 레인보우아이스 구슬아이스크림 (냉동), 50g, 6개입, 1 | 우리 10,180 → 네이버 추천(14,030)
✓ [coupang] Gompyo 장아찌 간장소스, 1.9kg, 2개 | 우리 9,900 → 네이버 비추(9,200)
✓ [coupang] 외갓집 진심 감자탕 XL (냉동), 2.5kg, 1개 | 우리 19,980 → 네이버 비슷(19,930)
✓ [coupang] 유하미카쿠토 코로로 포도, 6개 | 우리 9,020 → 네이버 추천(18,900)
✓ [coupang] 국내산 울팜 특품 흙감자 제철 수미 햇 감자, 1개, 감자5kg(대) | 우리 18,900 → 네이버 비추(15,100)
✓ [coupang] 베지밀 검은콩 아몬드 앤 호두 두유, 190ml, 16개 | 우리 12,800 → 네이버 비슷(12,800)

판정 17/116 (15%) · DB기록 116건
✓ [gmarket] 당일제조 국내산 전라도식 석박지 5kg | 우리 12,970 → 네이버 추천(22,100)
✓ [gmarket] BLDC 프리미엄 무선청소기 다크그레이 WW-800  30000Pa  | 우리 56,240 → 네이버 비슷(55,750)
✓ [gmarket] 삼성전자 갤럭시탭 A11 WIFI 64GB 자급제 미개봉 새상품 보급 | 우리 170,460 → 네이버 비슷(170,460)
✓ [gmarket] 팔도 비빔면 x 10개 + 틈새라면 빨계떡(오리지널) x 10개 | 우리 16,410 → 네이버 비추(14,490)
✓ [gmarket] 카프리썬 오렌지망고 20개+사과 10개 +오렌지 10개 + 사파리 1 | 우리 23,170 → 네이버 추천(45,200)
✓ [11st] 죽향담소 1등급 한우 등심 350g*2팩 700g | 우리 38,250 → 네이버 비추(23,810)
✓ [11st] 릴리프로 근육관절 원적외선 패치 혼합형 32매입 | 우리 12,890 → 네이버 추천(14,980)
✓ [11st] [숨] 100% 천연펄프 무형광 소프트 블랙 3겹 30m 30롤 2팩 | 우리 17,400 → 네이버 비슷(17,400)
✓ [11st] [팔도] 뽀로로 유기농 보리차 220ml, 24개 | 우리 15,900 → 네이버 비추(13,840)
✓ [11st] 차별화 된 고품격 고당도 감귤 [첫출하] 제주농협 귤로장생 하우스감귤 | 우리 18,800 → 네이버 비추(17,700)
✓ [11st] 신제품 인기 상품 베지밀 말차 브랜딩 소이(병) 190ml 40병 | 우리 15,210 → 네이버 추천(29,990)
✓ [11st] [대용량 더블팩] 항진육포 오리지날 500g x 2봉 | 우리 56,610 → 네이버 비슷(56,610)
✓ [coupang] 미니멜츠 레인보우아이스 구슬아이스크림 (냉동), 50g, 6개입, 1 | 우리 10,180 → 네이버 추천(14,030)
✓ [coupang] Gompyo 장아찌 간장소스, 1.9kg, 2개 | 우리 9,900 → 네이버 비추(9,200)
✓ [coupang] 외갓집 진심 감자탕 XL (냉동), 2.5kg, 1개 | 우리 19,980 → 네이버 비슷(19,930)
✓ [coupang] 유하미카쿠토 코로로 포도, 6개 | 우리 9,020 → 네이버 추천(18,900)
✓ [coupang] 국내산 울팜 특품 흙감자 제철 수미 햇 감자, 1개, 감자5kg(대) | 우리 18,900 → 네이버 비추(15,900)
✓ [coupang] 베지밀 검은콩 아몬드 앤 호두 두유, 190ml, 16개 | 우리 12,800 → 네이버 비슷(12,800)

판정 18/113 (16%) · DB기록 113건
✓ [gmarket] 당일제조 국내산 전라도식 석박지 5kg | 우리 12,970 → 네이버 추천(22,100)
✓ [gmarket] BLDC 프리미엄 무선청소기 다크그레이 WW-800  30000Pa  | 우리 56,240 → 네이버 비슷(55,750)
✓ [gmarket] 삼성전자 갤럭시탭 A11 WIFI 64GB 자급제 미개봉 새상품 보급 | 우리 170,460 → 네이버 비슷(170,460)
✓ [gmarket] 팔도 비빔면 x 10개 + 틈새라면 빨계떡(오리지널) x 10개 | 우리 16,410 → 네이버 비추(14,490)
✓ [gmarket] 카프리썬 오렌지망고 20개+사과 10개 +오렌지 10개 + 사파리 1 | 우리 23,170 → 네이버 추천(45,200)
✓ [11st] 죽향담소 1등급 한우 등심 350g*2팩 700g | 우리 38,250 → 네이버 비추(23,810)
✓ [11st] 릴리프로 근육관절 원적외선 패치 혼합형 32매입 | 우리 12,890 → 네이버 추천(14,980)
✓ [11st] [숨] 100% 천연펄프 무형광 소프트 블랙 3겹 30m 30롤 2팩 | 우리 17,400 → 네이버 비슷(17,400)
✓ [11st] [팔도] 뽀로로 유기농 보리차 220ml, 24개 | 우리 15,900 → 네이버 비추(13,840)
✓ [11st] 차별화 된 고품격 고당도 감귤 [첫출하] 제주농협 귤로장생 하우스감귤 | 우리 18,800 → 네이버 비추(17,700)
✓ [11st] 신제품 인기 상품 베지밀 말차 브랜딩 소이(병) 190ml 40병 | 우리 15,210 → 네이버 추천(29,990)
✓ [coupang] 미니멜츠 레인보우아이스 구슬아이스크림 (냉동), 50g, 6개입, 1 | 우리 10,180 → 네이버 추천(14,030)
✓ [coupang] Gompyo 장아찌 간장소스, 1.9kg, 2개 | 우리 9,900 → 네이버 비추(9,200)
✓ [coupang] 외갓집 진심 감자탕 XL (냉동), 2.5kg, 1개 | 우리 19,980 → 네이버 비슷(19,930)
✓ [coupang] 유하미카쿠토 코로로 포도, 6개 | 우리 9,020 → 네이버 추천(18,900)
✓ [coupang] 국내산 울팜 특품 흙감자 제철 수미 햇 감자, 1개, 감자5kg(대) | 우리 18,900 → 네이버 비추(15,900)
✓ [coupang] 베지밀 검은콩 아몬드 앤 호두 두유, 190ml, 16개 | 우리 12,800 → 네이버 비슷(12,800)

판정 17/113 (15%) · DB기록 113건
✓ [gmarket] 당일제조 국내산 전라도식 석박지 5kg | 우리 12,970 → 네이버 추천(22,100)
✓ [gmarket] BLDC 프리미엄 무선청소기 다크그레이 WW-800  30000Pa  | 우리 56,240 → 네이버 비슷(55,750)
✓ [gmarket] 삼성전자 갤럭시탭 A11 WIFI 64GB 자급제 미개봉 새상품 보급 | 우리 170,460 → 네이버 비슷(170,460)
✓ [gmarket] 팔도 비빔면 x 10개 + 틈새라면 빨계떡(오리지널) x 10개 | 우리 16,410 → 네이버 비추(14,490)
✓ [gmarket] 카프리썬 오렌지망고 20개+사과 10개 +오렌지 10개 + 사파리 1 | 우리 23,170 → 네이버 추천(45,200)
✓ [11st] 25년산 밥맛좋은 새청무 특등급 10kg | 우리 35,800 → 네이버 비추(32,460)
✓ [11st] 에낙 라면과자 믹스 1BOX 치킨 12개+스파이시 12개 | 우리 10,990 → 네이버 비추(9,900)
✓ [11st] 광동 밀싹보리차 1.5L*12병/옥수수수염차/진한헛개차 | 우리 12,900 → 네이버 추천(14,880)
✓ [11st] [1+1+1]현대약품 마이녹셀 스칼프 탈모 앰플 60ml | 우리 23,310 → 네이버 비추(11,970)
✓ [11st] 여성 은빛 라인 우븐 블로퍼 RS2023 블랙 | 우리 15,350 → 네이버 추천(29,270)
✓ [11st] 리치앤썬여성 은빛 라인 우븐 블로퍼 RS2023 네이비 | 우리 15,350 → 네이버 추천(29,270)
✓ [11st] 브레프 파워액티브 걸이형 변기세정제 레몬, 10개 | 우리 16,700 → 네이버 비추(14,980)
✓ [11st] 브레프 파워액티브 걸이형 변기세정제, 라벤더, 5개 + 레몬, 5개 | 우리 16,700 → 네이버 비추(11,900)
✓ [11st] 브레프 파워액티브 걸이형 변기세정제 라벤더, 10개 | 우리 16,700 → 네이버 비추(14,980)
✓ [11st] 브레프 파워액티브 걸이형 변기세정제, 파인, 5개 + 오션, 5개 | 우리 16,700 → 네이버 비추(11,900)
✓ [11st] 브레프 파워액티브 걸이형 변기세정제, 레몬, 5개 + 오션, 5개 | 우리 16,700 → 네이버 비추(11,900)
✓ [11st] 브레프 파워액티브 걸이형 변기세정제 오션, 10개 | 우리 16,700 → 네이버 비추(15,140)
✓ [11st] 브레프 파워액티브 걸이형 변기세정제, 라벤더, 5개 + 오션, 5개 | 우리 16,700 → 네이버 비추(11,900)
✓ [11st] 브레프 파워액티브 걸이형 변기세정제, 파인, 5개 + 라벤더, 5개 | 우리 16,700 → 네이버 비추(11,900)
✓ [11st] 브레프 파워액티브 걸이형 변기세정제, 파인, 5개 + 레몬, 5개 | 우리 16,700 → 네이버 비추(11,900)
✓ [11st] 브레프 파워액티브 레몬향, 2입, 5개 | 우리 14,900 → 네이버 추천(16,450)
✓ [11st] 브레프 파워액티브 라벤더, 2입, 5개 | 우리 14,900 → 네이버 추천(16,450)
✓ [11st] 브레프 파워액티브 오션, 2입, 5개 | 우리 14,900 → 네이버 비추(13,990)
✓ [11st] 브레프 파워액티브 파인, 2입, 5개 | 우리 14,900 → 네이버 추천(16,450)
✓ [coupang] 미니멜츠 레인보우아이스 구슬아이스크림 (냉동), 50g, 6개입, 1 | 우리 10,180 → 네이버 추천(14,030)
✓ [coupang] Gompyo 장아찌 간장소스, 1.9kg, 2개 | 우리 9,900 → 네이버 비추(9,200)
✓ [coupang] 외갓집 진심 감자탕 XL (냉동), 2.5kg, 1개 | 우리 19,980 → 네이버 비슷(19,930)
✓ [coupang] 유하미카쿠토 코로로 포도, 6개 | 우리 9,020 → 네이버 추천(18,900)
✓ [coupang] 국내산 울팜 특품 흙감자 제철 수미 햇 감자, 1개, 감자5kg(대) | 우리 18,900 → 네이버 비추(15,900)

판정 29/110 (26%) · DB기록 110건
✓ [gmarket] 당일제조 국내산 전라도식 석박지 5kg | 우리 12,970 → 네이버 추천(22,100)
✓ [gmarket] BLDC 프리미엄 무선청소기 다크그레이 WW-800  30000Pa  | 우리 56,240 → 네이버 비슷(55,750)
✓ [gmarket] 삼성전자 갤럭시탭 A11 WIFI 64GB 자급제 미개봉 새상품 보급 | 우리 170,460 → 네이버 비슷(170,460)
✓ [gmarket] 팔도 비빔면 x 10개 + 틈새라면 빨계떡(오리지널) x 10개 | 우리 16,410 → 네이버 비추(14,490)
✓ [gmarket] 카프리썬 오렌지망고 20개+사과 10개 +오렌지 10개 + 사파리 1 | 우리 23,170 → 네이버 추천(45,200)
✓ [11st] 25년산 밥맛좋은 새청무 특등급 10kg | 우리 35,800 → 네이버 비추(32,460)
✓ [11st] [1+1+1]현대약품 마이녹셀 스칼프 탈모 앰플 60ml | 우리 23,310 → 네이버 비추(11,970)
✓ [11st] 에낙 라면과자 믹스 1BOX 치킨 12개+스파이시 12개 | 우리 10,990 → 네이버 비추(9,900)
✓ [11st] 광동 밀싹보리차 1.5L*12병/옥수수수염차/진한헛개차 | 우리 12,900 → 네이버 추천(14,880)
✓ [11st] [T멤버십11%][신상품]인스탁스 미니13 즉석카메라+필름20장+전용 | 우리 162,900 → 네이버 추천(174,800)
✓ [11st] CJ바이오코어 500억 보장 부자 유산균 60캡슐, 2개 | 우리 77,000 → 네이버 비추(51,780)
✓ [11st] CJ바이오코어 질건강 유산균 1개월분, 30캡슐 | 우리 29,900 → 네이버 비추(19,580)
✓ [11st] 쿡솜씨 햄가득부대찌개 밀키트 2인분 | 우리 6,390 → 네이버 추천(10,650)
✓ [11st] (7/10 첫출고)쫀득쫀득 고소한 찰옥수수 25개 | 우리 21,900 → 네이버 비추(19,470)
✓ [11st] 필립스아벤트 국민쪽쪽이 야광 울트라에어 2P+2P | 우리 18,320 → 네이버 비추(13,000)
✓ [coupang] 미니멜츠 레인보우아이스 구슬아이스크림 (냉동), 50g, 6개입, 1 | 우리 10,180 → 네이버 추천(14,030)
✓ [coupang] Gompyo 장아찌 간장소스, 1.9kg, 2개 | 우리 9,900 → 네이버 비추(9,200)
✓ [coupang] 외갓집 진심 감자탕 XL (냉동), 2.5kg, 1개 | 우리 19,980 → 네이버 비슷(19,930)
✓ [coupang] 유하미카쿠토 코로로 포도, 6개 | 우리 9,020 → 네이버 추천(18,900)
✓ [coupang] 국내산 울팜 특품 흙감자 제철 수미 햇 감자, 1개, 감자5kg(대) | 우리 18,900 → 네이버 비추(15,900)

판정 20/110 (18%) · DB기록 110건
✓ [gmarket] 당일제조 국내산 전라도식 석박지 5kg | 우리 12,970 → 네이버 추천(22,100)
✓ [gmarket] BLDC 프리미엄 무선청소기 다크그레이 WW-800  30000Pa  | 우리 56,240 → 네이버 비슷(55,750)
✓ [gmarket] 삼성전자 갤럭시탭 A11 WIFI 64GB 자급제 미개봉 새상품 보급 | 우리 170,460 → 네이버 비슷(170,460)
✓ [gmarket] 팔도 비빔면 x 10개 + 틈새라면 빨계떡(오리지널) x 10개 | 우리 16,410 → 네이버 비추(14,490)
✓ [gmarket] 카프리썬 오렌지망고 20개+사과 10개 +오렌지 10개 + 사파리 1 | 우리 23,170 → 네이버 추천(45,200)
✓ [11st] 25년산 밥맛좋은 새청무 특등급 10kg | 우리 35,800 → 네이버 비추(32,460)
✓ [11st] 광동 밀싹보리차 1.5L*12병/옥수수수염차/진한헛개차 | 우리 12,900 → 네이버 추천(14,880)
✓ [11st] [1+1+1]현대약품 마이녹셀 스칼프 탈모 앰플 60ml | 우리 23,310 → 네이버 비추(11,970)
✓ [11st] 에낙 라면과자 믹스 1BOX 치킨 12개+스파이시 12개 | 우리 10,990 → 네이버 비추(9,900)
✓ [11st] [T멤버십11%][신상품]인스탁스 미니13 즉석카메라+필름20장+전용 | 우리 162,900 → 네이버 추천(174,800)
✓ [11st] CJ바이오코어 500억 보장 부자 유산균 60캡슐, 2개 | 우리 77,000 → 네이버 비추(51,780)
✓ [11st] 청정원 고소하고바삭한 베이컨 1kg, 1개 | 우리 14,900 → 네이버 비추(9,790)
✓ [11st] CJ바이오코어 질건강 유산균 1개월분, 30캡슐 | 우리 29,900 → 네이버 비추(19,580)
✓ [coupang] 미니멜츠 레인보우아이스 구슬아이스크림 (냉동), 50g, 6개입, 1 | 우리 10,180 → 네이버 추천(14,030)
✓ [coupang] Gompyo 장아찌 간장소스, 1.9kg, 2개 | 우리 9,900 → 네이버 비추(9,200)
✓ [coupang] 외갓집 진심 감자탕 XL (냉동), 2.5kg, 1개 | 우리 19,980 → 네이버 비슷(19,930)
✓ [coupang] 유하미카쿠토 코로로 포도, 6개 | 우리 9,020 → 네이버 추천(18,900)
✓ [coupang] 국내산 울팜 특품 흙감자 제철 수미 햇 감자, 1개, 감자5kg(대) | 우리 18,900 → 네이버 비추(15,900)

판정 18/110 (16%) · DB기록 110건
✓ [gmarket] 당일제조 국내산 전라도식 석박지 5kg | 우리 12,970 → 네이버 추천(22,100)
✓ [gmarket] BLDC 프리미엄 무선청소기 다크그레이 WW-800  30000Pa  | 우리 56,240 → 네이버 비슷(55,750)
✓ [gmarket] 삼성전자 갤럭시탭 A11 WIFI 64GB 자급제 미개봉 새상품 보급 | 우리 170,460 → 네이버 비슷(170,460)
✓ [gmarket] 팔도 비빔면 x 10개 + 틈새라면 빨계떡(오리지널) x 10개 | 우리 16,410 → 네이버 비추(14,490)
✓ [gmarket] 카프리썬 오렌지망고 20개+사과 10개 +오렌지 10개 + 사파리 1 | 우리 23,170 → 네이버 추천(45,200)
✓ [11st] 25년산 밥맛좋은 새청무 특등급 10kg | 우리 35,800 → 네이버 비추(32,460)
✓ [11st] 에낙 라면과자 믹스 1BOX 치킨 12개+스파이시 12개 | 우리 10,990 → 네이버 비추(9,900)
✓ [11st] 듀라텍스 쿨매트 냉감패드 단품&세트구성 Q-MAX 0.486 | 우리 12,900 → 네이버 추천(25,900)
✓ [11st] 광동 밀싹보리차 1.5L*12병/옥수수수염차/진한헛개차 | 우리 12,900 → 네이버 추천(14,880)
✓ [11st] [1+1+1]현대약품 마이녹셀 스칼프 탈모 앰플 60ml | 우리 23,310 → 네이버 비추(11,970)
✓ [11st] 3채널 확장 가능 블랙박스 (7/18 타임딜)(쿠폰15%)파인뷰 X7 | 우리 175,100 → 네이버 추천(209,000)
✓ [11st] CJ바이오코어 500억 보장 부자 유산균 60캡슐, 2개 | 우리 77,000 → 네이버 비추(51,780)
✓ [11st] 청정원 고소하고바삭한 베이컨 1kg, 1개 | 우리 14,900 → 네이버 비추(9,790)
✓ [coupang] 미니멜츠 레인보우아이스 구슬아이스크림 (냉동), 50g, 6개입, 1 | 우리 10,180 → 네이버 추천(14,030)
✓ [coupang] Gompyo 장아찌 간장소스, 1.9kg, 2개 | 우리 9,900 → 네이버 비추(9,200)
✓ [coupang] 외갓집 진심 감자탕 XL (냉동), 2.5kg, 1개 | 우리 19,980 → 네이버 비슷(19,930)
✓ [coupang] 유하미카쿠토 코로로 포도, 6개 | 우리 9,020 → 네이버 추천(18,900)
✓ [coupang] 국내산 울팜 특품 흙감자 제철 수미 햇 감자, 1개, 감자5kg(대) | 우리 18,900 → 네이버 비추(15,900)

판정 18/110 (16%) · DB기록 110건
✓ [gmarket] 당일제조 국내산 전라도식 석박지 5kg | 우리 12,970 → 네이버 추천(22,100)
✓ [gmarket] BLDC 프리미엄 무선청소기 다크그레이 WW-800  30000Pa  | 우리 56,240 → 네이버 비슷(55,750)
✓ [gmarket] 삼성전자 갤럭시탭 A11 WIFI 64GB 자급제 미개봉 새상품 보급 | 우리 170,460 → 네이버 비슷(170,460)
✓ [gmarket] 팔도 비빔면 x 10개 + 틈새라면 빨계떡(오리지널) x 10개 | 우리 16,410 → 네이버 비추(14,490)
✓ [gmarket] 카프리썬 오렌지망고 20개+사과 10개 +오렌지 10개 + 사파리 1 | 우리 23,170 → 네이버 추천(45,200)
✓ [11st] 25년산 밥맛좋은 새청무 특등급 10kg | 우리 35,800 → 네이버 비추(32,460)
✓ [11st] 광동 밀싹보리차 1.5L*12병/옥수수수염차/진한헛개차 | 우리 12,900 → 네이버 추천(14,880)
✓ [11st] [1+1+1]현대약품 마이녹셀 스칼프 탈모 앰플 60ml | 우리 23,310 → 네이버 비추(11,970)
✓ [11st] 듀라텍스 쿨매트 냉감패드 단품&세트구성 Q-MAX 0.486 | 우리 12,900 → 네이버 추천(25,900)
✓ [11st] 에낙 라면과자 믹스 1BOX 치킨 12개+스파이시 12개 | 우리 10,990 → 네이버 비추(9,900)
✓ [11st] 3채널 확장 가능 블랙박스 (7/18 타임딜)(쿠폰15%)파인뷰 X7 | 우리 175,100 → 네이버 추천(209,000)
✓ [11st] CJ바이오코어 500억 보장 부자 유산균 60캡슐, 2개 | 우리 77,000 → 네이버 비추(51,780)
✓ [coupang] 흰다리 새우살 (냉동), 300g(특특대, 11~13마리), 1개 | 우리 9,990 → 네이버 비추(5,760)
✓ [coupang] 해야미 리얼 통 맥반석 오징어, 150g, 1개 | 우리 9,900 → 네이버 비슷(9,900)
✓ [coupang] AHC 바이탈 골든 콜라겐 크림, 50g, 1개 | 우리 9,500 → 네이버 비추(8,740)
✓ [coupang] 지베르니 밀착 커버 쿠션 파운데이션 본품 12g + 리필 12g 세트 | 우리 15,930 → 네이버 추천(24,750)

판정 16/110 (15%) · DB기록 110건
✓ [gmarket] 당일제조 국내산 전라도식 석박지 5kg | 우리 12,970 → 네이버 추천(22,100)
✓ [gmarket] BLDC 프리미엄 무선청소기 다크그레이 WW-800  30000Pa  | 우리 56,240 → 네이버 비슷(55,750)
✓ [gmarket] 삼성전자 갤럭시탭 A11 WIFI 64GB 자급제 미개봉 새상품 보급 | 우리 170,460 → 네이버 비슷(170,460)
✓ [gmarket] 팔도 비빔면 x 10개 + 틈새라면 빨계떡(오리지널) x 10개 | 우리 16,410 → 네이버 비추(14,490)
✓ [gmarket] 카프리썬 오렌지망고 20개+사과 10개 +오렌지 10개 + 사파리 1 | 우리 23,170 → 네이버 추천(45,200)
✓ [gmarket] 햇반 백미 윤기가득쌀밥 210g 36개 | 우리 46,000 → 네이버 비추(33,900)
✓ [11st] 25년산 밥맛좋은 새청무 특등급 10kg | 우리 35,800 → 네이버 비추(32,460)
✓ [11st] [1+1+1]현대약품 마이녹셀 스칼프 탈모 앰플 60ml | 우리 23,310 → 네이버 비추(11,970)
✓ [11st] 에낙 라면과자 믹스 1BOX 치킨 12개+스파이시 12개 | 우리 10,990 → 네이버 비추(9,900)
✓ [11st] 듀라텍스 쿨매트 냉감패드 단품&세트구성 Q-MAX 0.486 | 우리 12,900 → 네이버 추천(25,900)
✓ [11st] 광동 밀싹보리차 1.5L*12병/옥수수수염차/진한헛개차 | 우리 12,900 → 네이버 추천(14,880)
✓ [11st] 3채널 확장 가능 블랙박스 (7/18 타임딜)(쿠폰15%)파인뷰 X7 | 우리 175,100 → 네이버 비슷(175,100)
✓ [coupang] 흰다리 새우살 (냉동), 300g(특특대, 11~13마리), 1개 | 우리 9,990 → 네이버 비추(5,760)
✓ [coupang] 해야미 리얼 통 맥반석 오징어, 150g, 1개 | 우리 9,900 → 네이버 비슷(9,900)
✓ [coupang] AHC 바이탈 골든 콜라겐 크림, 50g, 1개 | 우리 9,500 → 네이버 비추(8,740)
✓ [coupang] 지베르니 밀착 커버 쿠션 파운데이션 본품 12g + 리필 12g 세트 | 우리 15,930 → 네이버 추천(24,750)

판정 16/110 (15%) · DB기록 110건
✓ [gmarket] 당일제조 국내산 전라도식 석박지 5kg | 우리 12,970 → 네이버 추천(22,100)
✓ [gmarket] BLDC 프리미엄 무선청소기 다크그레이 WW-800  30000Pa  | 우리 56,240 → 네이버 비슷(55,750)
✓ [gmarket] 삼성전자 갤럭시탭 A11 WIFI 64GB 자급제 미개봉 새상품 보급 | 우리 170,460 → 네이버 비슷(170,460)
✓ [gmarket] 팔도 비빔면 x 10개 + 틈새라면 빨계떡(오리지널) x 10개 | 우리 16,410 → 네이버 비슷(16,410)
✓ [gmarket] 카프리썬 오렌지망고 20개+사과 10개 +오렌지 10개 + 사파리 1 | 우리 23,170 → 네이버 추천(45,200)
✓ [gmarket] 햇반 백미 윤기가득쌀밥 210g 36개 | 우리 46,000 → 네이버 비추(33,900)
✓ [11st] [64GB메모리업] 파인뷰 X7700 PRO Q/Q 블랙박스 | 우리 175,100 → 네이버 추천(249,000)
✓ [11st] 어노댓 땅콩100% 파우치 버터 100g 1+1 | 우리 8,550 → 네이버 추천(12,900)
✓ [11st] 3채널 확장 가능 블랙박스 (7/18 타임딜)(쿠폰15%)파인뷰 X7 | 우리 175,100 → 네이버 비슷(175,100)
✓ [coupang] 흰다리 새우살 (냉동), 300g(특특대, 11~13마리), 1개 | 우리 9,990 → 네이버 비추(5,760)
✓ [coupang] 해야미 리얼 통 맥반석 오징어, 150g, 1개 | 우리 9,900 → 네이버 비슷(9,900)
✓ [coupang] AHC 바이탈 골든 콜라겐 크림, 50g, 1개 | 우리 9,500 → 네이버 비추(8,740)
✓ [coupang] 지베르니 밀착 커버 쿠션 파운데이션 본품 12g + 리필 12g 세트 | 우리 15,930 → 네이버 추천(24,750)

판정 13/110 (12%) · DB기록 110건
✓ [gmarket] 당일제조 국내산 전라도식 석박지 5kg | 우리 12,970 → 네이버 추천(22,100)
✓ [gmarket] BLDC 프리미엄 무선청소기 다크그레이 WW-800  30000Pa  | 우리 56,240 → 네이버 비슷(55,750)
✓ [gmarket] 삼성전자 갤럭시탭 A11 WIFI 64GB 자급제 미개봉 새상품 보급 | 우리 170,460 → 네이버 비슷(170,460)
✓ [gmarket] 팔도 비빔면 x 10개 + 틈새라면 빨계떡(오리지널) x 10개 | 우리 16,410 → 네이버 비슷(16,410)
✓ [gmarket] 카프리썬 오렌지망고 20개+사과 10개 +오렌지 10개 + 사파리 1 | 우리 23,170 → 네이버 추천(45,200)
✓ [11st] 어노댓 땅콩100% 파우치 버터 100g 1+1 | 우리 8,550 → 네이버 추천(12,900)
✓ [11st] [64GB메모리업] 파인뷰 X7700 PRO Q/Q 블랙박스 | 우리 175,100 → 네이버 추천(249,000)
✓ [11st] 3채널 확장 가능 블랙박스 (7/18 타임딜)(쿠폰15%)파인뷰 X7 | 우리 175,100 → 네이버 비슷(175,100)
✓ [coupang] 흰다리 새우살 (냉동), 300g(특특대, 11~13마리), 1개 | 우리 9,990 → 네이버 비추(5,760)
✓ [coupang] 해야미 리얼 통 맥반석 오징어, 150g, 1개 | 우리 9,900 → 네이버 비슷(9,900)
✓ [coupang] AHC 바이탈 골든 콜라겐 크림, 50g, 1개 | 우리 9,500 → 네이버 비추(8,740)
✓ [coupang] 지베르니 밀착 커버 쿠션 파운데이션 본품 12g + 리필 12g 세트 | 우리 15,930 → 네이버 추천(24,750)

판정 12/110 (11%) · DB기록 110건
✓ [gmarket] 스파클생수 2L 30병 | 우리 14,590 → 네이버 비추(12,700)
✓ [gmarket] 밀크앤허니 호두파이 750g 1개 주문제작 순차출고 | 우리 14,940 → 네이버 추천(21,400)
✓ [gmarket] 우먼더블업 멀티비타민 미네랄 50정(70g) x2개 | 우리 40,500 → 네이버 비슷(40,500)
✓ [gmarket] 대림 직수형 IPX8  완벽방수비데 DLB-420  항균시트 더블케어 | 우리 168,200 → 네이버 비추(135,280)
✓ [gmarket] 리치부어스트 1.5kg | 우리 19,900 → 네이버 비슷(19,900)
✓ [gmarket] 베베숲 프라임 아기물티슈 70매 캡 20팩 프리미엄 아기 물티슈/고평 | 우리 23,990 → 네이버 추천(28,890)
✓ [gmarket] 이맛쌀 20kg | 우리 58,070 → 네이버 추천(62,680)
✓ [gmarket] 깨끗한나라 순수시그니처 화장지 브라운 30m 30롤 2팩 + 스마일캐 | 우리 26,900 → 네이버 비추(24,700)
✓ [11st] 헤드앤숄더 클리니컬 스트랭스 샴푸 400ml 2개세트 | 우리 33,750 → 네이버 비추(21,850)
✓ [11st] 윈드피아 WA-370 가정용/업소용 스탠드 선풍기 | 우리 22,900 → 네이버 비슷(22,900)
✓ [11st] [코카콜라] 코카콜라 500ml, 24개 | 우리 27,900 → 네이버 비추(10,100)
✓ [coupang] 투데이넛 너트한줌 요거트 견과세트 600g, 1세트 | 우리 18,400 → 네이버 비슷(18,200)
✓ [coupang] 조선문방구 명품 삼겹살 지우개, 혼합색상, 32개 | 우리 11,200 → 네이버 비추(10,000)
✓ [coupang] 오감만찬 대용량 업소용 백김치 HACCP 인증 수입산, 10kg, 1 | 우리 16,150 → 네이버 비추(13,000)
✓ [coupang] 반려소반 강아지 건강한 수제간식 육포, 오리가슴살, 100g, 3개 | 우리 12,900 → 네이버 비슷(12,900)
✓ [coupang] 사세 치킨가라아게 (냉동), 1kg, 1개 | 우리 14,900 → 네이버 비추(5,530)

판정 16/129 (12%) · DB기록 129건
✓ [gmarket] 스파클생수 2L 30병 | 우리 14,590 → 네이버 비추(12,700)
✓ [gmarket] 밀크앤허니 호두파이 750g 1개 주문제작 순차출고 | 우리 14,940 → 네이버 추천(21,400)
✓ [gmarket] 우먼더블업 멀티비타민 미네랄 50정(70g) x2개 | 우리 40,500 → 네이버 추천(46,900)
✓ [gmarket] 대림 직수형 IPX8  완벽방수비데 DLB-420  항균시트 더블케어 | 우리 168,200 → 네이버 비추(135,280)
✓ [gmarket] 리치부어스트 1.5kg | 우리 19,900 → 네이버 비슷(19,900)
✓ [gmarket] 바이오코어 피부면역 유산균 30포 3박스(3개월) | 우리 40,000 → 네이버 비추(29,900)
✓ [gmarket] 베베숲 프라임 아기물티슈 70매 캡 20팩 프리미엄 아기 물티슈/고평 | 우리 23,990 → 네이버 추천(28,890)
✓ [gmarket] 이맛쌀 20kg | 우리 58,070 → 네이버 추천(62,680)
✓ [gmarket] 햇반 백미 윤기가득쌀밥 210g 36개 | 우리 46,000 → 네이버 비추(33,900)
✓ [gmarket] 깨끗한나라 순수시그니처 화장지 브라운 30m 30롤 2팩 + 스마일캐 | 우리 26,900 → 네이버 비추(24,700)
✓ [11st] 바른 저분자 20곡 통곡물효소 30포x3박스, 총90포 외 | 우리 25,900 → 네이버 비슷(25,900)
✓ [11st] 26년 수확 국내산 달달하고 단단한 햇 양파 특상 5kg | 우리 7,660 → 네이버 비추(4,500)
✓ [11st] [코카콜라] 코카콜라 500ml, 24개 | 우리 27,900 → 네이버 비추(10,100)
✓ [11st] 마이비 얼룩제거제 플러스 용기 (485ml) 1개 + 리필 (400m | 우리 25,400 → 네이버 추천(37,000)
✓ [coupang] 투데이넛 너트한줌 요거트 견과세트 600g, 1세트 | 우리 18,400 → 네이버 비슷(18,200)
✓ [coupang] 조선문방구 명품 삼겹살 지우개, 혼합색상, 32개 | 우리 11,200 → 네이버 비추(10,000)
✓ [coupang] 오감만찬 대용량 업소용 백김치 HACCP 인증 수입산, 10kg, 1 | 우리 16,150 → 네이버 비추(13,000)
✓ [coupang] 반려소반 강아지 건강한 수제간식 육포, 오리가슴살, 100g, 3개 | 우리 12,900 → 네이버 비슷(12,900)
✓ [coupang] 사세 치킨가라아게 (냉동), 1kg, 1개 | 우리 14,900 → 네이버 비추(5,530)

판정 19/125 (15%) · DB기록 125건
✓ [gmarket] 불스원 레인OK 빗물을 튕겨주는 발수와이퍼 2개입 SET (운전석+조 | 우리 9,900 → 네이버 추천(10,710)
✓ [gmarket] 아이깨끗해X포차코 핸드워시 순향 리필 1.8L 2개 | 우리 17,900 → 네이버 추천(19,600)
✓ [gmarket] (신선집중/15%+NH) 한정특가 망고 복숭아 자인농협 옐로드림 2k | 우리 14,500 → 네이버 비추(10,620)
✓ [gmarket] 사각 볼로네이즈 스파게티3개+까르보나라 스파게티 3개 | 우리 12,900 → 네이버 비추(9,350)
✓ [gmarket] 햇반 백미 윤기가득쌀밥 210g 36개 | 우리 37,600 → 네이버 비추(33,900)
✓ [gmarket] 이맛쌀 20kg | 우리 61,370 → 네이버 추천(62,680)
✓ [gmarket] 깨끗한나라 순수시그니처 화장지 브라운 30m 30롤 2팩 + 스마일캐 | 우리 26,900 → 네이버 비추(24,700)
✓ [11st] 아벤느 클리낭스 클렌징 젤 400ml 2개 외 여름스킨케어 | 우리 29,780 → 네이버 추천(41,900)
✓ [11st] [1+1+패드케이스] 미샤 개똥쑥 진정 앰플패드 50매 | 우리 28,000 → 네이버 비추(12,170)
✓ [11st] 수돗물만 부으면 정수 끝! 브리타 정수기 필터 막스트라 프로 퓨어 퍼 | 우리 44,000 → 네이버 비슷(43,580)
✓ [11st] 라엘 에어리쿨 순면커버 입는 오버나이트 4p 7팩 (미디엄/라지) | 우리 27,260 → 네이버 비슷(27,260)
✓ [11st] 연세유업 공식운영 [최종 9,980원] 연세 요거트 딸기 80g x  | 우리 23,200 → 네이버 비추(12,400)
✓ [11st] 오리온 고소미 70g, 5개 + 오리온샌드 나 77g, 5개 | 우리 10,400 → 네이버 추천(20,000)
✓ [coupang] 비비고 물만두 (냉동), 1kg, 1개 | 우리 11,030 → 네이버 비추(6,800)
✓ [coupang] 풀무원 퓨어 무라벨 생수, 2L, 24개 | 우리 13,800 → 네이버 추천(18,700)
✓ [coupang] 닥터지 그린 딥 포어 클렌징 밤, 100ml, 1개 | 우리 14,960 → 네이버 비추(13,990)
✓ [coupang] 탐사 강아지 고구마말랭이 간식, 1kg, 1개, 고구마 | 우리 9,890 → 네이버 추천(11,900)
✓ [coupang] 코코도르 프리미엄 빅우드볼 차량용 디퓨저 130ml 2개입, 블랙체리 | 우리 11,900 → 네이버 추천(16,240)
✓ [coupang] 셰프초이스 춘천식닭갈비 (냉장), 1kg, 1개 | 우리 13,900 → 네이버 추천(14,500)
✓ [coupang] 해맑은푸드 바베큐 조미오징어, 300g, 1개 | 우리 12,870 → 네이버 비추(8,900)
✓ [coupang] 푸디버디 재미있는 숫자 치킨너겟 (냉동), 500g, 1개 | 우리 8,810 → 네이버 비추(8,550)
✓ [coupang] 연세두유 고단백 아몬드 & 잣, 190ml, 16개 | 우리 13,900 → 네이버 비추(10,730)
✓ [coupang] 맘쏙김치 (100%국산) 경상도 국밥집 겉절이, 3kg, 1개 | 우리 17,900 → 네이버 비추(14,800)
✓ [coupang] 오리온 초코칩 쿠키 미니, 48g, 16개 | 우리 11,000 → 네이버 추천(12,300)

판정 24/110 (22%) · DB기록 110건
✓ [gmarket] 불스원 레인OK 빗물을 튕겨주는 발수와이퍼 2개입 SET (운전석+조 | 우리 9,900 → 네이버 추천(11,630)
✓ [gmarket] 아이깨끗해X포차코 핸드워시 순향 리필 1.8L 2개 | 우리 17,900 → 네이버 비슷(17,900)
✓ [gmarket] (신선집중/15%+NH) 한정특가 망고 복숭아 자인농협 옐로드림 2k | 우리 14,500 → 네이버 비추(10,620)
✓ [gmarket] 사각 볼로네이즈 스파게티3개+까르보나라 스파게티 3개 | 우리 12,900 → 네이버 비추(9,280)
✓ [gmarket] 햇반 백미 윤기가득쌀밥 210g 36개 | 우리 37,600 → 네이버 비추(33,900)
✓ [gmarket] 이맛쌀 20kg | 우리 61,370 → 네이버 추천(62,680)
✓ [gmarket] 깨끗한나라 순수시그니처 화장지 브라운 30m 30롤 2팩 + 스마일캐 | 우리 26,900 → 네이버 비추(24,700)
✓ [11st] 대우 14인치 발터치 리모컨 5엽 저소음 선풍기 | 우리 32,900 → 네이버 비추(30,320)
✓ [11st] 샤워메이트 바디워시 1.2kg 3통/클린코튼,크랜베리외 | 우리 12,300 → 네이버 비추(11,400)
✓ [11st] 그레인온 파로 엠머 밀 500gx4개 총2kg+증정 | 우리 21,090 → 네이버 비슷(21,090)
✓ [11st] 대우 스테디셀러 대우 14인치 발터치 리모컨 저소음 선풍기 | 우리 32,900 → 네이버 비추(30,320)
✓ [11st] 수돗물만 부으면 정수 끝! 브리타 정수기 필터 막스트라 프로 퓨어 퍼 | 우리 44,000 → 네이버 비슷(43,580)
✓ [11st] 라엘 에어리쿨 순면커버 입는 오버나이트 4p 7팩 (미디엄/라지) | 우리 27,260 → 네이버 비슷(27,260)
✓ [11st] 연세유업 공식운영 [최종 9,980원] 연세 요거트 딸기 80g x  | 우리 23,200 → 네이버 비추(12,400)
✓ [coupang] 비비고 물만두 (냉동), 1kg, 1개 | 우리 11,030 → 네이버 비추(6,800)
✓ [coupang] 풀무원 퓨어 무라벨 생수, 2L, 24개 | 우리 13,800 → 네이버 추천(18,700)
✓ [coupang] 닥터지 그린 딥 포어 클렌징 밤, 100ml, 1개 | 우리 14,960 → 네이버 비추(13,990)
✓ [coupang] 탐사 강아지 고구마말랭이 간식, 1kg, 1개, 고구마 | 우리 9,890 → 네이버 추천(11,900)
✓ [coupang] 코코도르 프리미엄 빅우드볼 차량용 디퓨저 130ml 2개입, 블랙체리 | 우리 11,900 → 네이버 추천(16,240)
✓ [coupang] 셰프초이스 춘천식닭갈비 (냉장), 1kg, 1개 | 우리 13,900 → 네이버 추천(14,500)
✓ [coupang] 해맑은푸드 바베큐 조미오징어, 300g, 1개 | 우리 12,870 → 네이버 비추(8,900)
✓ [coupang] 푸디버디 재미있는 숫자 치킨너겟 (냉동), 500g, 1개 | 우리 8,810 → 네이버 비추(8,550)
✓ [coupang] 맘쏙김치 (100%국산) 경상도 국밥집 겉절이, 3kg, 1개 | 우리 17,900 → 네이버 비추(14,800)
✓ [coupang] 연세두유 고단백 아몬드 & 잣, 190ml, 16개 | 우리 13,900 → 네이버 비추(10,720)
✓ [coupang] 오리온 초코칩 쿠키 미니, 48g, 16개 | 우리 11,000 → 네이버 추천(12,300)

판정 25/113 (22%) · DB기록 113건
✓ [gmarket] 스파클생수 500ml 100병 | 우리 16,930 → 네이버 비추(13,400)
✓ [gmarket] 숨 순수 소프트 3겹 30m 30롤 2팩 100% 천연펄프 무형광 화 | 우리 15,890 → 네이버 추천(18,390)
✓ [gmarket] 달콤한 토망고 2kg (500g x4팩) 스테비아 대추방울토마토 | 우리 12,580 → 네이버 비추(10,800)
✓ [gmarket] 바르온 삼계탕 1kg x 4팩 (실온보관) | 우리 16,730 → 네이버 추천(21,480)
✓ [gmarket] 바이오코어 100억 유산균 30캡슐 3박스 | 우리 25,900 → 네이버 추천(30,710)
✓ [gmarket] 사각 볼로네이즈 스파게티3개+까르보나라 스파게티 3개 | 우리 12,900 → 네이버 비추(9,280)
✓ [gmarket] 햇반 백미 윤기가득쌀밥 210g 36개 | 우리 42,600 → 네이버 비추(33,900)
✓ [gmarket] 깨끗한나라 순수시그니처 화장지 브라운 30m 30롤 2팩 + 스마일캐 | 우리 26,900 → 네이버 비추(24,700)
✓ [gmarket] 이맛쌀 20kg | 우리 61,370 → 네이버 추천(62,680)
✓ [11st] 대우 14인치 발터치 리모컨 5엽 저소음 선풍기 | 우리 32,900 → 네이버 비추(30,320)
✓ [11st] 샤워메이트 바디워시 1.2kg 3통/클린코튼,크랜베리외 | 우리 12,300 → 네이버 비추(11,400)
✓ [11st] 그레인온 파로 엠머 밀 500gx4개 총2kg+증정 | 우리 21,090 → 네이버 비슷(21,090)
✓ [11st] 수돗물만 부으면 정수 끝! 브리타 정수기 필터 막스트라 프로 퓨어 퍼 | 우리 44,000 → 네이버 비슷(43,580)
✓ [11st] 대우 스테디셀러 대우 14인치 발터치 리모컨 저소음 선풍기 | 우리 32,900 → 네이버 비추(30,320)
✓ [11st] 상하목장 유기농 우유, 125ml, 48개 | 우리 35,900 → 네이버 비추(29,800)
✓ [coupang] 비비고 물만두 (냉동), 1kg, 1개 | 우리 11,030 → 네이버 비추(6,800)
✓ [coupang] 풀무원 퓨어 무라벨 생수, 2L, 24개 | 우리 13,800 → 네이버 추천(18,700)
✓ [coupang] 닥터지 그린 딥 포어 클렌징 밤, 100ml, 1개 | 우리 14,960 → 네이버 비추(13,990)
✓ [coupang] 탐사 강아지 고구마말랭이 간식, 1kg, 1개, 고구마 | 우리 9,890 → 네이버 추천(11,900)
✓ [coupang] 코코도르 프리미엄 빅우드볼 차량용 디퓨저 130ml 2개입, 블랙체리 | 우리 11,900 → 네이버 추천(16,240)
✓ [coupang] 셰프초이스 춘천식닭갈비 (냉장), 1kg, 1개 | 우리 13,900 → 네이버 추천(14,500)
✓ [coupang] 해맑은푸드 바베큐 조미오징어, 300g, 1개 | 우리 12,870 → 네이버 비추(8,900)
✓ [coupang] 푸디버디 재미있는 숫자 치킨너겟 (냉동), 500g, 1개 | 우리 8,810 → 네이버 비추(8,550)
✓ [coupang] 맘쏙김치 (100%국산) 경상도 국밥집 겉절이, 3kg, 1개 | 우리 17,900 → 네이버 비추(14,800)
✓ [coupang] 연세두유 고단백 아몬드 & 잣, 190ml, 16개 | 우리 13,900 → 네이버 비추(10,720)
✓ [coupang] 오리온 초코칩 쿠키 미니, 48g, 16개 | 우리 11,000 → 네이버 추천(12,300)

판정 26/115 (23%) · DB기록 115건
✓ [gmarket] 스파클생수 500ml 100병 | 우리 16,930 → 네이버 비추(13,400)
✓ [gmarket] 숨 순수 소프트 3겹 30m 30롤 2팩 100% 천연펄프 무형광 화 | 우리 15,890 → 네이버 비슷(15,890)
✓ [gmarket] 바르온 삼계탕 1kg x 4팩 (실온보관) | 우리 16,730 → 네이버 비슷(16,730)
✓ [gmarket] 달콤한 토망고 2kg (500g x4팩) 스테비아 대추방울토마토 | 우리 12,580 → 네이버 비추(10,800)
✓ [gmarket] 바이오코어 100억 유산균 30캡슐 3박스 | 우리 24,900 → 네이버 추천(30,100)
✓ [gmarket] 사각 볼로네이즈 스파게티3개+까르보나라 스파게티 3개 | 우리 12,900 → 네이버 비추(9,280)
✓ [gmarket] 햇반 백미 윤기가득쌀밥 210g 36개 | 우리 42,600 → 네이버 비추(33,900)
✓ [gmarket] 깨끗한나라 순수시그니처 화장지 브라운 30m 30롤 2팩 + 스마일캐 | 우리 26,900 → 네이버 비추(24,700)
✓ [11st] [1+1]쿤달 소프트앤클린 이중미세모 칫솔 12개입 | 우리 19,500 → 네이버 비추(10,500)
✓ [11st] 원팩쿠캣 점보 햄폭탄 부대찌개 1.5kg | 우리 12,880 → 네이버 추천(26,230)
✓ [11st] 수돗물만 부으면 정수 끝! 브리타 정수기 필터 막스트라 프로 퓨어 퍼 | 우리 44,000 → 네이버 비슷(43,580)
✓ [11st] 한정수량 장충동왕족발보쌈 [장충동왕족발보쌈]장충동 냉장 왕족발 앞다리 | 우리 10,990 → 네이버 비슷(10,990)
✓ [coupang] 비비고 물만두 (냉동), 1kg, 1개 | 우리 11,030 → 네이버 비추(6,800)
✓ [coupang] 풀무원 퓨어 무라벨 생수, 2L, 24개 | 우리 13,800 → 네이버 추천(18,700)
✓ [coupang] 닥터지 그린 딥 포어 클렌징 밤, 100ml, 1개 | 우리 14,960 → 네이버 비추(13,990)
✓ [coupang] 탐사 강아지 고구마말랭이 간식, 1kg, 1개, 고구마 | 우리 9,890 → 네이버 추천(11,900)
✓ [coupang] 코코도르 프리미엄 빅우드볼 차량용 디퓨저 130ml 2개입, 블랙체리 | 우리 11,900 → 네이버 추천(16,240)
✓ [coupang] 셰프초이스 춘천식닭갈비 (냉장), 1kg, 1개 | 우리 13,900 → 네이버 추천(14,500)
✓ [coupang] 해맑은푸드 바베큐 조미오징어, 300g, 1개 | 우리 12,870 → 네이버 비추(8,900)
✓ [coupang] 푸디버디 재미있는 숫자 치킨너겟 (냉동), 500g, 1개 | 우리 8,810 → 네이버 비추(8,550)
✓ [coupang] 맘쏙김치 (100%국산) 경상도 국밥집 겉절이, 3kg, 1개 | 우리 17,900 → 네이버 비추(14,800)
✓ [coupang] 연세두유 고단백 아몬드 & 잣, 190ml, 16개 | 우리 13,900 → 네이버 비추(10,670)
✓ [coupang] 오리온 초코칩 쿠키 미니, 48g, 16개 | 우리 11,000 → 네이버 추천(12,300)

판정 23/109 (21%) · DB기록 109건
✓ [gmarket] (신선집중) 한상궁김치 겉절이 2kg / 출고당일생산 | 우리 10,450 → 네이버 추천(10,960)
✓ [gmarket] 배홍동 막국수 8개 + 신라면 로제 8개 | 우리 14,800 → 네이버 비추(7,150)
✓ [gmarket] 사각 볼로네이즈 스파게티3개+까르보나라 스파게티 3개 | 우리 12,900 → 네이버 비추(9,280)
✓ [gmarket] 햇반 백미 윤기가득쌀밥 210g 36개 | 우리 42,600 → 네이버 비추(33,900)
✓ [gmarket] 깨끗한나라 순수시그니처 화장지 브라운 30m 30롤 2팩 + 스마일캐 | 우리 26,900 → 네이버 비추(24,700)
✓ [11st] [1+1]쿤달 소프트앤클린 이중미세모 칫솔 12개입 | 우리 19,500 → 네이버 비추(10,500)
✓ [11st] 원팩쿠캣 점보 햄폭탄 부대찌개 1.5kg | 우리 12,880 → 네이버 추천(26,230)
✓ [11st] 한정수량 장충동왕족발보쌈 [장충동왕족발보쌈]장충동 냉장 왕족발 앞다리 | 우리 10,990 → 네이버 비슷(10,990)
✓ [11st] 연세유업 공식운영 [최종 9,980원] 연세 요거트 딸기 80g x  | 우리 23,200 → 네이버 비추(12,400)
✓ [coupang] 비비고 물만두 (냉동), 1kg, 1개 | 우리 11,030 → 네이버 비추(6,800)
✓ [coupang] 풀무원 퓨어 무라벨 생수, 2L, 24개 | 우리 13,800 → 네이버 추천(18,700)
✓ [coupang] 닥터지 그린 딥 포어 클렌징 밤, 100ml, 1개 | 우리 14,960 → 네이버 비추(13,320)
✓ [coupang] 탐사 강아지 고구마말랭이 간식, 1kg, 1개, 고구마 | 우리 9,890 → 네이버 추천(11,900)
✓ [coupang] 코코도르 프리미엄 빅우드볼 차량용 디퓨저 130ml 2개입, 블랙체리 | 우리 11,900 → 네이버 추천(16,240)
✓ [coupang] 셰프초이스 춘천식닭갈비 (냉장), 1kg, 1개 | 우리 13,900 → 네이버 추천(14,500)
✓ [coupang] 해맑은푸드 바베큐 조미오징어, 300g, 1개 | 우리 12,870 → 네이버 비추(8,900)
✓ [coupang] 푸디버디 재미있는 숫자 치킨너겟 (냉동), 500g, 1개 | 우리 8,810 → 네이버 비추(8,550)
✓ [coupang] 맘쏙김치 (100%국산) 경상도 국밥집 겉절이, 3kg, 1개 | 우리 17,900 → 네이버 비추(14,800)
✓ [coupang] 연세두유 고단백 아몬드 & 잣, 190ml, 16개 | 우리 13,900 → 네이버 비추(10,670)
✓ [coupang] 오리온 초코칩 쿠키 미니, 48g, 16개 | 우리 11,000 → 네이버 추천(12,300)

판정 20/109 (18%) · DB기록 109건
✓ [gmarket] (신선집중) 한상궁김치 겉절이 2kg / 출고당일생산 | 우리 10,450 → 네이버 비슷(10,450)
✓ [gmarket] 니트릴 라텍스 요리용장갑 200매 블루 화이트 블랙 식품용 | 우리 9,890 → 네이버 추천(15,800)
✓ [gmarket] 배홍동 막국수 8개 + 신라면 로제 8개 | 우리 14,800 → 네이버 비추(7,150)
✓ [gmarket] 사각 볼로네이즈 스파게티3개+까르보나라 스파게티 3개 | 우리 12,900 → 네이버 비추(9,280)
✓ [gmarket] 햇반 백미 윤기가득쌀밥 210g 36개 | 우리 42,600 → 네이버 비추(33,900)
✓ [gmarket] 깨끗한나라 순수시그니처 화장지 브라운 30m 30롤 2팩 + 스마일캐 | 우리 26,900 → 네이버 비추(24,700)
✓ [11st] 종근당건강 비타민D 아연 2000IU 3병 외 | 우리 30,320 → 네이버 비슷(30,320)
✓ [11st] 연세유업 공식운영 [최종 9,980원] 연세 요거트 딸기 80g x  | 우리 23,200 → 네이버 비추(12,400)
✓ [11st] 바르온 갈비탕 600g x 5팩(실온보관) | 우리 24,150 → 네이버 비추(22,540)
✓ [coupang] 비비고 물만두 (냉동), 1kg, 1개 | 우리 11,030 → 네이버 비추(6,800)
✓ [coupang] 풀무원 퓨어 무라벨 생수, 2L, 24개 | 우리 13,800 → 네이버 추천(18,700)
✓ [coupang] 닥터지 그린 딥 포어 클렌징 밤, 100ml, 1개 | 우리 14,960 → 네이버 비추(13,320)
✓ [coupang] 탐사 강아지 고구마말랭이 간식, 1kg, 1개, 고구마 | 우리 9,890 → 네이버 추천(11,900)
✓ [coupang] 코코도르 프리미엄 빅우드볼 차량용 디퓨저 130ml 2개입, 블랙체리 | 우리 11,900 → 네이버 추천(16,240)
✓ [coupang] 셰프초이스 춘천식닭갈비 (냉장), 1kg, 1개 | 우리 13,900 → 네이버 추천(14,500)
✓ [coupang] 해맑은푸드 바베큐 조미오징어, 300g, 1개 | 우리 12,870 → 네이버 비추(8,900)
✓ [coupang] 푸디버디 재미있는 숫자 치킨너겟 (냉동), 500g, 1개 | 우리 8,810 → 네이버 비추(8,550)
✓ [coupang] 맘쏙김치 (100%국산) 경상도 국밥집 겉절이, 3kg, 1개 | 우리 17,900 → 네이버 비추(14,800)
✓ [coupang] 연세두유 고단백 아몬드 & 잣, 190ml, 16개 | 우리 13,900 → 네이버 비추(10,670)
✓ [coupang] 오리온 초코칩 쿠키 미니, 48g, 16개 | 우리 11,000 → 네이버 추천(12,300)

판정 20/113 (18%) · DB기록 113건
✓ [gmarket] (신선집중) 한상궁김치 겉절이 2kg / 출고당일생산 | 우리 10,450 → 네이버 비슷(10,450)
✓ [gmarket] 니트릴 라텍스 요리용장갑 200매 블루 화이트 블랙 식품용 | 우리 9,890 → 네이버 추천(15,800)
✓ [gmarket] 배홍동 막국수 8개 + 신라면 로제 8개 | 우리 14,800 → 네이버 비추(7,150)
✓ [gmarket] 사각 볼로네이즈 스파게티3개+까르보나라 스파게티 3개 | 우리 12,900 → 네이버 비추(9,280)
✓ [gmarket] 햇반 백미 윤기가득쌀밥 210g 36개 | 우리 42,600 → 네이버 비추(33,900)
✓ [gmarket] 깨끗한나라 순수시그니처 화장지 브라운 30m 30롤 2팩 + 스마일캐 | 우리 26,900 → 네이버 비추(24,700)
✓ [11st] 종근당건강 비타민D 아연 2000IU 3병 외 | 우리 30,320 → 네이버 비슷(30,320)
✓ [11st] [심야마트] 추추 추어탕 500g 4팩 해썹인증 추어탕 | 우리 10,500 → 네이버 추천(13,900)
✓ [11st] 바르온 갈비탕 600g x 5팩(실온보관) | 우리 24,150 → 네이버 비추(22,540)
✓ [11st] 연세유업 공식운영 [최종 9,980원] 연세 요거트 딸기 80g x  | 우리 23,200 → 네이버 비추(12,400)
✓ [coupang] 비비고 물만두 (냉동), 1kg, 1개 | 우리 11,030 → 네이버 비추(6,800)
✓ [coupang] 풀무원 퓨어 무라벨 생수, 2L, 24개 | 우리 13,800 → 네이버 추천(18,700)
✓ [coupang] 닥터지 그린 딥 포어 클렌징 밤, 100ml, 1개 | 우리 14,960 → 네이버 비추(13,320)
✓ [coupang] 탐사 강아지 고구마말랭이 간식, 1kg, 1개, 고구마 | 우리 9,890 → 네이버 추천(11,900)
✓ [coupang] 코코도르 프리미엄 빅우드볼 차량용 디퓨저 130ml 2개입, 블랙체리 | 우리 11,900 → 네이버 추천(16,240)
✓ [coupang] 셰프초이스 춘천식닭갈비 (냉장), 1kg, 1개 | 우리 13,900 → 네이버 추천(14,500)
✓ [coupang] 해맑은푸드 바베큐 조미오징어, 300g, 1개 | 우리 12,870 → 네이버 비추(8,900)
✓ [coupang] 푸디버디 재미있는 숫자 치킨너겟 (냉동), 500g, 1개 | 우리 8,810 → 네이버 비추(8,550)
✓ [coupang] 맘쏙김치 (100%국산) 경상도 국밥집 겉절이, 3kg, 1개 | 우리 17,900 → 네이버 비추(14,800)
✓ [coupang] 연세두유 고단백 아몬드 & 잣, 190ml, 16개 | 우리 13,900 → 네이버 비추(10,660)
✓ [coupang] 오리온 초코칩 쿠키 미니, 48g, 16개 | 우리 11,000 → 네이버 추천(12,300)

판정 21/113 (19%) · DB기록 113건
✓ [gmarket] (신선집중) 한상궁김치 겉절이 2kg / 출고당일생산 | 우리 10,450 → 네이버 비슷(10,450)
✓ [gmarket] 니트릴 라텍스 요리용장갑 200매 블루 화이트 블랙 식품용 | 우리 9,890 → 네이버 추천(15,800)
✓ [gmarket] 배홍동 막국수 8개 + 신라면 로제 8개 | 우리 14,800 → 네이버 비추(7,150)
✓ [gmarket] 사각 볼로네이즈 스파게티3개+까르보나라 스파게티 3개 | 우리 12,900 → 네이버 비추(9,280)
✓ [gmarket] 햇반 백미 윤기가득쌀밥 210g 36개 | 우리 42,600 → 네이버 비추(33,900)
✓ [gmarket] 깨끗한나라 순수시그니처 화장지 브라운 30m 30롤 2팩 + 스마일캐 | 우리 26,900 → 네이버 비추(24,700)
✓ [11st] #수분폭탄 #화잘먹크림 [100시간 보습 지속] 닥터펩티 하이드라 펩 | 우리 30,000 → 네이버 비추(22,620)
✓ [11st] #각질케어#피지케어#수분감 닥터펩티 센텔라 턴오버 소프트 필링 젤 1 | 우리 11,500 → 네이버 비추(9,210)
✓ [11st] #미백 주름개선 [수분광채 643% UP] 닥터펩티 펩타이드 워터 글 | 우리 16,000 → 네이버 추천(18,420)
✓ [11st] #촉촉한마무리 #찐정착템 닥터펩티 갈락토 클렌징폼 110ml | 우리 11,500 → 네이버 비추(7,840)
✓ [ohou] 리프홈 프리미엄 규조토 세라믹 원형 칫솔꽂이 3P세트 | 우리 21,851 → 네이버 추천(39,800)
✓ [coupang] 비비고 물만두 (냉동), 1kg, 1개 | 우리 11,030 → 네이버 비추(6,800)
✓ [coupang] 풀무원 퓨어 무라벨 생수, 2L, 24개 | 우리 13,800 → 네이버 추천(18,700)
✓ [coupang] 닥터지 그린 딥 포어 클렌징 밤, 100ml, 1개 | 우리 14,960 → 네이버 비추(13,320)
✓ [coupang] 탐사 강아지 고구마말랭이 간식, 1kg, 1개, 고구마 | 우리 9,890 → 네이버 추천(11,900)
✓ [coupang] 코코도르 프리미엄 빅우드볼 차량용 디퓨저 130ml 2개입, 블랙체리 | 우리 11,900 → 네이버 추천(16,240)
✓ [coupang] 셰프초이스 춘천식닭갈비 (냉장), 1kg, 1개 | 우리 13,900 → 네이버 추천(14,500)
✓ [coupang] 해맑은푸드 바베큐 조미오징어, 300g, 1개 | 우리 12,870 → 네이버 비추(8,900)
✓ [coupang] 푸디버디 재미있는 숫자 치킨너겟 (냉동), 500g, 1개 | 우리 8,810 → 네이버 비추(8,550)
✓ [coupang] 맘쏙김치 (100%국산) 경상도 국밥집 겉절이, 3kg, 1개 | 우리 17,900 → 네이버 비추(14,800)
✓ [coupang] 연세두유 고단백 아몬드 & 잣, 190ml, 16개 | 우리 13,900 → 네이버 비추(10,660)
✓ [coupang] 오리온 초코칩 쿠키 미니, 48g, 16개 | 우리 11,000 → 네이버 추천(12,300)

판정 22/110 (20%) · DB기록 110건
✓ [gmarket] (신선집중) 한상궁김치 겉절이 2kg / 출고당일생산 | 우리 10,450 → 네이버 비슷(10,450)
✓ [gmarket] 니트릴 라텍스 요리용장갑 200매 블루 화이트 블랙 식품용 | 우리 9,890 → 네이버 추천(15,800)
✓ [gmarket] 배홍동 막국수 8개 + 신라면 로제 8개 | 우리 14,800 → 네이버 비추(7,150)
✓ [gmarket] 사각 볼로네이즈 스파게티3개+까르보나라 스파게티 3개 | 우리 12,900 → 네이버 비추(9,280)
✓ [gmarket] 햇반 백미 윤기가득쌀밥 210g 36개 | 우리 42,600 → 네이버 비추(33,900)
✓ [gmarket] 깨끗한나라 순수시그니처 화장지 브라운 30m 30롤 2팩 + 스마일캐 | 우리 26,900 → 네이버 비추(24,700)
✓ [11st] 부드럽고 촉촉한 한성 몬스터크랩 72g x 20개 | 우리 15,800 → 네이버 비추(14,240)
✓ [11st] [카프리썬] 정글 200ml, 10입 , 2개 + 펀알람 200ml, | 우리 16,990 → 네이버 추천(22,140)
✓ [11st] 옥정영농 공식판매 [내일도착]25년산 전라북도 신동진쌀 20kg(단일 | 우리 62,900 → 네이버 비추(46,800)
✓ [11st] 이스트밸리 자연치즈 트리플 슈레드 피자치즈 1kg | 우리 13,920 → 네이버 추천(14,450)
✓ [11st] 부드럽고 촉촉한 한성 크래미H 90g x 20개 | 우리 16,990 → 네이버 추천(18,720)
✓ [ohou] 리프홈 프리미엄 규조토 세라믹 원형 칫솔꽂이 3P세트 | 우리 21,851 → 네이버 추천(39,800)
✓ [coupang] 비비고 물만두 (냉동), 1kg, 1개 | 우리 11,030 → 네이버 비추(6,800)
✓ [coupang] 풀무원 퓨어 무라벨 생수, 2L, 24개 | 우리 13,800 → 네이버 추천(18,700)
✓ [coupang] 닥터지 그린 딥 포어 클렌징 밤, 100ml, 1개 | 우리 14,960 → 네이버 비추(13,320)
✓ [coupang] 탐사 강아지 고구마말랭이 간식, 1kg, 1개, 고구마 | 우리 9,890 → 네이버 추천(11,900)
✓ [coupang] 코코도르 프리미엄 빅우드볼 차량용 디퓨저 130ml 2개입, 블랙체리 | 우리 11,900 → 네이버 추천(16,240)
✓ [coupang] 셰프초이스 춘천식닭갈비 (냉장), 1kg, 1개 | 우리 13,900 → 네이버 추천(14,500)
✓ [coupang] 해맑은푸드 바베큐 조미오징어, 300g, 1개 | 우리 12,870 → 네이버 비추(8,900)
✓ [coupang] 푸디버디 재미있는 숫자 치킨너겟 (냉동), 500g, 1개 | 우리 8,810 → 네이버 비추(8,550)
✓ [coupang] 오리온 초코칩 쿠키 미니, 48g, 16개 | 우리 11,000 → 네이버 추천(12,300)
✓ [coupang] 맘쏙김치 (100%국산) 경상도 국밥집 겉절이, 3kg, 1개 | 우리 17,900 → 네이버 비추(14,800)
✓ [coupang] 연세두유 고단백 아몬드 & 잣, 190ml, 16개 | 우리 13,900 → 네이버 비추(10,660)

판정 23/110 (21%) · DB기록 110건
✓ [gmarket] (신선집중) 한상궁김치 겉절이 2kg / 출고당일생산 | 우리 10,450 → 네이버 비슷(10,450)
✓ [gmarket] 니트릴 라텍스 요리용장갑 200매 블루 화이트 블랙 식품용 | 우리 9,890 → 네이버 추천(15,800)
✓ [gmarket] 배홍동 막국수 8개 + 신라면 로제 8개 | 우리 14,800 → 네이버 비추(7,150)
✓ [gmarket] 사각 볼로네이즈 스파게티3개+까르보나라 스파게티 3개 | 우리 12,900 → 네이버 비추(9,280)
✓ [gmarket] 햇반 백미 윤기가득쌀밥 210g 36개 | 우리 42,600 → 네이버 비추(33,900)
✓ [gmarket] 깨끗한나라 순수시그니처 화장지 브라운 30m 30롤 2팩 + 스마일캐 | 우리 26,900 → 네이버 비추(24,700)
✓ [11st] 부드럽고 촉촉한 한성 몬스터크랩 72g x 20개 | 우리 15,800 → 네이버 비추(14,240)
✓ [11st] 옥정영농 공식판매 [내일도착]25년산 전라북도 신동진쌀 20kg(단일 | 우리 62,900 → 네이버 비추(46,800)
✓ [11st] [카프리썬] 정글 200ml, 10입 , 2개 + 펀알람 200ml, | 우리 16,990 → 네이버 추천(22,140)
✓ [11st] 이스트밸리 자연치즈 트리플 슈레드 피자치즈 1kg | 우리 13,920 → 네이버 비슷(13,920)
✓ [11st] 100% 유기농 바이퀸 델리오 100% NFC 착즙 유기농 ABC주스 | 우리 17,900 → 네이버 추천(23,790)
✓ [11st] 부드럽고 촉촉한 한성 크래미H 90g x 20개 | 우리 16,990 → 네이버 추천(18,720)
✓ [ohou] 리프홈 프리미엄 규조토 세라믹 원형 칫솔꽂이 3P세트 | 우리 21,851 → 네이버 추천(39,800)
✓ [coupang] 비비고 물만두 (냉동), 1kg, 1개 | 우리 11,030 → 네이버 비추(6,800)
✓ [coupang] 풀무원 퓨어 무라벨 생수, 2L, 24개 | 우리 13,800 → 네이버 추천(18,700)
✓ [coupang] 닥터지 그린 딥 포어 클렌징 밤, 100ml, 1개 | 우리 14,960 → 네이버 비추(13,320)
✓ [coupang] 탐사 강아지 고구마말랭이 간식, 1kg, 1개, 고구마 | 우리 9,890 → 네이버 추천(11,900)
✓ [coupang] 코코도르 프리미엄 빅우드볼 차량용 디퓨저 130ml 2개입, 블랙체리 | 우리 11,900 → 네이버 추천(16,240)
✓ [coupang] 셰프초이스 춘천식닭갈비 (냉장), 1kg, 1개 | 우리 13,900 → 네이버 추천(14,500)
✓ [coupang] 해맑은푸드 바베큐 조미오징어, 300g, 1개 | 우리 12,870 → 네이버 비추(8,900)
✓ [coupang] 푸디버디 재미있는 숫자 치킨너겟 (냉동), 500g, 1개 | 우리 8,810 → 네이버 비추(8,550)
✓ [coupang] 오리온 초코칩 쿠키 미니, 48g, 16개 | 우리 11,000 → 네이버 추천(12,300)
✓ [coupang] 맘쏙김치 (100%국산) 경상도 국밥집 겉절이, 3kg, 1개 | 우리 17,900 → 네이버 비추(14,800)
✓ [coupang] 연세두유 고단백 아몬드 & 잣, 190ml, 16개 | 우리 13,900 → 네이버 비추(10,610)

판정 24/110 (22%) · DB기록 110건
✓ [gmarket] (신선집중) 한상궁김치 겉절이 2kg / 출고당일생산 | 우리 10,450 → 네이버 비슷(10,450)
✓ [gmarket] 배홍동 막국수 8개 + 신라면 로제 8개 | 우리 14,800 → 네이버 비추(7,150)
✓ [gmarket] 사각 볼로네이즈 스파게티3개+까르보나라 스파게티 3개 | 우리 12,900 → 네이버 비추(9,280)
✓ [gmarket] 베베숲 프라임 아기물티슈 70매 캡 20팩 프리미엄 아기 물티슈/고평 | 우리 24,910 → 네이버 추천(28,890)
✓ [gmarket] 햇반 백미 윤기가득쌀밥 210g 36개 | 우리 42,600 → 네이버 비추(33,310)
✓ [gmarket] 깨끗한나라 순수시그니처 화장지 브라운 30m 30롤 2팩 + 스마일캐 | 우리 26,900 → 네이버 비추(24,700)
✓ [11st] 부드럽고 촉촉한 한성 몬스터크랩 72g x 20개 | 우리 15,800 → 네이버 비추(14,240)
✓ [11st] 옥정영농 공식판매 [내일도착]25년산 전라북도 신동진쌀 20kg(단일 | 우리 62,900 → 네이버 비추(46,800)
✓ [11st] [카프리썬] 정글 200ml, 10입 , 2개 + 펀알람 200ml, | 우리 16,990 → 네이버 추천(22,140)
✓ [11st] 부드럽고 촉촉한 한성 크래미H 90g x 20개 | 우리 16,990 → 네이버 추천(18,720)
✓ [11st] 이스트밸리 자연치즈 트리플 슈레드 피자치즈 1kg | 우리 13,920 → 네이버 비슷(13,920)
✓ [11st] 100% 유기농 바이퀸 델리오 100% NFC 착즙 유기농 ABC주스 | 우리 17,900 → 네이버 추천(23,790)
✓ [coupang] 비비고 물만두 (냉동), 1kg, 1개 | 우리 11,030 → 네이버 비추(6,800)
✓ [coupang] 풀무원 퓨어 무라벨 생수, 2L, 24개 | 우리 13,800 → 네이버 추천(18,700)
✓ [coupang] 닥터지 그린 딥 포어 클렌징 밤, 100ml, 1개 | 우리 14,960 → 네이버 비추(13,320)
✓ [coupang] 탐사 강아지 고구마말랭이 간식, 1kg, 1개, 고구마 | 우리 9,890 → 네이버 추천(11,900)
✓ [coupang] 코코도르 프리미엄 빅우드볼 차량용 디퓨저 130ml 2개입, 블랙체리 | 우리 11,900 → 네이버 추천(16,240)
✓ [coupang] 셰프초이스 춘천식닭갈비 (냉장), 1kg, 1개 | 우리 13,900 → 네이버 추천(14,500)
✓ [coupang] 해맑은푸드 바베큐 조미오징어, 300g, 1개 | 우리 12,870 → 네이버 비추(8,900)
✓ [coupang] 푸디버디 재미있는 숫자 치킨너겟 (냉동), 500g, 1개 | 우리 8,810 → 네이버 비추(8,550)
✓ [coupang] 오리온 초코칩 쿠키 미니, 48g, 16개 | 우리 11,000 → 네이버 추천(12,300)
✓ [coupang] 맘쏙김치 (100%국산) 경상도 국밥집 겉절이, 3kg, 1개 | 우리 17,900 → 네이버 비추(14,800)
✓ [coupang] 연세두유 고단백 아몬드 & 잣, 190ml, 16개 | 우리 13,900 → 네이버 비추(10,610)

판정 23/110 (21%) · DB기록 110건
✓ [gmarket] (신선집중) 한상궁김치 겉절이 2kg / 출고당일생산 | 우리 10,450 → 네이버 비슷(10,450)
✓ [gmarket] 배홍동 막국수 8개 + 신라면 로제 8개 | 우리 14,800 → 네이버 비추(7,150)
✓ [gmarket] 불스원 클리어뷰 스프레이형 발수코팅제 300ml(시야확보안전운전) | 우리 9,500 → 네이버 추천(11,200)
✓ [gmarket] 3구 인덕션 전기레인지 대화구 3400W 용기적합성 CIR-VB330 | 우리 279,720 → 네이버 비추(271,720)
✓ [gmarket] 베베숲 프라임 아기물티슈 70매 캡 20팩 프리미엄 아기 물티슈/고평 | 우리 24,910 → 네이버 추천(28,890)
✓ [11st] 옥정영농 공식판매 [내일도착]25년산 전라북도 신동진쌀 20kg(단일 | 우리 62,900 → 네이버 비추(46,800)
✓ [11st] 부드럽고 촉촉한 한성 몬스터크랩 72g x 20개 | 우리 15,800 → 네이버 비추(14,240)
✓ [11st] 이스트밸리 자연치즈 트리플 슈레드 피자치즈 1kg | 우리 13,920 → 네이버 비슷(13,920)
✓ [11st] [카프리썬] 정글 200ml, 10입 , 2개 + 펀알람 200ml, | 우리 16,990 → 네이버 추천(22,140)
✓ [coupang] 미니멜츠 바나나스플릿맛 구슬아이스크림 (냉동), 50g, 1개입, 6 | 우리 11,800 → 네이버 추천(16,370)
✓ [coupang] 돌돌말이 대패 삼겹살 (냉동), 500g, 1개 | 우리 6,990 → 네이버 비추(6,000)
✓ [coupang] 행복이든 찹쌀 독정RPC, 5kg, 1개 | 우리 18,900 → 네이버 추천(30,200)
✓ [coupang] 퍼실 딥클린 초미세세탁 파워젤 드럼용 액체세제 리필, 1개, 1.8L | 우리 10,500 → 네이버 비추(7,530)
✓ [coupang] 스너글 초고농축 섬유유연제 오리지널 허거블 코튼 리필, 2.6L, 1 | 우리 11,770 → 네이버 추천(12,210)
✓ [coupang] 뉴트리디데이 프리미엄 마그네슘 400, 90정, 1개 | 우리 10,900 → 네이버 추천(13,290)
✓ [coupang] 아브카 맥주효모 두피케어 탈모증상 완화 샴푸 티트리향, 1L, 1개 | 우리 8,980 → 네이버 비추(7,700)

판정 16/110 (15%) · DB기록 110건
✓ [gmarket] (신선집중) 한상궁김치 겉절이 2kg / 출고당일생산 | 우리 10,450 → 네이버 비슷(10,450)
✓ [gmarket] 배홍동 막국수 8개 + 신라면 로제 8개 | 우리 14,800 → 네이버 비추(7,150)
✓ [gmarket] 불스원 클리어뷰 스프레이형 발수코팅제 300ml(시야확보안전운전) | 우리 9,500 → 네이버 추천(11,180)
✓ [gmarket] 3구 인덕션 전기레인지 대화구 3400W 용기적합성 CIR-VB330 | 우리 279,720 → 네이버 비추(272,060)
✓ [gmarket] 베베숲 프라임 아기물티슈 70매 캡 20팩 프리미엄 아기 물티슈/고평 | 우리 24,910 → 네이버 추천(28,890)
✓ [11st] 옥정영농 공식판매 [내일도착]25년산 전라북도 신동진쌀 20kg(단일 | 우리 62,900 → 네이버 비추(46,800)
✓ [11st] 부드럽고 촉촉한 한성 몬스터크랩 72g x 20개 | 우리 15,800 → 네이버 비추(14,240)
✓ [coupang] 미니멜츠 바나나스플릿맛 구슬아이스크림 (냉동), 50g, 1개입, 6 | 우리 11,800 → 네이버 추천(16,370)
✓ [coupang] 돌돌말이 대패 삼겹살 (냉동), 500g, 1개 | 우리 6,990 → 네이버 비추(6,000)
✓ [coupang] 행복이든 찹쌀 독정RPC, 5kg, 1개 | 우리 18,900 → 네이버 추천(30,200)
✓ [coupang] 퍼실 딥클린 초미세세탁 파워젤 드럼용 액체세제 리필, 1개, 1.8L | 우리 10,500 → 네이버 비추(7,530)
✓ [coupang] 스너글 초고농축 섬유유연제 오리지널 허거블 코튼 리필, 2.6L, 1 | 우리 11,770 → 네이버 추천(12,210)
✓ [coupang] 뉴트리디데이 프리미엄 마그네슘 400, 90정, 1개 | 우리 10,900 → 네이버 추천(13,290)
✓ [coupang] 아브카 맥주효모 두피케어 탈모증상 완화 샴푸 티트리향, 1L, 1개 | 우리 8,980 → 네이버 비추(7,700)

판정 14/109 (13%) · DB기록 109건
✓ [gmarket] CJ 비비고 얇은피 수제진한고기만두1.12KG 2개 + 얇은피 진한김 | 우리 25,900 → 네이버 추천(33,900)
✓ [gmarket] (커플패키지랜덤발송)홈런볼 초코 128g 4개 + 오예스 키캡키링 증 | 우리 12,920 → 네이버 비슷(12,920)
✓ [gmarket] 3구 인덕션 전기레인지 대화구 3400W 용기적합성 CIR-VB330 | 우리 279,720 → 네이버 비추(272,060)
✓ [gmarket] 불스원 클리어뷰 스프레이형 발수코팅제 300ml(시야확보안전운전) | 우리 9,500 → 네이버 추천(11,180)
✓ [gmarket] 베베숲 프라임 아기물티슈 70매 캡 20팩 프리미엄 아기 물티슈/고평 | 우리 24,910 → 네이버 추천(28,890)
✓ [11st] [1+1] 템포 내추럴코튼 슈퍼/레귤러 40P+질세정기 3P | 우리 34,500 → 네이버 비추(20,900)
✓ [11st] 신성베이커리 행복한 호두파이 850g | 우리 12,900 → 네이버 비슷(12,900)
✓ [11st] 올리브유 참돌자반50g *5봉 | 우리 7,660 → 네이버 추천(13,450)
✓ [11st] [신성베이커리] 행복한 호두파이 850g | 우리 12,900 → 네이버 비슷(12,900)
✓ [11st] 옥정영농 공식판매 [내일도착]25년산 전라북도 신동진쌀 20kg(단일 | 우리 62,900 → 네이버 비추(46,800)
✓ [11st] 부드럽고 촉촉한 한성 몬스터크랩 72g x 20개 | 우리 15,800 → 네이버 비추(14,240)
✓ [11st] [삼촌식탁] 달콤 짭짤 갈비맛 산적 1kg, 2봉(총2kg) | 우리 11,900 → 네이버 비추(9,780)
✓ [coupang] 미니멜츠 바나나스플릿맛 구슬아이스크림 (냉동), 50g, 1개입, 6 | 우리 11,800 → 네이버 추천(16,370)
✓ [coupang] 돌돌말이 대패 삼겹살 (냉동), 500g, 1개 | 우리 6,990 → 네이버 비추(6,000)
✓ [coupang] 행복이든 찹쌀 독정RPC, 5kg, 1개 | 우리 18,900 → 네이버 추천(30,200)
✓ [coupang] 퍼실 딥클린 초미세세탁 파워젤 드럼용 액체세제 리필, 1개, 1.8L | 우리 10,500 → 네이버 비추(7,530)
✓ [coupang] 스너글 초고농축 섬유유연제 오리지널 허거블 코튼 리필, 2.6L, 1 | 우리 11,770 → 네이버 추천(12,210)
✓ [coupang] 뉴트리디데이 프리미엄 마그네슘 400, 90정, 1개 | 우리 10,900 → 네이버 추천(13,290)
✓ [coupang] 아브카 맥주효모 두피케어 탈모증상 완화 샴푸 티트리향, 1L, 1개 | 우리 8,980 → 네이버 비추(7,700)

판정 19/112 (17%) · DB기록 112건
✓ [gmarket] 엘라스틴 닥터노비드 탈모증상완화 지루성두피용 약산성 비듬 샴푸 400 | 우리 13,900 → 네이버 추천(14,790)
✓ [gmarket] 불스원 클리어뷰 스프레이형 발수코팅제 300ml(시야확보안전운전) | 우리 9,500 → 네이버 추천(10,680)
✓ [gmarket] 3구 인덕션 전기레인지 대화구 3400W 용기적합성 CIR-VB330 | 우리 279,720 → 네이버 비추(272,060)
✓ [gmarket] 베베숲 프라임 아기물티슈 70매 캡 20팩 프리미엄 아기 물티슈/고평 | 우리 24,910 → 네이버 추천(28,890)
✓ [gmarket] (신선집중) 한상궁김치 겉절이 2kg / 출고당일생산 | 우리 10,880 → 네이버 비슷(10,960)
✓ [11st] 올리브유 참돌자반50g *5봉 | 우리 7,660 → 네이버 추천(13,450)
✓ [11st] [1+1] 템포 내추럴코튼 슈퍼/레귤러 40P+질세정기 3P | 우리 34,500 → 네이버 비추(20,900)
✓ [11st] 신성베이커리 행복한 호두파이 850g | 우리 12,900 → 네이버 비슷(12,900)
✓ [11st] [신성베이커리] 행복한 호두파이 850g | 우리 12,900 → 네이버 비슷(12,900)
✓ [11st] 옥정영농 공식판매 [내일도착]25년산 전라북도 신동진쌀 20kg(단일 | 우리 62,900 → 네이버 비추(46,800)
✓ [11st] 부드럽고 촉촉한 한성 몬스터크랩 72g x 20개 | 우리 15,800 → 네이버 비추(14,240)
✓ [11st] PVC 스틸 어깨뿔방지 논슬립 옷걸이 30개 | 우리 13,520 → 네이버 비추(7,840)
✓ [coupang] 미니멜츠 바나나스플릿맛 구슬아이스크림 (냉동), 50g, 1개입, 6 | 우리 11,800 → 네이버 추천(16,370)
✓ [coupang] 돌돌말이 대패 삼겹살 (냉동), 500g, 1개 | 우리 6,990 → 네이버 비추(6,000)
✓ [coupang] 행복이든 찹쌀 독정RPC, 5kg, 1개 | 우리 18,900 → 네이버 추천(30,200)
✓ [coupang] 퍼실 딥클린 초미세세탁 파워젤 드럼용 액체세제 리필, 1개, 1.8L | 우리 10,500 → 네이버 비추(7,530)
✓ [coupang] 스너글 초고농축 섬유유연제 오리지널 허거블 코튼 리필, 2.6L, 1 | 우리 11,770 → 네이버 추천(12,210)
✓ [coupang] 뉴트리디데이 프리미엄 마그네슘 400, 90정, 1개 | 우리 10,900 → 네이버 추천(13,290)
✓ [coupang] 아브카 맥주효모 두피케어 탈모증상 완화 샴푸 티트리향, 1L, 1개 | 우리 8,980 → 네이버 비추(7,700)

판정 19/115 (17%) · DB기록 115건
✓ [gmarket] 엘라스틴 닥터노비드 탈모증상완화 지루성두피용 약산성 비듬 샴푸 400 | 우리 13,900 → 네이버 추천(14,790)
✓ [gmarket] 3구 인덕션 전기레인지 대화구 3400W 용기적합성 CIR-VB330 | 우리 279,720 → 네이버 비추(272,060)
✓ [gmarket] 불스원 클리어뷰 스프레이형 발수코팅제 300ml(시야확보안전운전) | 우리 9,500 → 네이버 추천(10,680)
✓ [gmarket] 베베숲 프라임 아기물티슈 70매 캡 20팩 프리미엄 아기 물티슈/고평 | 우리 24,910 → 네이버 추천(28,890)
✓ [gmarket] (신선집중) 한상궁김치 겉절이 2kg / 출고당일생산 | 우리 10,880 → 네이버 비슷(10,880)
✓ [11st] 김하진의 손질 새조개 15팩 1.5kg | 우리 25,400 → 네이버 비슷(25,400)
✓ [11st] 비타그램 미니 종아리 발마사지기 LF-199 | 우리 27,900 → 네이버 비추(11,630)
✓ [11st] 셀렉스 프로틴 고소한 맛 캔, 304g+증정 | 우리 33,900 → 네이버 비추(22,500)
✓ [11st] 달콤하고 시원한 아이스 홍시 70g x 6개입 2팩 | 우리 13,860 → 네이버 비슷(13,860)
✓ [11st] 옥정영농 공식판매 [내일도착]25년산 전라북도 신동진쌀 20kg(단일 | 우리 62,900 → 네이버 추천(65,900)
✓ [11st] [슈팅냉동] 롯데웰푸드 설레임 밀크 160ml, 12개 + 쿠키앤크림 | 우리 23,520 → 네이버 비추(17,020)
✓ [11st] 부드럽고 촉촉한 한성 몬스터크랩 72g x 20개 | 우리 15,800 → 네이버 비추(14,240)
✓ [11st] 이스트밸리 자연치즈 트리플 슈레드 피자치즈 1kg | 우리 13,920 → 네이버 비슷(13,920)
✓ [coupang] 미니멜츠 바나나스플릿맛 구슬아이스크림 (냉동), 50g, 1개입, 6 | 우리 11,800 → 네이버 추천(16,370)
✓ [coupang] 돌돌말이 대패 삼겹살 (냉동), 500g, 1개 | 우리 6,990 → 네이버 비추(6,000)
✓ [coupang] 행복이든 찹쌀 독정RPC, 5kg, 1개 | 우리 18,900 → 네이버 추천(30,200)
✓ [coupang] 퍼실 딥클린 초미세세탁 파워젤 드럼용 액체세제 리필, 1개, 1.8L | 우리 10,500 → 네이버 비추(7,530)
✓ [coupang] 스너글 초고농축 섬유유연제 오리지널 허거블 코튼 리필, 2.6L, 1 | 우리 11,770 → 네이버 추천(12,210)
✓ [coupang] 뉴트리디데이 프리미엄 마그네슘 400, 90정, 1개 | 우리 10,900 → 네이버 추천(13,290)
✓ [coupang] 아브카 맥주효모 두피케어 탈모증상 완화 샴푸 티트리향, 1L, 1개 | 우리 8,980 → 네이버 비추(7,700)

판정 20/116 (17%) · DB기록 116건
✓ [gmarket] (타임딜/20%+14%) 테리파머 호텔수건 고중량 200g 10장 수 | 우리 27,460 → 네이버 추천(28,280)
✓ [gmarket] 오뚜기 닭한마리 칼국수 2팩+진밀면 2팩(총16개입) | 우리 14,900 → 네이버 추천(15,900)
✓ [gmarket] 3구 인덕션 전기레인지 대화구 3400W 용기적합성 CIR-VB330 | 우리 279,720 → 네이버 비추(272,060)
✓ [gmarket] 불스원 클리어뷰 스프레이형 발수코팅제 300ml(시야확보안전운전) | 우리 9,500 → 네이버 추천(10,680)
✓ [gmarket] 베베숲 프라임 아기물티슈 70매 캡 20팩 프리미엄 아기 물티슈/고평 | 우리 24,910 → 네이버 추천(28,890)
✓ [gmarket] (신선집중) 한상궁김치 겉절이 2kg / 출고당일생산 | 우리 10,880 → 네이버 비슷(10,880)
✓ [11st] 김하진의 손질 새조개 15팩 1.5kg | 우리 25,400 → 네이버 비슷(25,400)
✓ [11st] 셀렉스 프로틴 고소한 맛 캔, 304g+증정 | 우리 33,900 → 네이버 비추(22,050)
✓ [11st] 비타그램 미니 종아리 발마사지기 LF-199 | 우리 27,900 → 네이버 비추(11,630)
✓ [11st] 달콤하고 시원한 아이스 홍시 70g x 6개입 2팩 | 우리 13,860 → 네이버 비슷(13,860)
✓ [11st] 옥정영농 공식판매 [내일도착]25년산 전라북도 신동진쌀 20kg(단일 | 우리 62,900 → 네이버 추천(65,900)
✓ [11st] 부드럽고 촉촉한 한성 몬스터크랩 72g x 20개 | 우리 15,800 → 네이버 비추(14,240)
✓ [11st] 이스트밸리 자연치즈 트리플 슈레드 피자치즈 1kg | 우리 13,920 → 네이버 비슷(13,920)
✓ [11st] [슈팅냉동] 롯데웰푸드 설레임 밀크 160ml, 12개 + 쿠키앤크림 | 우리 23,520 → 네이버 비추(17,020)
✓ [coupang] 미니멜츠 바나나스플릿맛 구슬아이스크림 (냉동), 50g, 1개입, 6 | 우리 11,800 → 네이버 추천(16,370)
✓ [coupang] 돌돌말이 대패 삼겹살 (냉동), 500g, 1개 | 우리 6,990 → 네이버 비추(6,000)
✓ [coupang] 행복이든 찹쌀 독정RPC, 5kg, 1개 | 우리 18,900 → 네이버 추천(30,200)
✓ [coupang] 퍼실 딥클린 초미세세탁 파워젤 드럼용 액체세제 리필, 1개, 1.8L | 우리 10,500 → 네이버 비추(7,530)
✓ [coupang] 스너글 초고농축 섬유유연제 오리지널 허거블 코튼 리필, 2.6L, 1 | 우리 11,770 → 네이버 비추(11,000)
✓ [coupang] 뉴트리디데이 프리미엄 마그네슘 400, 90정, 1개 | 우리 10,900 → 네이버 추천(13,290)
✓ [coupang] 아브카 맥주효모 두피케어 탈모증상 완화 샴푸 티트리향, 1L, 1개 | 우리 8,980 → 네이버 비추(7,700)

판정 21/116 (18%) · DB기록 116건
✓ [gmarket] (타임딜/20%+14%) 테리파머 호텔수건 고중량 200g 10장 수 | 우리 27,460 → 네이버 추천(28,280)
✓ [gmarket] 오뚜기 닭한마리 칼국수 2팩+진밀면 2팩(총16개입) | 우리 14,900 → 네이버 비슷(14,900)
✓ [gmarket] 3구 인덕션 전기레인지 대화구 3400W 용기적합성 CIR-VB330 | 우리 279,720 → 네이버 비추(272,060)
✓ [gmarket] 불스원 클리어뷰 스프레이형 발수코팅제 300ml(시야확보안전운전) | 우리 9,500 → 네이버 추천(10,680)
✓ [gmarket] 베베숲 프라임 아기물티슈 70매 캡 20팩 프리미엄 아기 물티슈/고평 | 우리 24,910 → 네이버 추천(28,890)
✓ [gmarket] (신선집중) 한상궁김치 겉절이 2kg / 출고당일생산 | 우리 10,880 → 네이버 비슷(10,880)
✓ [11st] 프랑스산 테팔 에코센서 압력솥 4.5L 7인용 | 우리 59,920 → 네이버 추천(74,880)
✓ [11st] [사은품 증정] 세로랩스 수딩 토너 1개 | 우리 12,900 → 네이버 비슷(12,900)
✓ [11st] 26년형 클래파 BLDC 초경량 하중심 무선청소기 CVC-S185 | 우리 138,690 → 네이버 추천(341,720)
✓ [11st] 윤도자기 코지 2인 세트 10P | 우리 49,520 → 네이버 비추(46,400)
✓ [11st] 옥정영농 공식판매 [내일도착]25년산 전라북도 신동진쌀 20kg(단일 | 우리 62,900 → 네이버 추천(65,900)
✓ [11st] 서울우유 멸균우유 200mlx48개 | 우리 21,800 → 네이버 비슷(21,800)
✓ [11st] 부드럽고 촉촉한 한성 몬스터크랩 72g x 20개 | 우리 15,800 → 네이버 비추(14,240)
✓ [11st] 이스트밸리 자연치즈 트리플 슈레드 피자치즈 1kg | 우리 13,920 → 네이버 비슷(13,920)
✓ [11st] [슈팅냉동] 롯데웰푸드 설레임 밀크 160ml, 12개 + 쿠키앤크림 | 우리 23,520 → 네이버 비추(17,020)
✓ [ohou] 리프홈 프리미엄 규조토 세라믹 원형 칫솔꽂이 3P세트 | 우리 21,851 → 네이버 추천(39,800)
✓ [coupang] 미니멜츠 바나나스플릿맛 구슬아이스크림 (냉동), 50g, 1개입, 6 | 우리 11,800 → 네이버 추천(16,370)
✓ [coupang] 돌돌말이 대패 삼겹살 (냉동), 500g, 1개 | 우리 6,990 → 네이버 비추(6,000)
✓ [coupang] 행복이든 찹쌀 독정RPC, 5kg, 1개 | 우리 18,900 → 네이버 추천(30,200)
✓ [coupang] 퍼실 딥클린 초미세세탁 파워젤 드럼용 액체세제 리필, 1개, 1.8L | 우리 10,500 → 네이버 비추(7,530)
✓ [coupang] 스너글 초고농축 섬유유연제 오리지널 허거블 코튼 리필, 2.6L, 1 | 우리 11,770 → 네이버 비추(11,000)
✓ [coupang] 뉴트리디데이 프리미엄 마그네슘 400, 90정, 1개 | 우리 10,900 → 네이버 추천(13,290)
✓ [coupang] 아브카 맥주효모 두피케어 탈모증상 완화 샴푸 티트리향, 1L, 1개 | 우리 8,980 → 네이버 비추(7,700)

판정 23/117 (20%) · DB기록 117건
✓ [gmarket] (타임딜/20%+14%) 테리파머 호텔수건 고중량 200g 10장 수 | 우리 27,460 → 네이버 추천(28,280)
✓ [gmarket] 오뚜기 닭한마리 칼국수 2팩+진밀면 2팩(총16개입) | 우리 14,900 → 네이버 비슷(14,900)
✓ [gmarket] 3구 인덕션 전기레인지 대화구 3400W 용기적합성 CIR-VB330 | 우리 279,720 → 네이버 비추(272,060)
✓ [gmarket] 불스원 클리어뷰 스프레이형 발수코팅제 300ml(시야확보안전운전) | 우리 9,500 → 네이버 추천(10,680)
✓ [gmarket] 베베숲 프라임 아기물티슈 70매 캡 20팩 프리미엄 아기 물티슈/고평 | 우리 24,910 → 네이버 추천(28,890)
✓ [gmarket] (신선집중) 한상궁김치 겉절이 2kg / 출고당일생산 | 우리 10,880 → 네이버 비슷(10,880)
✓ [11st] 윤도자기 코지 2인 세트 10P | 우리 49,520 → 네이버 비추(46,400)
✓ [11st] [사은품 증정] 세로랩스 수딩 토너 1개 | 우리 12,900 → 네이버 비슷(12,900)
✓ [11st] 26년형 클래파 BLDC 초경량 하중심 무선청소기 CVC-S185 | 우리 138,690 → 네이버 추천(341,720)
✓ [11st] 프랑스산 테팔 에코센서 압력솥 4.5L 7인용 | 우리 59,920 → 네이버 추천(74,880)
✓ [11st] 서울우유 멸균우유 200mlx48개 | 우리 21,800 → 네이버 비슷(21,800)
✓ [11st] 옥정영농 공식판매 [내일도착]25년산 전라북도 신동진쌀 20kg(단일 | 우리 62,900 → 네이버 추천(65,900)
✓ [11st] 부드럽고 촉촉한 한성 몬스터크랩 72g x 20개 | 우리 15,800 → 네이버 비추(14,240)
✓ [11st] 이스트밸리 자연치즈 트리플 슈레드 피자치즈 1kg | 우리 13,920 → 네이버 비슷(13,920)
✓ [11st] [슈팅냉동] 롯데웰푸드 설레임 밀크 160ml, 12개 + 쿠키앤크림 | 우리 23,520 → 네이버 비추(17,020)
✓ [ohou] 리프홈 프리미엄 규조토 세라믹 원형 칫솔꽂이 3P세트 | 우리 21,851 → 네이버 추천(39,800)
✓ [coupang] 미니멜츠 바나나스플릿맛 구슬아이스크림 (냉동), 50g, 1개입, 6 | 우리 11,800 → 네이버 추천(16,370)
✓ [coupang] 돌돌말이 대패 삼겹살 (냉동), 500g, 1개 | 우리 6,990 → 네이버 비추(6,000)
✓ [coupang] 행복이든 찹쌀 독정RPC, 5kg, 1개 | 우리 18,900 → 네이버 추천(30,200)
✓ [coupang] 퍼실 딥클린 초미세세탁 파워젤 드럼용 액체세제 리필, 1개, 1.8L | 우리 10,500 → 네이버 비추(7,530)
✓ [coupang] 스너글 초고농축 섬유유연제 오리지널 허거블 코튼 리필, 2.6L, 1 | 우리 11,770 → 네이버 비추(11,000)
✓ [coupang] 뉴트리디데이 프리미엄 마그네슘 400, 90정, 1개 | 우리 10,900 → 네이버 추천(13,290)
✓ [coupang] 아브카 맥주효모 두피케어 탈모증상 완화 샴푸 티트리향, 1L, 1개 | 우리 8,980 → 네이버 비추(7,700)

판정 23/116 (20%) · DB기록 116건
✓ [gmarket] (타임딜/20%+14%) 테리파머 호텔수건 고중량 200g 10장 수 | 우리 27,460 → 네이버 추천(28,280)
✓ [gmarket] 오뚜기 닭한마리 칼국수 2팩+진밀면 2팩(총16개입) | 우리 14,900 → 네이버 비슷(14,900)
✓ [gmarket] 3구 인덕션 전기레인지 대화구 3400W 용기적합성 CIR-VB330 | 우리 279,720 → 네이버 비추(272,060)
✓ [gmarket] 불스원 클리어뷰 스프레이형 발수코팅제 300ml(시야확보안전운전) | 우리 9,500 → 네이버 추천(10,680)
✓ [gmarket] 베베숲 프라임 아기물티슈 70매 캡 20팩 프리미엄 아기 물티슈/고평 | 우리 24,910 → 네이버 추천(28,890)
✓ [gmarket] (신선집중) 한상궁김치 겉절이 2kg / 출고당일생산 | 우리 10,880 → 네이버 비슷(10,880)
✓ [11st] 투게더 바닐라 오리지널 900ml 3+2 | 우리 26,100 → 네이버 추천(28,190)
✓ [11st] 바리스타룰스 그란데 무라벨 디카페인 아메리카노 20개외 | 우리 21,900 → 네이버 비추(18,020)
✓ [11st] 지도표성경김 재래 식탁김 4g 12봉 3개 총36봉 | 우리 12,960 → 네이버 비슷(12,960)
✓ [11st] 압도적 상쾌함 플랙커스 트윈라인 치실 300개입 | 우리 12,500 → 네이버 비추(11,900)
✓ [11st] Gery 크런치롤 초코바 12개+12개 | 우리 11,120 → 네이버 추천(11,700)
✓ [11st] 오아로 트리벨리 파프리카 1.2kg | 우리 9,380 → 네이버 비슷(9,500)
✓ [coupang] 미니멜츠 바나나스플릿맛 구슬아이스크림 (냉동), 50g, 1개입, 6 | 우리 11,800 → 네이버 추천(16,370)
✓ [coupang] 돌돌말이 대패 삼겹살 (냉동), 500g, 1개 | 우리 6,990 → 네이버 비추(6,000)
✓ [coupang] 행복이든 찹쌀 독정RPC, 5kg, 1개 | 우리 18,900 → 네이버 추천(30,200)
✓ [coupang] 퍼실 딥클린 초미세세탁 파워젤 드럼용 액체세제 리필, 1개, 1.8L | 우리 10,500 → 네이버 비추(7,530)
✓ [coupang] 뉴트리디데이 프리미엄 마그네슘 400, 90정, 1개 | 우리 10,900 → 네이버 추천(13,290)
✓ [coupang] 스너글 초고농축 섬유유연제 오리지널 허거블 코튼 리필, 2.6L, 1 | 우리 11,770 → 네이버 비추(11,000)
✓ [coupang] 아브카 맥주효모 두피케어 탈모증상 완화 샴푸 티트리향, 1L, 1개 | 우리 8,980 → 네이버 비추(7,700)

판정 19/124 (15%) · DB기록 124건
✓ [gmarket] (타임딜/20%+14%) 테리파머 호텔수건 고중량 200g 10장 수 | 우리 27,460 → 네이버 추천(28,280)
✓ [gmarket] 오뚜기 닭한마리 칼국수 2팩+진밀면 2팩(총16개입) | 우리 14,900 → 네이버 비슷(14,900)
✓ [gmarket] 3구 인덕션 전기레인지 대화구 3400W 용기적합성 CIR-VB330 | 우리 279,720 → 네이버 비추(272,060)
✓ [gmarket] 불스원 클리어뷰 스프레이형 발수코팅제 300ml(시야확보안전운전) | 우리 9,500 → 네이버 추천(10,680)
✓ [gmarket] 베베숲 프라임 아기물티슈 70매 캡 20팩 프리미엄 아기 물티슈/고평 | 우리 24,910 → 네이버 추천(28,890)
✓ [gmarket] (신선집중) 한상궁김치 겉절이 2kg / 출고당일생산 | 우리 10,880 → 네이버 비슷(10,880)
✓ [11st] 바리스타룰스 그란데 무라벨 디카페인 아메리카노 20개외 | 우리 21,900 → 네이버 비추(18,020)
✓ [11st] 지도표성경김 재래 식탁김 4g 12봉 3개 총36봉 | 우리 12,960 → 네이버 비슷(12,960)
✓ [11st] 투게더 바닐라 오리지널 900ml 3+2 | 우리 26,100 → 네이버 추천(28,190)
✓ [11st] Gery 크런치롤 초코바 12개+12개 | 우리 13,900 → 네이버 비추(11,700)
✓ [11st] 압도적 상쾌함 플랙커스 트윈라인 치실 300개입 | 우리 12,500 → 네이버 비추(11,900)
✓ [11st] 오아로 트리벨리 파프리카 1.2kg | 우리 9,380 → 네이버 비슷(9,500)
✓ [11st] 소문난삼부자 올리브유 도시락김 4g 48봉 | 우리 15,400 → 네이버 비추(11,700)
✓ [11st] 출고당일 버무려요 한상궁김치 겉절이 2kg | 우리 10,970 → 네이버 비슷(10,880)
✓ [coupang] 미니멜츠 바나나스플릿맛 구슬아이스크림 (냉동), 50g, 1개입, 6 | 우리 11,800 → 네이버 추천(16,370)
✓ [coupang] 돌돌말이 대패 삼겹살 (냉동), 500g, 1개 | 우리 6,990 → 네이버 비추(6,000)
✓ [coupang] 행복이든 찹쌀 독정RPC, 5kg, 1개 | 우리 18,900 → 네이버 추천(30,200)
✓ [coupang] 퍼실 딥클린 초미세세탁 파워젤 드럼용 액체세제 리필, 1개, 1.8L | 우리 10,500 → 네이버 비추(7,530)
✓ [coupang] 뉴트리디데이 프리미엄 마그네슘 400, 90정, 1개 | 우리 10,900 → 네이버 추천(13,290)
✓ [coupang] 스너글 초고농축 섬유유연제 오리지널 허거블 코튼 리필, 2.6L, 1 | 우리 11,770 → 네이버 비추(11,000)
✓ [coupang] 아브카 맥주효모 두피케어 탈모증상 완화 샴푸 티트리향, 1L, 1개 | 우리 8,980 → 네이버 비추(7,700)

판정 21/127 (17%) · DB기록 127건
✓ [gmarket] (타임딜/20%+14%) 테리파머 호텔수건 고중량 200g 10장 수 | 우리 27,460 → 네이버 추천(28,280)
✓ [gmarket] 오뚜기 닭한마리 칼국수 2팩+진밀면 2팩(총16개입) | 우리 14,900 → 네이버 비슷(14,900)
✓ [gmarket] 3구 인덕션 전기레인지 대화구 3400W 용기적합성 CIR-VB330 | 우리 279,720 → 네이버 비추(272,060)
✓ [gmarket] 불스원 클리어뷰 스프레이형 발수코팅제 300ml(시야확보안전운전) | 우리 9,500 → 네이버 추천(10,680)
✓ [gmarket] 베베숲 프라임 아기물티슈 70매 캡 20팩 프리미엄 아기 물티슈/고평 | 우리 24,910 → 네이버 추천(28,890)
✓ [gmarket] (신선집중) 한상궁김치 겉절이 2kg / 출고당일생산 | 우리 10,880 → 네이버 비슷(10,880)
✓ [11st] 바리스타룰스 그란데 무라벨 디카페인 아메리카노 20개외 | 우리 21,900 → 네이버 비추(18,020)
✓ [11st] 지도표성경김 재래 식탁김 4g 12봉 3개 총36봉 | 우리 12,960 → 네이버 비슷(12,960)
✓ [11st] 투게더 바닐라 오리지널 900ml 3+2 | 우리 26,100 → 네이버 추천(28,190)
✓ [11st] Gery 크런치롤 초코바 12개+12개 | 우리 13,900 → 네이버 비추(11,700)
✓ [11st] 압도적 상쾌함 플랙커스 트윈라인 치실 300개입 | 우리 12,500 → 네이버 비추(11,900)
✓ [11st] 오아로 트리벨리 파프리카 1.2kg | 우리 9,380 → 네이버 비슷(9,500)
✓ [11st] 소문난삼부자 올리브유 도시락김 4g 48봉 | 우리 15,400 → 네이버 비추(11,700)
✓ [11st] 출고당일 버무려요 한상궁김치 겉절이 2kg | 우리 10,970 → 네이버 비슷(10,880)
✓ [11st] 도펠헤르츠 액티브 마그네슘 400 6개세트(6개월분) | 우리 32,760 → 네이버 비추(31,140)
✓ [11st] 향긋한깻잎/별미김치/반찬 한상궁김치 깻잎김치 500g | 우리 10,540 → 네이버 추천(13,510)
✓ [coupang] 미니멜츠 바나나스플릿맛 구슬아이스크림 (냉동), 50g, 1개입, 6 | 우리 11,800 → 네이버 추천(16,370)
✓ [coupang] 돌돌말이 대패 삼겹살 (냉동), 500g, 1개 | 우리 6,990 → 네이버 비추(6,000)
✓ [coupang] 행복이든 찹쌀 독정RPC, 5kg, 1개 | 우리 18,900 → 네이버 추천(30,200)
✓ [coupang] 퍼실 딥클린 초미세세탁 파워젤 드럼용 액체세제 리필, 1개, 1.8L | 우리 10,500 → 네이버 비추(7,530)
✓ [coupang] 뉴트리디데이 프리미엄 마그네슘 400, 90정, 1개 | 우리 10,900 → 네이버 추천(13,290)
✓ [coupang] 스너글 초고농축 섬유유연제 오리지널 허거블 코튼 리필, 2.6L, 1 | 우리 11,770 → 네이버 비추(11,000)
✓ [coupang] 아브카 맥주효모 두피케어 탈모증상 완화 샴푸 티트리향, 1L, 1개 | 우리 8,980 → 네이버 비추(7,700)

판정 23/123 (19%) · DB기록 123건
✓ [gmarket] 오뚜기 닭한마리 칼국수 2팩+진밀면 2팩(총16개입) | 우리 14,900 → 네이버 비슷(14,900)
✓ [gmarket] 3구 인덕션 전기레인지 대화구 3400W 용기적합성 CIR-VB330 | 우리 279,720 → 네이버 비추(272,060)
✓ [gmarket] 불스원 클리어뷰 스프레이형 발수코팅제 300ml(시야확보안전운전) | 우리 9,500 → 네이버 추천(11,180)
✓ [gmarket] 베베숲 프라임 아기물티슈 70매 캡 20팩 프리미엄 아기 물티슈/고평 | 우리 24,910 → 네이버 추천(28,890)
✓ [gmarket] (신선집중) 한상궁김치 겉절이 2kg / 출고당일생산 | 우리 10,880 → 네이버 비추(10,640)
✓ [11st] 투게더 바닐라 오리지널 900ml 3+2 | 우리 26,100 → 네이버 추천(28,190)
✓ [11st] 압도적 상쾌함 플랙커스 트윈라인 치실 300개입 | 우리 12,500 → 네이버 비추(11,900)
✓ [11st] 바리스타룰스 그란데 무라벨 디카페인 아메리카노 20개외 | 우리 21,900 → 네이버 비추(18,430)
✓ [11st] Gery 크런치롤 초코바 12개+12개 | 우리 13,900 → 네이버 비추(11,700)
✓ [11st] 지도표성경김 재래 식탁김 4g 12봉 3개 총36봉 | 우리 12,960 → 네이버 비슷(12,960)
✓ [11st] 오아로 트리벨리 파프리카 1.2kg | 우리 9,380 → 네이버 비슷(9,500)
✓ [11st] 소문난삼부자 올리브유 도시락김 4g 48봉 | 우리 15,400 → 네이버 비추(11,700)
✓ [11st] 출고당일 버무려요 한상궁김치 겉절이 2kg | 우리 10,970 → 네이버 비추(10,640)
✓ [11st] 도펠헤르츠 액티브 마그네슘 400 6개세트(6개월분) | 우리 32,760 → 네이버 비추(31,140)
✓ [coupang] 미니멜츠 바나나스플릿맛 구슬아이스크림 (냉동), 50g, 1개입, 6 | 우리 11,800 → 네이버 추천(16,370)
✓ [coupang] 돌돌말이 대패 삼겹살 (냉동), 500g, 1개 | 우리 6,990 → 네이버 비추(6,000)
✓ [coupang] 행복이든 찹쌀 독정RPC, 5kg, 1개 | 우리 18,900 → 네이버 추천(30,200)
✓ [coupang] 퍼실 딥클린 초미세세탁 파워젤 드럼용 액체세제 리필, 1개, 1.8L | 우리 10,500 → 네이버 비추(7,530)
✓ [coupang] 뉴트리디데이 프리미엄 마그네슘 400, 90정, 1개 | 우리 10,900 → 네이버 추천(13,290)
✓ [coupang] 스너글 초고농축 섬유유연제 오리지널 허거블 코튼 리필, 2.6L, 1 | 우리 11,770 → 네이버 비추(11,000)
✓ [coupang] 아브카 맥주효모 두피케어 탈모증상 완화 샴푸 티트리향, 1L, 1개 | 우리 8,980 → 네이버 비추(7,700)

판정 21/125 (17%) · DB기록 125건
✓ [gmarket] 오뚜기 닭한마리 칼국수 2팩+진밀면 2팩(총16개입) | 우리 14,900 → 네이버 비슷(14,900)
✓ [gmarket] 3구 인덕션 전기레인지 대화구 3400W 용기적합성 CIR-VB330 | 우리 279,720 → 네이버 비추(272,060)
✓ [gmarket] 불스원 클리어뷰 스프레이형 발수코팅제 300ml(시야확보안전운전) | 우리 9,500 → 네이버 추천(11,180)
✓ [gmarket] 베베숲 프라임 아기물티슈 70매 캡 20팩 프리미엄 아기 물티슈/고평 | 우리 24,910 → 네이버 추천(28,890)
✓ [gmarket] (신선집중) 한상궁김치 겉절이 2kg / 출고당일생산 | 우리 10,880 → 네이버 비추(10,640)
✓ [11st] 지도표성경김 재래 식탁김 4g 12봉 3개 총36봉 | 우리 12,960 → 네이버 비슷(12,960)
✓ [11st] 투게더 바닐라 오리지널 900ml 3+2 | 우리 26,100 → 네이버 추천(28,190)
✓ [11st] 압도적 상쾌함 플랙커스 트윈라인 치실 300개입 | 우리 12,500 → 네이버 비추(11,900)
✓ [11st] 바리스타룰스 그란데 무라벨 디카페인 아메리카노 20개외 | 우리 21,900 → 네이버 비추(18,430)
✓ [11st] Gery 크런치롤 초코바 12개+12개 | 우리 13,900 → 네이버 비추(11,700)
✓ [11st] 오아로 트리벨리 파프리카 1.2kg | 우리 9,380 → 네이버 비슷(9,500)
✓ [11st] 소문난삼부자 올리브유 도시락김 4g 48봉 | 우리 15,400 → 네이버 비추(11,700)
✓ [11st] 출고당일 버무려요 한상궁김치 겉절이 2kg | 우리 10,970 → 네이버 비추(10,640)
✓ [11st] 도펠헤르츠 액티브 마그네슘 400 6개세트(6개월분) | 우리 32,760 → 네이버 비추(31,140)
✓ [11st] [실시간 출입 알림+0초 잠김] 직방 어반 와이파이 연동 지문인식 푸 | 우리 279,200 → 네이버 비슷(280,000)
✓ [11st] 역대급 여름 대비 스마트한 대용량 제습기 에어메이드 1등급 냉각 살균 | 우리 299,000 → 네이버 추천(311,000)
✓ [coupang] 연세두유 무가당 고칼슘 오리지널, 190ml, 16개 | 우리 11,900 → 네이버 비슷(11,900)
✓ [coupang] 더독 소프트 생육 쫀득 강아지 간식 육포한입, 비프, 100g, 4개 | 우리 13,380 → 네이버 추천(34,010)
✓ [coupang] 고급진 더맛있는 삼겹살 제육볶음, 1kg, 1팩 | 우리 13,990 → 네이버 추천(18,740)

판정 19/124 (15%) · DB기록 124건
✓ [gmarket] 오뚜기 닭한마리 칼국수 2팩+진밀면 2팩(총16개입) | 우리 14,900 → 네이버 비슷(14,900)
✓ [gmarket] 3구 인덕션 전기레인지 대화구 3400W 용기적합성 CIR-VB330 | 우리 279,720 → 네이버 비추(272,060)
✓ [gmarket] 불스원 클리어뷰 스프레이형 발수코팅제 300ml(시야확보안전운전) | 우리 9,500 → 네이버 추천(11,180)
✓ [gmarket] 베베숲 프라임 아기물티슈 70매 캡 20팩 프리미엄 아기 물티슈/고평 | 우리 24,910 → 네이버 추천(28,890)
✓ [gmarket] (신선집중) 한상궁김치 겉절이 2kg / 출고당일생산 | 우리 10,880 → 네이버 비추(10,640)
✓ [11st] 지도표성경김 재래 식탁김 4g 12봉 3개 총36봉 | 우리 12,960 → 네이버 비슷(12,960)
✓ [11st] 투게더 바닐라 오리지널 900ml 3+2 | 우리 26,100 → 네이버 추천(28,190)
✓ [11st] 압도적 상쾌함 플랙커스 트윈라인 치실 300개입 | 우리 12,500 → 네이버 비추(11,900)
✓ [11st] 바리스타룰스 그란데 무라벨 디카페인 아메리카노 20개외 | 우리 21,900 → 네이버 비추(18,630)
✓ [11st] Gery 크런치롤 초코바 12개+12개 | 우리 13,900 → 네이버 비추(11,700)
✓ [11st] 오아로 트리벨리 파프리카 1.2kg | 우리 9,380 → 네이버 비슷(9,500)
✓ [11st] 소문난삼부자 올리브유 도시락김 4g 48봉 | 우리 15,400 → 네이버 비추(11,700)
✓ [11st] 출고당일 버무려요 한상궁김치 겉절이 2kg | 우리 10,970 → 네이버 비추(10,640)
✓ [11st] 도펠헤르츠 액티브 마그네슘 400 6개세트(6개월분) | 우리 32,760 → 네이버 비추(31,140)
✓ [11st] 역대급 여름 대비 스마트한 대용량 제습기 에어메이드 1등급 냉각 살균 | 우리 299,000 → 네이버 비슷(299,000)
✓ [11st] 동원 덴마크 인포켓 치즈 오리지널/라이트 20g 30개 | 우리 18,900 → 네이버 추천(22,050)
✓ [11st] 26년 신제품 한일 14인치 초미풍 리모컨 선풍기 EFe-A140R | 우리 45,900 → 네이버 추천(50,900)
✓ [coupang] 연세두유 무가당 고칼슘 오리지널, 190ml, 16개 | 우리 11,900 → 네이버 비슷(11,900)
✓ [coupang] 더독 소프트 생육 쫀득 강아지 간식 육포한입, 비프, 100g, 4개 | 우리 13,380 → 네이버 추천(34,010)
✓ [coupang] 고급진 더맛있는 삼겹살 제육볶음, 1kg, 1팩 | 우리 13,990 → 네이버 추천(18,740)

판정 20/125 (16%) · DB기록 125건
✓ [gmarket] 농가살리기 푸짐한 맛 배터지는 고기듬뿍 감자탕 5kg(8~10인분) | 우리 18,450 → 네이버 비추(17,760)
✓ [gmarket] (1+1) 루글리오 엑스트라버진 올리브 오일 1L x 2개 올리브유  | 우리 26,690 → 네이버 추천(37,960)
✓ [gmarket] 짜왕 8개 + 오징어짬뽕 10개 | 우리 18,710 → 네이버 비추(17,290)
✓ [gmarket] 코카콜라제로 190ml 30캔 + 스프라이트 제로 위드 티 350ml | 우리 24,030 → 네이버 비추(23,240)
✓ [gmarket] 단하루 특가) 슈어메디 리포좀 글루타치온 시그니처 9S 28매 2박스 | 우리 9,910 → 네이버 추천(14,450)
✓ [gmarket] (7/22단하루_앵콜쇼츠딜1.5만) 오스템 뷰센 더블와이드 칫솔 8P | 우리 15,300 → 네이버 추천(17,260)
✓ [gmarket] 베베숲 프라임 아기물티슈 70매 캡 20팩 프리미엄 아기 물티슈/고평 | 우리 24,910 → 네이버 추천(28,890)
✓ [11st] 로렌조 올리브 오일 엑스트라 버진 No.1 500ml | 우리 35,740 → 네이버 비슷(35,740)
✓ [11st] 망고 IPX5 방수 리모컨 필터없는 직수 비데 MB-8811RNF | 우리 128,780 → 네이버 추천(143,100)
✓ [11st] 소문난삼부자 올리브유 도시락김 4g 48봉 | 우리 15,400 → 네이버 비추(11,700)
✓ [11st] 출고당일 버무려요 한상궁김치 겉절이 2kg | 우리 10,970 → 네이버 비추(10,640)
✓ [coupang] 연세두유 무가당 고칼슘 오리지널, 190ml, 16개 | 우리 11,900 → 네이버 비슷(11,900)
✓ [coupang] 더독 소프트 생육 쫀득 강아지 간식 육포한입, 비프, 100g, 4개 | 우리 13,380 → 네이버 추천(34,010)
✓ [coupang] 고급진 더맛있는 삼겹살 제육볶음, 1kg, 1팩 | 우리 13,990 → 네이버 추천(18,740)

판정 14/122 (11%) · DB기록 122건
✓ [gmarket] (타임딜초특가) 마렐라XL 3.5L 화이트+기본필터 1입 | 우리 19,800 → 네이버 추천(31,900)
✓ [gmarket] 동아제약 이체크 갱년기 테스트기 2개입 | 우리 9,900 → 네이버 추천(11,920)
✓ [gmarket] 단하루 특가) 슈어메디 리포좀 글루타치온 시그니처 9S 28매 2박스 | 우리 9,910 → 네이버 추천(14,450)
✓ [gmarket] (7/22단하루_앵콜쇼츠딜1.5만) 오스템 뷰센 더블와이드 칫솔 8P | 우리 15,300 → 네이버 추천(17,260)
✓ [gmarket] 베베숲 프라임 아기물티슈 70매 캡 20팩 프리미엄 아기 물티슈/고평 | 우리 24,910 → 네이버 추천(28,890)
✓ [gmarket] 농가살리기 푸짐한 맛 배터지는 고기듬뿍 감자탕 5kg(8~10인분) | 우리 18,620 → 네이버 비추(17,760)
✓ [11st] 로렌조 올리브 오일 엑스트라 버진 No.1 500ml | 우리 35,740 → 네이버 비슷(35,740)
✓ [11st] 망고 IPX5 방수 리모컨 필터없는 직수 비데 MB-8811RNF | 우리 128,780 → 네이버 추천(143,100)
✓ [11st] 소문난삼부자 올리브유 도시락김 4g 48봉 | 우리 15,400 → 네이버 비추(11,700)
✓ [11st] 출고당일 버무려요 한상궁김치 겉절이 2kg | 우리 10,970 → 네이버 비추(10,640)
✓ [11st] 재구매 많은 상품 망고 IPX5 방수 리모컨 필터없는 직수 비데 MB | 우리 128,780 → 네이버 추천(143,100)
✓ [coupang] 연세두유 무가당 고칼슘 오리지널, 190ml, 16개 | 우리 11,900 → 네이버 비슷(11,900)
✓ [coupang] 더독 소프트 생육 쫀득 강아지 간식 육포한입, 비프, 100g, 4개 | 우리 13,380 → 네이버 추천(34,010)
✓ [coupang] 고급진 더맛있는 삼겹살 제육볶음, 1kg, 1팩 | 우리 13,990 → 네이버 추천(18,740)

판정 14/127 (11%) · DB기록 127건
✓ [gmarket] (타임딜초특가) 마렐라XL 3.5L 화이트+기본필터 1입 | 우리 19,800 → 네이버 추천(31,900)
✓ [gmarket] 동아제약 이체크 갱년기 테스트기 2개입 | 우리 9,900 → 네이버 추천(11,920)
✓ [gmarket] 단하루 특가) 슈어메디 리포좀 글루타치온 시그니처 9S 28매 2박스 | 우리 9,910 → 네이버 추천(14,450)
✓ [gmarket] (7/22단하루_앵콜쇼츠딜1.5만) 오스템 뷰센 더블와이드 칫솔 8P | 우리 15,300 → 네이버 추천(17,260)
✓ [gmarket] 베베숲 프라임 아기물티슈 70매 캡 20팩 프리미엄 아기 물티슈/고평 | 우리 24,910 → 네이버 추천(28,890)
✓ [gmarket] 농가살리기 푸짐한 맛 배터지는 고기듬뿍 감자탕 5kg(8~10인분) | 우리 18,530 → 네이버 비추(17,760)
✓ [11st] 천일 사누끼 우동 10인분 1세트 | 우리 10,850 → 네이버 비슷(10,850)
✓ [11st] 진짜 갈비살로 만든 인생 떡갈비 400g 3봉 | 우리 15,900 → 네이버 비슷(15,900)
✓ [11st] 마이라이프 내추럴스 매스틱검1000mg 240 야채캡슐 2병 | 우리 39,510 → 네이버 비추(22,710)
✓ [11st] 한닢쿡 동전육수 진한/홍게/시원/사골 3봉 60알 240g | 우리 10,920 → 네이버 비슷(10,920)
✓ [11st] 천일 사누끼 우동 10인분 1세트 (면1인분10개+소스10개+건더기1 | 우리 10,850 → 네이버 비슷(10,850)
✓ [11st] 출고당일 버무려요 한상궁김치 겉절이 2kg | 우리 10,970 → 네이버 비추(10,640)
✓ [11st] 소문난삼부자 올리브유 도시락김 4g 48봉 | 우리 15,400 → 네이버 비추(11,700)
✓ [11st] 역대급 여름 대비 스마트한 대용량 제습기 에어메이드 1등급 냉각 살균 | 우리 299,000 → 네이버 추천(311,000)
✓ [coupang] 연세두유 무가당 고칼슘 오리지널, 190ml, 16개 | 우리 11,900 → 네이버 비슷(11,900)
✓ [coupang] 더독 소프트 생육 쫀득 강아지 간식 육포한입, 비프, 100g, 4개 | 우리 13,380 → 네이버 추천(34,010)
✓ [coupang] 고급진 더맛있는 삼겹살 제육볶음, 1kg, 1팩 | 우리 13,990 → 네이버 추천(18,740)

판정 17/124 (14%) · DB기록 124건
✓ [gmarket] (타임딜초특가) 마렐라XL 3.5L 화이트+기본필터 1입 | 우리 19,800 → 네이버 추천(31,900)
✓ [gmarket] 동아제약 이체크 갱년기 테스트기 2개입 | 우리 9,900 → 네이버 추천(11,920)
✓ [gmarket] 단하루 특가) 슈어메디 리포좀 글루타치온 시그니처 9S 28매 2박스 | 우리 9,910 → 네이버 추천(14,450)
✓ [gmarket] (7/22단하루_앵콜쇼츠딜1.5만) 오스템 뷰센 더블와이드 칫솔 8P | 우리 15,300 → 네이버 추천(17,260)
✓ [gmarket] 베베숲 프라임 아기물티슈 70매 캡 20팩 프리미엄 아기 물티슈/고평 | 우리 24,910 → 네이버 추천(28,890)
✓ [gmarket] 농가살리기 푸짐한 맛 배터지는 고기듬뿍 감자탕 5kg(8~10인분) | 우리 18,530 → 네이버 비추(17,760)
✓ [11st] 천일 사누끼 우동 10인분 1세트 | 우리 10,850 → 네이버 비슷(10,850)
✓ [11st] 진짜 갈비살로 만든 인생 떡갈비 400g 3봉 | 우리 15,900 → 네이버 비슷(15,900)
✓ [11st] 마이라이프 내추럴스 매스틱검1000mg 240 야채캡슐 2병 | 우리 39,510 → 네이버 비추(22,710)
✓ [11st] 천일 사누끼 우동 10인분 1세트 (면1인분10개+소스10개+건더기1 | 우리 10,850 → 네이버 비슷(10,850)
✓ [11st] 출고당일 버무려요 한상궁김치 겉절이 2kg | 우리 10,970 → 네이버 비추(10,640)
✓ [11st] 소문난삼부자 올리브유 도시락김 4g 48봉 | 우리 15,400 → 네이버 비추(11,700)
✓ [11st] 역대급 여름 대비 스마트한 대용량 제습기 에어메이드 1등급 냉각 살균 | 우리 299,000 → 네이버 추천(311,000)
✓ [coupang] 연세두유 무가당 고칼슘 오리지널, 190ml, 16개 | 우리 11,900 → 네이버 비슷(11,900)
✓ [coupang] 더독 소프트 생육 쫀득 강아지 간식 육포한입, 비프, 100g, 4개 | 우리 13,380 → 네이버 추천(34,010)
✓ [coupang] 고급진 더맛있는 삼겹살 제육볶음, 1kg, 1팩 | 우리 13,990 → 네이버 추천(18,740)

판정 16/125 (13%) · DB기록 125건
✓ [gmarket] (타임딜초특가) 마렐라XL 3.5L 화이트+기본필터 1입 | 우리 19,800 → 네이버 추천(31,900)
✓ [gmarket] 동아제약 이체크 갱년기 테스트기 2개입 | 우리 9,900 → 네이버 추천(11,920)
✓ [gmarket] 단하루 특가) 슈어메디 리포좀 글루타치온 시그니처 9S 28매 2박스 | 우리 9,910 → 네이버 추천(14,450)
✓ [gmarket] (7/22단하루_앵콜쇼츠딜1.5만) 오스템 뷰센 더블와이드 칫솔 8P | 우리 15,300 → 네이버 추천(17,260)
✓ [gmarket] 베베숲 프라임 아기물티슈 70매 캡 20팩 프리미엄 아기 물티슈/고평 | 우리 24,910 → 네이버 추천(28,890)
✓ [gmarket] 농가살리기 푸짐한 맛 배터지는 고기듬뿍 감자탕 5kg(8~10인분) | 우리 18,530 → 네이버 비추(17,760)
✓ [11st] 이쌀이다 25년산 햅쌀 어사명품 삼광쌀 10kg 특/단일 | 우리 36,330 → 네이버 비추(34,380)
✓ [11st] 하츠 공기정화 11L 스마트 제습기 CDH-281F | 우리 79,000 → 네이버 추천(99,190)
✓ [11st] 인포켓치즈 오리지널/라이트 20g 30개/체다/아기치즈 | 우리 18,900 → 네이버 추천(24,100)
✓ [11st] 신라명과 허니버터카스테라 10개입 선물용쇼핑백 | 우리 10,400 → 네이버 비추(9,810)
✓ [11st] [1개+1개] 홈365 국산 16A 일반 멀티탭 2구 0.7m | 우리 7,900 → 네이버 비추(3,240)
✓ [11st] 출고당일 버무려요 한상궁김치 겉절이 2kg | 우리 10,970 → 네이버 비추(10,640)
✓ [11st] 찰진밥맛의 삼광 특품 [이쌀이다] 25년산 햅쌀 어사명품 삼광쌀 10 | 우리 36,330 → 네이버 비추(32,580)
✓ [11st] 소문난삼부자 올리브유 도시락김 4g 48봉 | 우리 15,400 → 네이버 비추(11,700)
✓ [11st] 하츠 공기정화 11L 스마트 제습기 브레싱 CDH-281F | 우리 79,000 → 네이버 추천(99,190)
✓ [coupang] 헤트라스 프리미엄 대용량 디퓨저 선물세트 섬유스틱 10p, 블랙체리, | 우리 18,130 → 네이버 추천(26,400)
✓ [coupang] 연세두유 무가당 고칼슘 오리지널, 190ml, 16개 | 우리 11,900 → 네이버 비슷(11,900)
✓ [coupang] 더독 소프트 생육 쫀득 강아지 간식 육포한입, 비프, 100g, 4개 | 우리 13,380 → 네이버 추천(34,010)
✓ [coupang] 고급진 더맛있는 삼겹살 제육볶음, 1kg, 1팩 | 우리 13,990 → 네이버 추천(18,740)

판정 19/130 (15%) · DB기록 130건
✓ [gmarket] (타임딜초특가) 마렐라XL 3.5L 화이트+기본필터 1입 | 우리 19,800 → 네이버 추천(31,900)
✓ [gmarket] 동아제약 이체크 갱년기 테스트기 2개입 | 우리 9,900 → 네이버 추천(11,920)
✓ [gmarket] 단하루 특가) 슈어메디 리포좀 글루타치온 시그니처 9S 28매 2박스 | 우리 9,910 → 네이버 추천(14,450)
✓ [gmarket] (7/22단하루_앵콜쇼츠딜1.5만) 오스템 뷰센 더블와이드 칫솔 8P | 우리 15,300 → 네이버 추천(17,260)
✓ [gmarket] 베베숲 프라임 아기물티슈 70매 캡 20팩 프리미엄 아기 물티슈/고평 | 우리 24,910 → 네이버 추천(28,890)
✓ [gmarket] 농가살리기 푸짐한 맛 배터지는 고기듬뿍 감자탕 5kg(8~10인분) | 우리 18,530 → 네이버 비추(17,760)
✓ [gmarket] 데체코 엑스트라버진 올리브 오일 1L 2병 + 증정 데체코 다이스 토 | 우리 33,900 → 네이버 비슷(33,900)
✓ [11st] 인포켓치즈 오리지널/라이트 20g 30개/체다/아기치즈 | 우리 18,900 → 네이버 추천(24,100)
✓ [11st] [1개+1개] 홈365 국산 16A 일반 멀티탭 2구 0.7m | 우리 7,900 → 네이버 비추(3,240)
✓ [11st] 신라명과 허니버터카스테라 10개입 선물용쇼핑백 | 우리 10,400 → 네이버 비추(9,810)
✓ [11st] 하츠 공기정화 11L 스마트 제습기 CDH-281F | 우리 79,000 → 네이버 비슷(79,000)
✓ [11st] 이쌀이다 25년산 햅쌀 어사명품 삼광쌀 10kg 특/단일 | 우리 36,330 → 네이버 비추(34,380)
✓ [11st] 하츠 공기정화 11L 스마트 제습기 브레싱 CDH-281F | 우리 79,000 → 네이버 비슷(79,000)
✓ [11st] 찰진밥맛의 삼광 특품 [이쌀이다] 25년산 햅쌀 어사명품 삼광쌀 10 | 우리 36,330 → 네이버 비추(32,580)
✓ [11st] 출고당일 버무려요 한상궁김치 겉절이 2kg | 우리 10,970 → 네이버 비추(10,640)
✓ [11st] 동원 덴마크 인포켓 치즈 오리지널/라이트 20g 30개 | 우리 18,900 → 네이버 추천(22,050)
✓ [11st] 소문난삼부자 올리브유 도시락김 4g 48봉 | 우리 15,400 → 네이버 비추(11,700)
✓ [coupang] 헤트라스 프리미엄 대용량 디퓨저 선물세트 섬유스틱 10p, 블랙체리, | 우리 18,130 → 네이버 추천(26,400)
✓ [coupang] 연세두유 무가당 고칼슘 오리지널, 190ml, 16개 | 우리 11,900 → 네이버 비슷(11,900)
✓ [coupang] 더독 소프트 생육 쫀득 강아지 간식 육포한입, 비프, 100g, 4개 | 우리 13,380 → 네이버 추천(34,010)
✓ [coupang] 고급진 더맛있는 삼겹살 제육볶음, 1kg, 1팩 | 우리 13,990 → 네이버 추천(18,740)

판정 21/128 (16%) · DB기록 128건
✓ [gmarket] (타임딜초특가) 마렐라XL 3.5L 화이트+기본필터 1입 | 우리 19,800 → 네이버 추천(31,900)
✓ [gmarket] 동아제약 이체크 갱년기 테스트기 2개입 | 우리 9,900 → 네이버 추천(11,920)
✓ [gmarket] 단하루 특가) 슈어메디 리포좀 글루타치온 시그니처 9S 28매 2박스 | 우리 9,910 → 네이버 추천(14,450)
✓ [gmarket] (7/22단하루_앵콜쇼츠딜1.5만) 오스템 뷰센 더블와이드 칫솔 8P | 우리 15,300 → 네이버 추천(17,260)
✓ [gmarket] 베베숲 프라임 아기물티슈 70매 캡 20팩 프리미엄 아기 물티슈/고평 | 우리 24,910 → 네이버 추천(28,890)
✓ [gmarket] 농가살리기 푸짐한 맛 배터지는 고기듬뿍 감자탕 5kg(8~10인분) | 우리 18,530 → 네이버 비추(17,760)
✓ [gmarket] 데체코 엑스트라버진 올리브 오일 1L 2병 + 증정 데체코 다이스 토 | 우리 33,900 → 네이버 비슷(33,900)
✓ [11st] 인테로 알티지 오메가3 밸런스 90캡슐, 3개월분 외 | 우리 20,960 → 네이버 비슷(20,960)
✓ [11st] 빈순 딥 모이스처 자작나무 수액 수분장벽 앰플 40ml | 우리 9,900 → 네이버 추천(15,750)
✓ [11st] 클래식디자인! [7월23일 단하루] 나푸아 ND2500 클래식무드 8 | 우리 178,000 → 네이버 추천(198,000)
✓ [11st] 동원 덴마크 인포켓 치즈 오리지널/라이트 20g 30개 | 우리 18,900 → 네이버 추천(22,050)
✓ [11st] 쿠첸 본사 정품 더핏 듀얼프레셔 6인용 CRS-FWK0640W 화이트 | 우리 159,000 → 네이버 비슷(159,000)
✓ [11st] 쿠첸 본사 정품 더핏 듀얼프레셔 10인용 CRS-FWK1040W, 화 | 우리 169,000 → 네이버 비추(161,850)
✓ [coupang] 연세두유 무가당 고칼슘 오리지널, 190ml, 16개 | 우리 11,900 → 네이버 비슷(11,900)
✓ [coupang] 더독 소프트 생육 쫀득 강아지 간식 육포한입, 비프, 100g, 4개 | 우리 13,380 → 네이버 추천(34,010)
✓ [coupang] 고급진 더맛있는 삼겹살 제육볶음, 1kg, 1팩 | 우리 13,990 → 네이버 추천(18,740)

판정 16/123 (13%) · DB기록 123건
✓ [gmarket] (타임딜초특가) 마렐라XL 3.5L 화이트+기본필터 1입 | 우리 19,800 → 네이버 추천(31,900)
✓ [gmarket] 동아제약 이체크 갱년기 테스트기 2개입 | 우리 9,900 → 네이버 추천(11,920)
✓ [gmarket] 단하루 특가) 슈어메디 리포좀 글루타치온 시그니처 9S 28매 2박스 | 우리 9,910 → 네이버 추천(14,450)
✓ [gmarket] (7/22단하루_앵콜쇼츠딜1.5만) 오스템 뷰센 더블와이드 칫솔 8P | 우리 15,300 → 네이버 추천(17,260)
✓ [gmarket] 베베숲 프라임 아기물티슈 70매 캡 20팩 프리미엄 아기 물티슈/고평 | 우리 24,910 → 네이버 추천(28,890)
✓ [gmarket] 농가살리기 푸짐한 맛 배터지는 고기듬뿍 감자탕 5kg(8~10인분) | 우리 18,530 → 네이버 비추(17,760)
✓ [gmarket] 데체코 엑스트라버진 올리브 오일 1L 2병 + 증정 데체코 다이스 토 | 우리 33,900 → 네이버 비슷(33,900)
✓ [11st] 인테로 알티지 오메가3 밸런스 90캡슐, 3개월분 외 | 우리 20,960 → 네이버 비슷(20,960)
✓ [11st] 빈순 딥 모이스처 자작나무 수액 수분장벽 앰플 40ml | 우리 9,900 → 네이버 추천(15,750)
✓ [11st] 클래식디자인! [7월23일 단하루] 나푸아 ND2500 클래식무드 8 | 우리 178,000 → 네이버 추천(198,000)
✓ [11st] 동원 덴마크 인포켓 치즈 오리지널/라이트 20g 30개 | 우리 18,900 → 네이버 추천(22,050)
✓ [11st] 위닉스 인버터 제습기 21L DXWH218-NEK, 에너지등급 1등급 | 우리 399,000 → 네이버 추천(409,000)
✓ [11st] #BB크림 에스쁘아 NEW 더마커버 블레미쉬 밤 40g (+미니 더마 | 우리 21,000 → 네이버 비추(16,900)
✓ [11st] [내일도착] 네추럴라이즈 이뮨 알로에 젤리스틱 60포 / 대용량 가성 | 우리 29,900 → 네이버 추천(32,510)
✓ [11st] [롯데칠성] 칠성사이다 제로, 210ml, 60캔 | 우리 27,900 → 네이버 비추(22,200)
✓ [11st] [칸타타] 콘트라베이스 콜드브루 스위트 블랙 500ml, 24개 | 우리 27,900 → 네이버 비추(25,240)
✓ [coupang] 연세두유 무가당 고칼슘 오리지널, 190ml, 16개 | 우리 11,900 → 네이버 비슷(11,900)
✓ [coupang] 더독 소프트 생육 쫀득 강아지 간식 육포한입, 비프, 100g, 4개 | 우리 13,380 → 네이버 추천(34,010)
✓ [coupang] 고급진 더맛있는 삼겹살 제육볶음, 1kg, 1팩 | 우리 13,990 → 네이버 추천(18,740)

판정 19/123 (15%) · DB기록 123건
✓ [gmarket] (타임딜초특가) 마렐라XL 3.5L 화이트+기본필터 1입 | 우리 19,800 → 네이버 추천(31,900)
✓ [gmarket] 동아제약 이체크 갱년기 테스트기 2개입 | 우리 9,900 → 네이버 추천(11,920)
✓ [gmarket] 단하루 특가) 슈어메디 리포좀 글루타치온 시그니처 9S 28매 2박스 | 우리 9,910 → 네이버 추천(14,450)
✓ [gmarket] (7/22단하루_앵콜쇼츠딜1.5만) 오스템 뷰센 더블와이드 칫솔 8P | 우리 15,300 → 네이버 추천(17,260)
✓ [gmarket] 베베숲 프라임 아기물티슈 70매 캡 20팩 프리미엄 아기 물티슈/고평 | 우리 24,910 → 네이버 추천(28,890)
✓ [gmarket] 농가살리기 푸짐한 맛 배터지는 고기듬뿍 감자탕 5kg(8~10인분) | 우리 18,530 → 네이버 비추(17,760)
✓ [gmarket] 데체코 엑스트라버진 올리브 오일 1L 2병 + 증정 데체코 다이스 토 | 우리 33,900 → 네이버 비슷(33,900)
✓ [11st] 빈순 딥 모이스처 자작나무 수액 수분장벽 앰플 40ml | 우리 9,900 → 네이버 추천(15,750)
✓ [11st] 인테로 알티지 오메가3 밸런스 90캡슐, 3개월분 외 | 우리 20,960 → 네이버 비슷(20,960)
✓ [11st] 동원 덴마크 인포켓 치즈 오리지널/라이트 20g 30개 | 우리 18,900 → 네이버 추천(22,050)
✓ [11st] 클래식디자인! [7월23일 단하루] 나푸아 ND2500 클래식무드 8 | 우리 178,000 → 네이버 추천(198,000)
✓ [11st] [내일도착] 네추럴라이즈 이뮨 알로에 젤리스틱 60포 / 대용량 가성 | 우리 29,900 → 네이버 추천(32,510)
✓ [11st] 위닉스 인버터 제습기 21L DXWH218-NEK, 에너지등급 1등급 | 우리 399,000 → 네이버 비슷(399,000)
✓ [11st] #BB크림 에스쁘아 NEW 더마커버 블레미쉬 밤 40g (+미니 더마 | 우리 21,000 → 네이버 비추(16,900)
✓ [11st] [삼촌식탁] 달콤 짭짤 갈비맛 산적 1kg, 2봉(총2kg) | 우리 11,900 → 네이버 비슷(11,900)
✓ [11st] [역가수치 100만] 프리미엄 카무트 효소 with 카무트 브랜드 밀 | 우리 19,900 → 네이버 추천(24,160)
✓ [11st] [롯데칠성] 칠성사이다 제로, 210ml, 60캔 | 우리 27,900 → 네이버 비추(22,200)
✓ [11st] [칸타타] 콘트라베이스 콜드브루 스위트 블랙 500ml, 24개 | 우리 27,900 → 네이버 비추(25,240)
✓ [coupang] 연세두유 무가당 고칼슘 오리지널, 190ml, 16개 | 우리 11,900 → 네이버 비슷(11,900)
✓ [coupang] 더독 소프트 생육 쫀득 강아지 간식 육포한입, 비프, 100g, 4개 | 우리 13,380 → 네이버 추천(34,010)
✓ [coupang] 고급진 더맛있는 삼겹살 제육볶음, 1kg, 1팩 | 우리 13,990 → 네이버 추천(18,740)

판정 21/123 (17%) · DB기록 123건
✓ [gmarket] (타임딜초특가) 마렐라XL 3.5L 화이트+기본필터 1입 | 우리 19,800 → 네이버 추천(32,900)
✓ [gmarket] 동아제약 이체크 갱년기 테스트기 2개입 | 우리 9,900 → 네이버 추천(11,920)
✓ [gmarket] 단하루 특가) 슈어메디 리포좀 글루타치온 시그니처 9S 28매 2박스 | 우리 9,910 → 네이버 추천(14,450)
✓ [gmarket] (7/22단하루_앵콜쇼츠딜1.5만) 오스템 뷰센 더블와이드 칫솔 8P | 우리 15,300 → 네이버 추천(17,260)
✓ [gmarket] 베베숲 프라임 아기물티슈 70매 캡 20팩 프리미엄 아기 물티슈/고평 | 우리 24,910 → 네이버 추천(28,890)
✓ [gmarket] 농가살리기 푸짐한 맛 배터지는 고기듬뿍 감자탕 5kg(8~10인분) | 우리 18,530 → 네이버 비추(17,760)
✓ [gmarket] 데체코 엑스트라버진 올리브 오일 1L 2병 + 증정 데체코 다이스 토 | 우리 33,900 → 네이버 비슷(33,900)
✓ [11st] 빈순 딥 모이스처 자작나무 수액 수분장벽 앰플 40ml | 우리 9,900 → 네이버 추천(15,750)
✓ [11st] 인테로 알티지 오메가3 밸런스 90캡슐, 3개월분 외 | 우리 20,960 → 네이버 비슷(20,960)
✓ [11st] 동원 덴마크 인포켓 치즈 오리지널/라이트 20g 30개 | 우리 18,900 → 네이버 추천(22,050)
✓ [11st] 클래식디자인! [7월23일 단하루] 나푸아 ND2500 클래식무드 8 | 우리 178,000 → 네이버 추천(198,000)
✓ [11st] [이디야쿠폰] 드시모네 키즈 스텝2 블루베리향 60g, 30입, 3박 | 우리 169,000 → 네이버 비추(101,040)
✓ [11st] [삼촌식탁] 달콤 짭짤 갈비맛 산적 1kg, 2봉(총2kg) | 우리 11,900 → 네이버 비슷(11,900)
✓ [11st] [내일도착] 네추럴라이즈 이뮨 알로에 젤리스틱 60포 / 대용량 가성 | 우리 29,900 → 네이버 추천(32,510)
✓ [11st] 위닉스 인버터 제습기 21L DXWH218-NEK, 에너지등급 1등급 | 우리 399,000 → 네이버 비슷(399,000)
✓ [11st] #BB크림 에스쁘아 NEW 더마커버 블레미쉬 밤 40g (+미니 더마 | 우리 21,000 → 네이버 비추(16,900)
✓ [coupang] 연세두유 무가당 고칼슘 오리지널, 190ml, 16개 | 우리 11,900 → 네이버 비슷(11,900)
✓ [coupang] 더독 소프트 생육 쫀득 강아지 간식 육포한입, 비프, 100g, 4개 | 우리 13,380 → 네이버 추천(34,010)
✓ [coupang] 고급진 더맛있는 삼겹살 제육볶음, 1kg, 1팩 | 우리 13,990 → 네이버 추천(18,740)

판정 19/123 (15%) · DB기록 123건
✓ [gmarket] (타임딜초특가) 마렐라XL 3.5L 화이트+기본필터 1입 | 우리 19,800 → 네이버 추천(32,900)
✓ [gmarket] 동아제약 이체크 갱년기 테스트기 2개입 | 우리 9,900 → 네이버 추천(11,920)
✓ [gmarket] 단하루 특가) 슈어메디 리포좀 글루타치온 시그니처 9S 28매 2박스 | 우리 9,910 → 네이버 추천(14,450)
✓ [gmarket] (7/22단하루_앵콜쇼츠딜1.5만) 오스템 뷰센 더블와이드 칫솔 8P | 우리 15,300 → 네이버 추천(17,260)
✓ [gmarket] 베베숲 프라임 아기물티슈 70매 캡 20팩 프리미엄 아기 물티슈/고평 | 우리 24,910 → 네이버 추천(28,890)
✓ [gmarket] 농가살리기 푸짐한 맛 배터지는 고기듬뿍 감자탕 5kg(8~10인분) | 우리 18,530 → 네이버 비추(17,760)
✓ [gmarket] 데체코 엑스트라버진 올리브 오일 1L 2병 + 증정 데체코 다이스 토 | 우리 33,900 → 네이버 비슷(33,900)
✓ [coupang] 서주 헤이즐리콘 아이스크림 (냉동), 6개, 1개입, 150ml | 우리 8,310 → 네이버 추천(10,250)
✓ [coupang] 닥터지 그린딥 클렌징 오일, 210ml, 1개 | 우리 12,000 → 네이버 비추(9,990)
✓ [coupang] 어메이징오트 오리지널 혼합음료, 190ml, 24개 | 우리 14,200 → 네이버 비추(11,790)
✓ [coupang] 유한건강생활 이너플로라 UREX 프로바이오틱스 유산균, 30정, 1개 | 우리 24,590 → 네이버 비추(23,850)
✓ [coupang] 한우 1등급 불고기/샤브샤브용 (냉장), 300g, 1개 | 우리 10,290 → 네이버 비추(9,600)
✓ [coupang] 마이노멀 저당 저칼로리 블루베리잼, 320g, 1개 | 우리 11,680 → 네이버 비추(10,900)
✓ [coupang] 아이펫밀크 저지방 반려동물, 우유맛, 130ml, 10개 | 우리 15,490 → 네이버 추천(19,000)
✓ [coupang] 토레타 제로 이온음료, 500ml, 24개 | 우리 18,870 → 네이버 비추(12,050)
✓ [coupang] 해맑은푸드 마른오징어 몸통 5미 (냉동), 200g, 1개 | 우리 12,900 → 네이버 비추(10,900)
✓ [11st] 빈순 딥 모이스처 자작나무 수액 수분장벽 앰플 40ml | 우리 9,900 → 네이버 추천(15,750)
✓ [11st] 인테로 알티지 오메가3 밸런스 90캡슐, 3개월분 외 | 우리 20,960 → 네이버 비슷(20,960)
✓ [11st] 동원 덴마크 인포켓 치즈 오리지널/라이트 20g 30개 | 우리 18,900 → 네이버 추천(22,050)
✓ [11st] [내일도착] 네추럴라이즈 이뮨 알로에 젤리스틱 60포 / 대용량 가성 | 우리 29,900 → 네이버 추천(32,510)
✓ [11st] [삼촌식탁] 달콤 짭짤 갈비맛 산적 1kg, 2봉(총2kg) | 우리 11,900 → 네이버 비슷(11,900)
✓ [11st] 클래식디자인! [7월23일 단하루] 나푸아 ND2500 클래식무드 8 | 우리 178,000 → 네이버 추천(198,000)
✓ [11st] [이디야쿠폰] 드시모네 키즈 스텝2 블루베리향 60g, 30입, 3박 | 우리 169,000 → 네이버 비추(101,040)
✓ [11st] [칸타타] 콘트라베이스 콜드브루 블랙 500ml, 24개 | 우리 27,900 → 네이버 비추(23,800)
✓ [11st] [역가수치 100만] 프리미엄 카무트 효소 with 카무트 브랜드 밀 | 우리 19,900 → 네이버 추천(24,160)
✓ [11st] 위닉스 인버터 제습기 21L DXWH218-NEK, 에너지등급 1등급 | 우리 399,000 → 네이버 비슷(399,000)
✓ [11st] #BB크림 에스쁘아 NEW 더마커버 블레미쉬 밤 40g (+미니 더마 | 우리 21,000 → 네이버 비추(16,900)

판정 27/123 (22%) · DB기록 123건
✓ [gmarket] (타임딜초특가) 마렐라XL 3.5L 화이트+기본필터 1입 | 우리 19,800 → 네이버 추천(32,900)
✓ [gmarket] 동아제약 이체크 갱년기 테스트기 2개입 | 우리 9,900 → 네이버 추천(11,920)
✓ [gmarket] 단하루 특가) 슈어메디 리포좀 글루타치온 시그니처 9S 28매 2박스 | 우리 9,910 → 네이버 추천(14,450)
✓ [gmarket] (7/22단하루_앵콜쇼츠딜1.5만) 오스템 뷰센 더블와이드 칫솔 8P | 우리 15,300 → 네이버 추천(17,260)
✓ [gmarket] 베베숲 프라임 아기물티슈 70매 캡 20팩 프리미엄 아기 물티슈/고평 | 우리 24,910 → 네이버 추천(28,890)
✓ [gmarket] 농가살리기 푸짐한 맛 배터지는 고기듬뿍 감자탕 5kg(8~10인분) | 우리 18,530 → 네이버 비추(17,760)
✓ [gmarket] 데체코 엑스트라버진 올리브 오일 1L 2병 + 증정 데체코 다이스 토 | 우리 33,900 → 네이버 비슷(33,900)
✓ [11st] 빈순 딥 모이스처 자작나무 수액 수분장벽 앰플 40ml | 우리 9,900 → 네이버 추천(15,750)
✓ [11st] 인테로 알티지 오메가3 밸런스 90캡슐, 3개월분 외 | 우리 20,960 → 네이버 비슷(20,960)
✓ [11st] 동원 덴마크 인포켓 치즈 오리지널/라이트 20g 30개 | 우리 18,900 → 네이버 추천(22,050)
✓ [11st] [내일도착] 네추럴라이즈 이뮨 알로에 젤리스틱 60포 / 대용량 가성 | 우리 29,900 → 네이버 추천(32,510)
✓ [11st] [삼촌식탁] 달콤 짭짤 갈비맛 산적 1kg, 2봉(총2kg) | 우리 11,900 → 네이버 비슷(11,900)
✓ [11st] 클래식디자인! [7월23일 단하루] 나푸아 ND2500 클래식무드 8 | 우리 178,000 → 네이버 비슷(178,000)
✓ [11st] 위닉스 인버터 제습기 21L DXWH218-NEK, 에너지등급 1등급 | 우리 399,000 → 네이버 비슷(399,000)
✓ [11st] [롯데칠성] 칠성사이다 제로, 210ml, 30캔 | 우리 13,900 → 네이버 비추(12,000)
✓ [11st] [칸타타] 콘트라베이스 콜드브루 블랙 500ml, 24개 | 우리 27,190 → 네이버 비추(23,800)
✓ [11st] 올인원 프로바이오틱스 비타민 바이오가이아 유산균 비타민D 이지드롭 튜 | 우리 58,920 → 네이버 비추(34,700)
✓ [coupang] 서주 헤이즐리콘 아이스크림 (냉동), 6개, 1개입, 150ml | 우리 8,310 → 네이버 추천(10,250)
✓ [coupang] 닥터지 그린딥 클렌징 오일, 210ml, 1개 | 우리 12,000 → 네이버 비추(9,990)
✓ [coupang] 어메이징오트 오리지널 혼합음료, 190ml, 24개 | 우리 14,200 → 네이버 비추(11,790)
✓ [coupang] 유한건강생활 이너플로라 UREX 프로바이오틱스 유산균, 30정, 1개 | 우리 24,590 → 네이버 비추(23,850)
✓ [coupang] 한우 1등급 불고기/샤브샤브용 (냉장), 300g, 1개 | 우리 10,290 → 네이버 비추(9,600)
✓ [coupang] 마이노멀 저당 저칼로리 블루베리잼, 320g, 1개 | 우리 11,680 → 네이버 비추(10,900)
✓ [coupang] 아이펫밀크 저지방 반려동물, 우유맛, 130ml, 10개 | 우리 15,490 → 네이버 추천(19,000)
✓ [coupang] 토레타 제로 이온음료, 500ml, 24개 | 우리 18,870 → 네이버 비추(12,050)
✓ [coupang] 해맑은푸드 마른오징어 몸통 5미 (냉동), 200g, 1개 | 우리 12,900 → 네이버 비추(10,900)

판정 26/123 (21%) · DB기록 123건
✓ [gmarket] (타임딜초특가) 마렐라XL 3.5L 화이트+기본필터 1입 | 우리 19,800 → 네이버 추천(32,900)
✓ [gmarket] 동아제약 이체크 갱년기 테스트기 2개입 | 우리 9,900 → 네이버 추천(11,920)
✓ [gmarket] 단하루 특가) 슈어메디 리포좀 글루타치온 시그니처 9S 28매 2박스 | 우리 9,910 → 네이버 추천(14,450)
✓ [gmarket] (7/22단하루_앵콜쇼츠딜1.5만) 오스템 뷰센 더블와이드 칫솔 8P | 우리 15,300 → 네이버 추천(17,260)
✓ [gmarket] 베베숲 프라임 아기물티슈 70매 캡 20팩 프리미엄 아기 물티슈/고평 | 우리 24,910 → 네이버 추천(28,890)
✓ [gmarket] 농가살리기 푸짐한 맛 배터지는 고기듬뿍 감자탕 5kg(8~10인분) | 우리 18,530 → 네이버 비추(17,760)
✓ [gmarket] 데체코 엑스트라버진 올리브 오일 1L 2병 + 증정 데체코 다이스 토 | 우리 33,900 → 네이버 추천(36,900)
✓ [11st] 풀무원 미니 오븐 토스터 8L VD08CCM0 | 우리 49,000 → 네이버 추천(69,000)
✓ [11st] 필립스 멀티탭 고용량 과부하 차단 맥스 4구 2M 4000W | 우리 21,520 → 네이버 추천(26,900)
✓ [11st] 빙그레 요맘때 콘 아이스크림 150mL 12개 플레인 외 | 우리 16,900 → 네이버 비추(16,090)
✓ [11st] [1+1] 메이아일랜드 B5 히알루 선크림 70ml 2개 | 우리 8,910 → 네이버 추천(13,200)
✓ [11st] 함초소금+ 생강채+소스 증정 [대한민국농수산] 국내산 자포니카 민물장 | 우리 22,610 → 네이버 비추(20,900)
✓ [11st] 동원 덴마크 인포켓 치즈 오리지널/라이트 20g 30개 | 우리 18,900 → 네이버 추천(22,050)
✓ [11st] [내일도착] 네추럴라이즈 이뮨 알로에 젤리스틱 60포 / 대용량 가성 | 우리 29,900 → 네이버 추천(32,510)
✓ [11st] [품질보장] 이순신수산 국내산 흰다리새우 제철 생물 노지 활새우 1k | 우리 27,240 → 네이버 비추(15,000)
✓ [coupang] 서주 헤이즐리콘 아이스크림 (냉동), 6개, 1개입, 150ml | 우리 8,310 → 네이버 추천(10,250)
✓ [coupang] 닥터지 그린딥 클렌징 오일, 210ml, 1개 | 우리 12,000 → 네이버 비추(9,990)
✓ [coupang] 어메이징오트 오리지널 혼합음료, 190ml, 24개 | 우리 14,200 → 네이버 비추(11,790)
✓ [coupang] 유한건강생활 이너플로라 UREX 프로바이오틱스 유산균, 30정, 1개 | 우리 24,590 → 네이버 비슷(24,590)
✓ [coupang] 한우 1등급 불고기/샤브샤브용 (냉장), 300g, 1개 | 우리 10,290 → 네이버 비추(9,600)
✓ [coupang] 마이노멀 저당 저칼로리 블루베리잼, 320g, 1개 | 우리 11,680 → 네이버 비추(10,900)
✓ [coupang] 아이펫밀크 저지방 반려동물, 우유맛, 130ml, 10개 | 우리 15,490 → 네이버 추천(19,000)
✓ [coupang] 토레타 제로 이온음료, 500ml, 24개 | 우리 18,870 → 네이버 비추(12,050)
✓ [coupang] 해맑은푸드 마른오징어 몸통 5미 (냉동), 200g, 1개 | 우리 12,900 → 네이버 비추(10,900)

판정 24/122 (20%) · DB기록 122건
✓ [gmarket] (타임딜초특가) 마렐라XL 3.5L 화이트+기본필터 1입 | 우리 19,800 → 네이버 추천(32,900)
✓ [gmarket] 동아제약 이체크 갱년기 테스트기 2개입 | 우리 9,900 → 네이버 추천(11,920)
✓ [gmarket] 단하루 특가) 슈어메디 리포좀 글루타치온 시그니처 9S 28매 2박스 | 우리 9,910 → 네이버 추천(14,450)
✓ [gmarket] (7/22단하루_앵콜쇼츠딜1.5만) 오스템 뷰센 더블와이드 칫솔 8P | 우리 15,300 → 네이버 추천(17,260)
✓ [gmarket] 베베숲 프라임 아기물티슈 70매 캡 20팩 프리미엄 아기 물티슈/고평 | 우리 24,910 → 네이버 추천(28,890)
✓ [gmarket] 농가살리기 푸짐한 맛 배터지는 고기듬뿍 감자탕 5kg(8~10인분) | 우리 18,530 → 네이버 비추(17,760)
✓ [gmarket] 데체코 엑스트라버진 올리브 오일 1L 2병 + 증정 데체코 다이스 토 | 우리 33,900 → 네이버 추천(36,900)
✓ [11st] [1+1] 메이아일랜드 B5 히알루 선크림 70ml 2개 | 우리 8,910 → 네이버 추천(13,200)
✓ [11st] 풀무원 미니 오븐 토스터 8L VD08CCM0 | 우리 49,000 → 네이버 추천(69,000)
✓ [11st] 빙그레 요맘때 콘 아이스크림 150mL 12개 플레인 외 | 우리 16,900 → 네이버 비추(16,090)
✓ [11st] 필립스 멀티탭 고용량 과부하 차단 맥스 4구 2M 4000W | 우리 21,520 → 네이버 추천(26,900)
✓ [11st] 함초소금+ 생강채+소스 증정 [대한민국농수산] 국내산 자포니카 민물장 | 우리 22,610 → 네이버 비추(20,900)
✓ [11st] [품질보장] 이순신수산 남해안 자연산 돌문어 1kg [1-4미] | 우리 19,020 → 네이버 비추(10,000)
✓ [11st] 동원 덴마크 인포켓 치즈 오리지널/라이트 20g 30개 | 우리 18,900 → 네이버 추천(22,050)
✓ [coupang] 서주 헤이즐리콘 아이스크림 (냉동), 6개, 1개입, 150ml | 우리 8,310 → 네이버 추천(10,250)
✓ [coupang] 닥터지 그린딥 클렌징 오일, 210ml, 1개 | 우리 12,000 → 네이버 비추(9,990)
✓ [coupang] 어메이징오트 오리지널 혼합음료, 190ml, 24개 | 우리 14,200 → 네이버 비추(11,790)
✓ [coupang] 유한건강생활 이너플로라 UREX 프로바이오틱스 유산균, 30정, 1개 | 우리 24,590 → 네이버 비슷(24,590)
✓ [coupang] 한우 1등급 불고기/샤브샤브용 (냉장), 300g, 1개 | 우리 10,290 → 네이버 비추(9,600)
✓ [coupang] 마이노멀 저당 저칼로리 블루베리잼, 320g, 1개 | 우리 11,680 → 네이버 비추(9,990)
✓ [coupang] 아이펫밀크 저지방 반려동물, 우유맛, 130ml, 10개 | 우리 15,490 → 네이버 추천(19,000)
✓ [coupang] 토레타 제로 이온음료, 500ml, 24개 | 우리 18,870 → 네이버 비추(12,050)
✓ [coupang] 해맑은푸드 마른오징어 몸통 5미 (냉동), 200g, 1개 | 우리 12,900 → 네이버 비추(10,900)

판정 23/121 (19%) · DB기록 121건
✓ [gmarket] (타임딜초특가) 마렐라XL 3.5L 화이트+기본필터 1입 | 우리 19,800 → 네이버 추천(32,900)
✓ [gmarket] 동아제약 이체크 갱년기 테스트기 2개입 | 우리 9,900 → 네이버 추천(11,920)
✓ [gmarket] 단하루 특가) 슈어메디 리포좀 글루타치온 시그니처 9S 28매 2박스 | 우리 9,910 → 네이버 추천(12,400)
✓ [gmarket] (7/22단하루_앵콜쇼츠딜1.5만) 오스템 뷰센 더블와이드 칫솔 8P | 우리 15,300 → 네이버 추천(21,370)
✓ [gmarket] 베베숲 프라임 아기물티슈 70매 캡 20팩 프리미엄 아기 물티슈/고평 | 우리 24,910 → 네이버 추천(28,890)
✓ [gmarket] 농가살리기 푸짐한 맛 배터지는 고기듬뿍 감자탕 5kg(8~10인분) | 우리 18,530 → 네이버 비추(17,760)
✓ [gmarket] 데체코 엑스트라버진 올리브 오일 1L 2병 + 증정 데체코 다이스 토 | 우리 33,900 → 네이버 추천(36,900)
✓ [11st] 살림의기술 100매+100매 이염방지시트 흰옷세탁 | 우리 12,900 → 네이버 추천(16,540)
✓ [11st] 푸드올로지 톡스올로지 클렌즈 48시간 ABC주스 1개 외 | 우리 21,800 → 네이버 비추(21,180)
✓ [11st] 함초소금+ 생강채+소스 증정 [대한민국농수산] 국내산 자포니카 민물장 | 우리 22,610 → 네이버 비추(20,900)
✓ [11st] [품질보장] 이순신수산 남해안 자연산 돌문어 1kg [1-4미] | 우리 19,020 → 네이버 비추(10,000)
✓ [11st] 동원 덴마크 인포켓 치즈 오리지널/라이트 20g 30개 | 우리 18,900 → 네이버 추천(22,050)
✓ [11st] [내일도착] 네추럴라이즈 이뮨 알로에 젤리스틱 60포 / 대용량 가성 | 우리 29,900 → 네이버 추천(32,510)
✓ [11st] [품질보장] 이순신수산 국내산 흰다리새우 제철 생물 노지 활새우 1k | 우리 27,240 → 네이버 비추(15,000)
✓ [coupang] 서주 헤이즐리콘 아이스크림 (냉동), 6개, 1개입, 150ml | 우리 8,310 → 네이버 추천(10,250)
✓ [coupang] 닥터지 그린딥 클렌징 오일, 210ml, 1개 | 우리 12,000 → 네이버 비추(9,990)
✓ [coupang] 어메이징오트 오리지널 혼합음료, 190ml, 24개 | 우리 14,200 → 네이버 비추(11,790)
✓ [coupang] 유한건강생활 이너플로라 UREX 프로바이오틱스 유산균, 30정, 1개 | 우리 24,590 → 네이버 비슷(24,590)
✓ [coupang] 한우 1등급 불고기/샤브샤브용 (냉장), 300g, 1개 | 우리 10,290 → 네이버 비추(9,600)
✓ [coupang] 마이노멀 저당 저칼로리 블루베리잼, 320g, 1개 | 우리 11,680 → 네이버 비추(9,990)
✓ [coupang] 아이펫밀크 저지방 반려동물, 우유맛, 130ml, 10개 | 우리 15,490 → 네이버 추천(19,000)
✓ [coupang] 토레타 제로 이온음료, 500ml, 24개 | 우리 18,870 → 네이버 비추(12,050)
✓ [coupang] 해맑은푸드 마른오징어 몸통 5미 (냉동), 200g, 1개 | 우리 12,900 → 네이버 비추(10,900)

판정 23/122 (19%) · DB기록 122건
✓ [gmarket] (타임딜초특가) 마렐라XL 3.5L 화이트+기본필터 1입 | 우리 19,800 → 네이버 추천(32,900)
✓ [gmarket] 동아제약 이체크 갱년기 테스트기 2개입 | 우리 9,900 → 네이버 추천(11,920)
✓ [gmarket] 단하루 특가) 슈어메디 리포좀 글루타치온 시그니처 9S 28매 2박스 | 우리 9,910 → 네이버 추천(12,400)
✓ [gmarket] (7/22단하루_앵콜쇼츠딜1.5만) 오스템 뷰센 더블와이드 칫솔 8P | 우리 15,300 → 네이버 추천(21,370)
✓ [gmarket] 베베숲 프라임 아기물티슈 70매 캡 20팩 프리미엄 아기 물티슈/고평 | 우리 24,910 → 네이버 추천(28,890)
✓ [gmarket] 농가살리기 푸짐한 맛 배터지는 고기듬뿍 감자탕 5kg(8~10인분) | 우리 18,530 → 네이버 비추(17,760)
✓ [gmarket] 데체코 엑스트라버진 올리브 오일 1L 2병 + 증정 데체코 다이스 토 | 우리 33,900 → 네이버 추천(36,900)
✓ [11st] 살림의기술 100매+100매 이염방지시트 흰옷세탁 | 우리 12,900 → 네이버 추천(16,540)
✓ [11st] 푸드올로지 톡스올로지 클렌즈 48시간 ABC주스 1개 외 | 우리 21,800 → 네이버 비추(21,180)
✓ [11st] 함초소금+ 생강채+소스 증정 [대한민국농수산] 국내산 자포니카 민물장 | 우리 22,610 → 네이버 비추(20,900)
✓ [11st] [품질보장] 이순신수산 남해안 자연산 돌문어 1kg [1-4미] | 우리 19,020 → 네이버 비추(10,000)
✓ [11st] 동원 덴마크 인포켓 치즈 오리지널/라이트 20g 30개 | 우리 18,900 → 네이버 추천(22,050)
✓ [11st] [내일도착] 네추럴라이즈 이뮨 알로에 젤리스틱 60포 / 대용량 가성 | 우리 29,900 → 네이버 추천(32,510)
✓ [coupang] 서주 헤이즐리콘 아이스크림 (냉동), 6개, 1개입, 150ml | 우리 8,310 → 네이버 추천(10,250)
✓ [coupang] 닥터지 그린딥 클렌징 오일, 210ml, 1개 | 우리 12,000 → 네이버 비추(9,990)
✓ [coupang] 어메이징오트 오리지널 혼합음료, 190ml, 24개 | 우리 14,200 → 네이버 비추(11,790)
✓ [coupang] 유한건강생활 이너플로라 UREX 프로바이오틱스 유산균, 30정, 1개 | 우리 24,590 → 네이버 비슷(24,590)
✓ [coupang] 한우 1등급 불고기/샤브샤브용 (냉장), 300g, 1개 | 우리 10,290 → 네이버 비추(9,600)
✓ [coupang] 마이노멀 저당 저칼로리 블루베리잼, 320g, 1개 | 우리 11,680 → 네이버 비추(9,990)
✓ [coupang] 아이펫밀크 저지방 반려동물, 우유맛, 130ml, 10개 | 우리 15,490 → 네이버 추천(19,000)
✓ [coupang] 토레타 제로 이온음료, 500ml, 24개 | 우리 18,870 → 네이버 비추(12,050)
✓ [coupang] 해맑은푸드 마른오징어 몸통 5미 (냉동), 200g, 1개 | 우리 12,900 → 네이버 비추(10,900)

판정 22/121 (18%) · DB기록 121건
✓ [gmarket] (타임딜초특가) 마렐라XL 3.5L 화이트+기본필터 1입 | 우리 19,800 → 네이버 추천(32,900)
✓ [gmarket] 동아제약 이체크 갱년기 테스트기 2개입 | 우리 9,900 → 네이버 추천(11,920)
✓ [gmarket] 단하루 특가) 슈어메디 리포좀 글루타치온 시그니처 9S 28매 2박스 | 우리 9,910 → 네이버 추천(12,400)
✓ [gmarket] (7/22단하루_앵콜쇼츠딜1.5만) 오스템 뷰센 더블와이드 칫솔 8P | 우리 15,300 → 네이버 추천(21,370)
✓ [gmarket] 베베숲 프라임 아기물티슈 70매 캡 20팩 프리미엄 아기 물티슈/고평 | 우리 24,910 → 네이버 추천(28,890)
✓ [gmarket] 농가살리기 푸짐한 맛 배터지는 고기듬뿍 감자탕 5kg(8~10인분) | 우리 18,530 → 네이버 비추(17,760)
✓ [11st] 백년본가 밥도둑 간장 완도 쫄깃 전복장 500g | 우리 8,910 → 네이버 추천(18,500)
✓ [11st] 맥클린 누디 글로우 파데프리 톤업선크림 50ml 2개입 | 우리 16,800 → 네이버 추천(21,330)
✓ [11st] 함초소금+ 생강채+소스 증정 [대한민국농수산] 국내산 자포니카 민물장 | 우리 22,610 → 네이버 비추(20,900)
✓ [11st] 동원 덴마크 인포켓 치즈 오리지널/라이트 20g 30개 | 우리 18,900 → 네이버 추천(22,050)
✓ [11st] [품질보장] 이순신수산 남해안 자연산 돌문어 1kg [1-4미] | 우리 19,020 → 네이버 비추(10,000)
✓ [11st] [내일도착] 네추럴라이즈 이뮨 알로에 젤리스틱 60포 / 대용량 가성 | 우리 29,900 → 네이버 추천(32,510)
✓ [coupang] 서주 헤이즐리콘 아이스크림 (냉동), 6개, 1개입, 150ml | 우리 8,310 → 네이버 추천(10,250)
✓ [coupang] 닥터지 그린딥 클렌징 오일, 210ml, 1개 | 우리 12,000 → 네이버 비추(9,990)
✓ [coupang] 어메이징오트 오리지널 혼합음료, 190ml, 24개 | 우리 14,200 → 네이버 비추(11,790)
✓ [coupang] 유한건강생활 이너플로라 UREX 프로바이오틱스 유산균, 30정, 1개 | 우리 24,590 → 네이버 비슷(24,590)
✓ [coupang] 한우 1등급 불고기/샤브샤브용 (냉장), 300g, 1개 | 우리 10,290 → 네이버 비추(9,600)
✓ [coupang] 마이노멀 저당 저칼로리 블루베리잼, 320g, 1개 | 우리 11,680 → 네이버 비추(9,990)
✓ [coupang] 아이펫밀크 저지방 반려동물, 우유맛, 130ml, 10개 | 우리 15,490 → 네이버 추천(19,000)
✓ [coupang] 토레타 제로 이온음료, 500ml, 24개 | 우리 18,810 → 네이버 비추(12,050)
✓ [coupang] 해맑은푸드 마른오징어 몸통 5미 (냉동), 200g, 1개 | 우리 12,900 → 네이버 비추(10,900)

판정 21/120 (18%) · DB기록 120건
✓ [gmarket] (타임딜초특가) 마렐라XL 3.5L 화이트+기본필터 1입 | 우리 19,800 → 네이버 추천(32,900)
✓ [gmarket] 동아제약 이체크 갱년기 테스트기 2개입 | 우리 9,900 → 네이버 추천(11,920)
✓ [gmarket] 단하루 특가) 슈어메디 리포좀 글루타치온 시그니처 9S 28매 2박스 | 우리 9,910 → 네이버 추천(11,700)
✓ [gmarket] (7/22단하루_앵콜쇼츠딜1.5만) 오스템 뷰센 더블와이드 칫솔 8P | 우리 15,300 → 네이버 추천(21,370)
✓ [gmarket] 베베숲 프라임 아기물티슈 70매 캡 20팩 프리미엄 아기 물티슈/고평 | 우리 24,910 → 네이버 추천(28,890)
✓ [gmarket] 농가살리기 푸짐한 맛 배터지는 고기듬뿍 감자탕 5kg(8~10인분) | 우리 18,530 → 네이버 비추(17,760)
✓ [11st] 백년본가 밥도둑 간장 완도 쫄깃 전복장 500g | 우리 8,910 → 네이버 추천(18,500)
✓ [11st] 맥클린 누디 글로우 파데프리 톤업선크림 50ml 2개입 | 우리 16,800 → 네이버 추천(21,330)
✓ [11st] 함초소금+ 생강채+소스 증정 [대한민국농수산] 국내산 자포니카 민물장 | 우리 22,610 → 네이버 비추(20,900)
✓ [11st] 동원 덴마크 인포켓 치즈 오리지널/라이트 20g 30개 | 우리 18,900 → 네이버 추천(22,050)
✓ [11st] [품질보장] 이순신수산 남해안 자연산 돌문어 1kg [1-4미] | 우리 19,020 → 네이버 비추(10,000)
✓ [coupang] 서주 헤이즐리콘 아이스크림 (냉동), 6개, 1개입, 150ml | 우리 8,310 → 네이버 추천(10,250)
✓ [coupang] 닥터지 그린딥 클렌징 오일, 210ml, 1개 | 우리 12,000 → 네이버 비추(9,990)
✓ [coupang] 어메이징오트 오리지널 혼합음료, 190ml, 24개 | 우리 14,200 → 네이버 비추(11,790)
✓ [coupang] 유한건강생활 이너플로라 UREX 프로바이오틱스 유산균, 30정, 1개 | 우리 24,590 → 네이버 비슷(24,590)
✓ [coupang] 한우 1등급 불고기/샤브샤브용 (냉장), 300g, 1개 | 우리 10,290 → 네이버 비추(9,600)
✓ [coupang] 마이노멀 저당 저칼로리 블루베리잼, 320g, 1개 | 우리 11,680 → 네이버 비추(9,990)
✓ [coupang] 아이펫밀크 저지방 반려동물, 우유맛, 130ml, 10개 | 우리 15,490 → 네이버 추천(19,000)
✓ [coupang] 토레타 제로 이온음료, 500ml, 24개 | 우리 18,810 → 네이버 비추(12,050)
✓ [coupang] 해맑은푸드 마른오징어 몸통 5미 (냉동), 200g, 1개 | 우리 12,900 → 네이버 비추(10,900)

판정 20/119 (17%) · DB기록 119건
✓ [gmarket] (타임딜초특가) 마렐라XL 3.5L 화이트+기본필터 1입 | 우리 19,800 → 네이버 추천(32,900)
✓ [gmarket] 동아제약 이체크 갱년기 테스트기 2개입 | 우리 9,900 → 네이버 추천(11,920)
✓ [gmarket] 단하루 특가) 슈어메디 리포좀 글루타치온 시그니처 9S 28매 2박스 | 우리 9,910 → 네이버 추천(11,700)
✓ [gmarket] (7/22단하루_앵콜쇼츠딜1.5만) 오스템 뷰센 더블와이드 칫솔 8P | 우리 15,300 → 네이버 추천(21,370)
✓ [gmarket] 베베숲 프라임 아기물티슈 70매 캡 20팩 프리미엄 아기 물티슈/고평 | 우리 24,910 → 네이버 추천(28,890)
✓ [gmarket] 농가살리기 푸짐한 맛 배터지는 고기듬뿍 감자탕 5kg(8~10인분) | 우리 18,530 → 네이버 비추(17,760)
✓ [11st] [원쁠원] 타임사라 안티에이징 스네일 달팽이 영양 크림 100ml | 우리 10,710 → 네이버 비추(9,810)
✓ [11st] [원쁠원] 타임사라 안티에이징 스네일 달팽이 탄력 앰플 100ml | 우리 10,710 → 네이버 비추(9,810)
✓ [11st] [원쁠원] 타임사라 안티에이징 스네일 달팽이 에멀젼 150ml | 우리 10,710 → 네이버 비추(9,810)
✓ [11st] [원쁠원] 타임사라 안티에이징 스네일 달팽이 토너 150ml | 우리 10,710 → 네이버 비추(9,810)
✓ [ohou] 오드앵글 26년형 BLDC 저소음 14인치 스탠드 무드등 선풍기 | 우리 79,800 → 네이버 비추(63,200)
✓ [coupang] 서주 헤이즐리콘 아이스크림 (냉동), 6개, 1개입, 150ml | 우리 8,310 → 네이버 추천(10,250)
✓ [coupang] 닥터지 그린딥 클렌징 오일, 210ml, 1개 | 우리 12,000 → 네이버 비추(9,990)
✓ [coupang] 어메이징오트 오리지널 혼합음료, 190ml, 24개 | 우리 14,200 → 네이버 비추(11,790)
✓ [coupang] 유한건강생활 이너플로라 UREX 프로바이오틱스 유산균, 30정, 1개 | 우리 24,590 → 네이버 비슷(24,590)
✓ [coupang] 한우 1등급 불고기/샤브샤브용 (냉장), 300g, 1개 | 우리 10,290 → 네이버 비추(9,600)
✓ [coupang] 마이노멀 저당 저칼로리 블루베리잼, 320g, 1개 | 우리 11,680 → 네이버 비추(9,990)
✓ [coupang] 아이펫밀크 저지방 반려동물, 우유맛, 130ml, 10개 | 우리 15,490 → 네이버 추천(19,000)
✓ [coupang] 토레타 제로 이온음료, 500ml, 24개 | 우리 18,810 → 네이버 비추(12,050)
✓ [coupang] 해맑은푸드 마른오징어 몸통 5미 (냉동), 200g, 1개 | 우리 12,900 → 네이버 비추(10,900)

판정 20/113 (18%) · DB기록 113건
✓ [gmarket] (타임딜초특가) 마렐라XL 3.5L 화이트+기본필터 1입 | 우리 19,800 → 네이버 추천(33,550)
✓ [gmarket] 동아제약 이체크 갱년기 테스트기 2개입 | 우리 9,900 → 네이버 추천(11,920)
✓ [gmarket] 단하루 특가) 슈어메디 리포좀 글루타치온 시그니처 9S 28매 2박스 | 우리 9,910 → 네이버 추천(11,700)
✓ [gmarket] (7/22단하루_앵콜쇼츠딜1.5만) 오스템 뷰센 더블와이드 칫솔 8P | 우리 15,300 → 네이버 추천(21,370)
✓ [gmarket] 베베숲 프라임 아기물티슈 70매 캡 20팩 프리미엄 아기 물티슈/고평 | 우리 24,910 → 네이버 추천(28,890)
✓ [gmarket] 농가살리기 푸짐한 맛 배터지는 고기듬뿍 감자탕 5kg(8~10인분) | 우리 18,530 → 네이버 비추(17,760)
✓ [11st] [내일도착]남순남 순대국 5팩+양념장 세트 | 우리 23,230 → 네이버 추천(32,970)
✓ [11st] 스카이 핏 클립 귀찌 오픈형 블루투스 6.0 무선 이어폰 IM-C1 | 우리 19,990 → 네이버 추천(21,740)
✓ [11st] 진로발효 살균소독제 75% 바이오크린콜 1Lx10개 | 우리 45,650 → 네이버 추천(51,090)
✓ [11st] 청정원 베이컨토마토 파스타소스 600g, 3개 + 스파게티면 500g | 우리 14,900 → 네이버 추천(21,300)
✓ [ohou] 오드앵글 26년형 BLDC 저소음 14인치 스탠드 무드등 선풍기 | 우리 79,800 → 네이버 비추(63,200)
✓ [coupang] 서주 헤이즐리콘 아이스크림 (냉동), 6개, 1개입, 150ml | 우리 8,310 → 네이버 추천(10,250)
✓ [coupang] 닥터지 그린딥 클렌징 오일, 210ml, 1개 | 우리 12,000 → 네이버 비추(9,990)
✓ [coupang] 어메이징오트 오리지널 혼합음료, 190ml, 24개 | 우리 14,200 → 네이버 비추(11,790)
✓ [coupang] 유한건강생활 이너플로라 UREX 프로바이오틱스 유산균, 30정, 1개 | 우리 24,590 → 네이버 비슷(24,590)
✓ [coupang] 한우 1등급 불고기/샤브샤브용 (냉장), 300g, 1개 | 우리 10,290 → 네이버 비추(9,600)
✓ [coupang] 마이노멀 저당 저칼로리 블루베리잼, 320g, 1개 | 우리 11,680 → 네이버 비추(9,990)
✓ [coupang] 아이펫밀크 저지방 반려동물, 우유맛, 130ml, 10개 | 우리 15,490 → 네이버 추천(19,000)
✓ [coupang] 토레타 제로 이온음료, 500ml, 24개 | 우리 18,810 → 네이버 비추(12,050)
✓ [coupang] 해맑은푸드 마른오징어 몸통 5미 (냉동), 200g, 1개 | 우리 12,900 → 네이버 비추(10,900)

판정 20/113 (18%) · DB기록 113건
✓ [gmarket] (타임딜초특가) 마렐라XL 3.5L 화이트+기본필터 1입 | 우리 19,800 → 네이버 추천(33,550)
✓ [gmarket] 동아제약 이체크 갱년기 테스트기 2개입 | 우리 9,900 → 네이버 추천(11,920)
✓ [gmarket] 단하루 특가) 슈어메디 리포좀 글루타치온 시그니처 9S 28매 2박스 | 우리 9,910 → 네이버 추천(11,700)
✓ [gmarket] (7/22단하루_앵콜쇼츠딜1.5만) 오스템 뷰센 더블와이드 칫솔 8P | 우리 15,300 → 네이버 추천(21,370)
✓ [gmarket] 베베숲 프라임 아기물티슈 70매 캡 20팩 프리미엄 아기 물티슈/고평 | 우리 24,910 → 네이버 추천(28,890)
✓ [gmarket] 농가살리기 푸짐한 맛 배터지는 고기듬뿍 감자탕 5kg(8~10인분) | 우리 18,530 → 네이버 비추(17,760)
✓ [11st] [내일도착]남순남 순대국 5팩+양념장 세트 | 우리 23,230 → 네이버 추천(32,970)
✓ [11st] 스카이 핏 클립 귀찌 오픈형 블루투스 6.0 무선 이어폰 IM-C1 | 우리 19,990 → 네이버 추천(21,740)
✓ [11st] 제스타 향기나는 습기제거제 라벤더향 250g 18개입 | 우리 13,100 → 네이버 비추(12,710)
✓ [11st] 오리온 고소미 70g, 5개 + 오리온샌드 나 77g, 5개 | 우리 10,400 → 네이버 추천(20,000)
✓ [ohou] 오드앵글 26년형 BLDC 저소음 14인치 스탠드 무드등 선풍기 | 우리 79,800 → 네이버 비추(63,200)
✓ [coupang] 서주 헤이즐리콘 아이스크림 (냉동), 6개, 1개입, 150ml | 우리 8,310 → 네이버 추천(10,250)
✓ [coupang] 닥터지 그린딥 클렌징 오일, 210ml, 1개 | 우리 12,000 → 네이버 비추(9,990)
✓ [coupang] 어메이징오트 오리지널 혼합음료, 190ml, 24개 | 우리 14,200 → 네이버 비추(11,790)
✓ [coupang] 유한건강생활 이너플로라 UREX 프로바이오틱스 유산균, 30정, 1개 | 우리 24,590 → 네이버 비슷(24,590)
✓ [coupang] 한우 1등급 불고기/샤브샤브용 (냉장), 300g, 1개 | 우리 10,290 → 네이버 비추(9,600)
✓ [coupang] 마이노멀 저당 저칼로리 블루베리잼, 320g, 1개 | 우리 11,680 → 네이버 비추(9,990)
✓ [coupang] 아이펫밀크 저지방 반려동물, 우유맛, 130ml, 10개 | 우리 15,490 → 네이버 추천(19,000)
✓ [coupang] 토레타 제로 이온음료, 500ml, 24개 | 우리 18,810 → 네이버 비추(12,050)
✓ [coupang] 해맑은푸드 마른오징어 몸통 5미 (냉동), 200g, 1개 | 우리 12,900 → 네이버 비추(10,900)

판정 20/113 (18%) · DB기록 113건
✓ [gmarket] (타임딜초특가) 마렐라XL 3.5L 화이트+기본필터 1입 | 우리 19,800 → 네이버 추천(33,550)
✓ [gmarket] 동아제약 이체크 갱년기 테스트기 2개입 | 우리 9,900 → 네이버 추천(11,920)
✓ [gmarket] 단하루 특가) 슈어메디 리포좀 글루타치온 시그니처 9S 28매 2박스 | 우리 9,910 → 네이버 추천(11,700)
✓ [gmarket] (7/22단하루_앵콜쇼츠딜1.5만) 오스템 뷰센 더블와이드 칫솔 8P | 우리 15,300 → 네이버 추천(21,370)
✓ [gmarket] 베베숲 프라임 아기물티슈 70매 캡 20팩 프리미엄 아기 물티슈/고평 | 우리 24,910 → 네이버 추천(28,890)
✓ [gmarket] 농가살리기 푸짐한 맛 배터지는 고기듬뿍 감자탕 5kg(8~10인분) | 우리 18,530 → 네이버 비추(17,760)
✓ [ohou] 오드앵글 26년형 BLDC 저소음 14인치 스탠드 무드등 선풍기 | 우리 79,800 → 네이버 비추(63,200)
✓ [coupang] 서주 헤이즐리콘 아이스크림 (냉동), 6개, 1개입, 150ml | 우리 8,310 → 네이버 추천(10,250)
✓ [coupang] 닥터지 그린딥 클렌징 오일, 210ml, 1개 | 우리 12,000 → 네이버 비추(9,990)
✓ [coupang] 어메이징오트 오리지널 혼합음료, 190ml, 24개 | 우리 14,200 → 네이버 비추(11,790)
✓ [coupang] 유한건강생활 이너플로라 UREX 프로바이오틱스 유산균, 30정, 1개 | 우리 24,590 → 네이버 비슷(24,590)
✓ [coupang] 한우 1등급 불고기/샤브샤브용 (냉장), 300g, 1개 | 우리 10,290 → 네이버 비추(9,600)
✓ [coupang] 마이노멀 저당 저칼로리 블루베리잼, 320g, 1개 | 우리 11,680 → 네이버 비추(9,990)
✓ [coupang] 아이펫밀크 저지방 반려동물, 우유맛, 130ml, 10개 | 우리 15,490 → 네이버 추천(19,000)
✓ [coupang] 토레타 제로 이온음료, 500ml, 24개 | 우리 18,810 → 네이버 비추(12,050)
✓ [coupang] 해맑은푸드 마른오징어 몸통 5미 (냉동), 200g, 1개 | 우리 12,900 → 네이버 비추(10,900)
✓ [11st] [내일도착]남순남 순대국 5팩+양념장 세트 | 우리 23,230 → 네이버 추천(32,970)
✓ [11st] 스카이 핏 클립 귀찌 오픈형 블루투스 6.0 무선 이어폰 IM-C1 | 우리 19,990 → 네이버 추천(21,740)
✓ [11st] 3채널 확장 가능 블랙박스 (7/24시선집중)(쿠폰15%)파인뷰 X7 | 우리 208,050 → 네이버 추천(236,550)

판정 19/113 (17%) · DB기록 113건
✓ [gmarket] (타임딜초특가) 마렐라XL 3.5L 화이트+기본필터 1입 | 우리 19,800 → 네이버 추천(33,550)
✓ [gmarket] 동아제약 이체크 갱년기 테스트기 2개입 | 우리 9,900 → 네이버 추천(11,920)
✓ [gmarket] 단하루 특가) 슈어메디 리포좀 글루타치온 시그니처 9S 28매 2박스 | 우리 9,910 → 네이버 추천(11,700)
✓ [gmarket] (7/22단하루_앵콜쇼츠딜1.5만) 오스템 뷰센 더블와이드 칫솔 8P | 우리 15,300 → 네이버 추천(21,370)
✓ [gmarket] 베베숲 프라임 아기물티슈 70매 캡 20팩 프리미엄 아기 물티슈/고평 | 우리 24,910 → 네이버 추천(28,890)
✓ [gmarket] 농가살리기 푸짐한 맛 배터지는 고기듬뿍 감자탕 5kg(8~10인분) | 우리 18,530 → 네이버 비추(17,760)
✓ [11st] [내일도착]남순남 순대국 5팩+양념장 세트 | 우리 23,230 → 네이버 추천(32,970)
✓ [11st] 스카이 핏 클립 귀찌 오픈형 블루투스 6.0 무선 이어폰 IM-C1 | 우리 19,990 → 네이버 추천(21,740)
✓ [ohou] 오드앵글 26년형 BLDC 저소음 14인치 스탠드 무드등 선풍기 | 우리 79,800 → 네이버 비추(63,200)
✓ [coupang] 광동옥수수수염차 무라벨, 330ml, 20개 | 우리 14,800 → 네이버 비슷(15,000)
✓ [coupang] 나누담 깍둑 썰어 보관하는 수박 보관통 밀폐용기, 2L, 2개 | 우리 10,500 → 네이버 비추(9,900)
✓ [coupang] 모모펫 강아지 멍묵멍묵 마블링 대용량 간식, 소고기슬라이스, 1kg, | 우리 15,800 → 네이버 비슷(15,800)
✓ [coupang] 유명한 옥수수 홍찰 쫀득한 찰옥수수 냉동 옥수수, 15개, 중 | 우리 13,990 → 네이버 비슷(13,990)
✓ [coupang] 요즘 플레인 그릭요거트 소프트, 500g, 1개 | 우리 11,900 → 네이버 추천(17,360)

판정 14/113 (12%) · DB기록 113건
✓ [gmarket] (타임딜초특가) 마렐라XL 3.5L 화이트+기본필터 1입 | 우리 19,800 → 네이버 추천(33,550)
✓ [gmarket] 동아제약 이체크 갱년기 테스트기 2개입 | 우리 9,900 → 네이버 추천(11,920)
✓ [gmarket] 단하루 특가) 슈어메디 리포좀 글루타치온 시그니처 9S 28매 2박스 | 우리 9,910 → 네이버 추천(11,700)
✓ [gmarket] (7/22단하루_앵콜쇼츠딜1.5만) 오스템 뷰센 더블와이드 칫솔 8P | 우리 15,300 → 네이버 추천(21,370)
✓ [gmarket] 농가살리기 푸짐한 맛 배터지는 고기듬뿍 감자탕 5kg(8~10인분) | 우리 18,530 → 네이버 비추(17,760)
✓ [11st] [내일도착]남순남 순대국 5팩+양념장 세트 | 우리 23,230 → 네이버 추천(32,970)
✓ [11st] 스카이 핏 클립 귀찌 오픈형 블루투스 6.0 무선 이어폰 IM-C1 | 우리 19,990 → 네이버 비슷(19,990)
✓ [11st] 퍼니트 저온압착 엑스트라버진 HASS 품종 아보카도오일 250ml 3 | 우리 28,900 → 네이버 추천(53,640)
✓ [11st] 제스타 향기나는 습기제거제 라벤더향 250g 18개입 | 우리 13,100 → 네이버 비추(12,710)
✓ [ohou] 오드앵글 26년형 BLDC 저소음 14인치 스탠드 무드등 선풍기 | 우리 79,800 → 네이버 비추(63,200)
✓ [coupang] 광동옥수수수염차 무라벨, 330ml, 20개 | 우리 14,800 → 네이버 비슷(15,000)
✓ [coupang] 나누담 깍둑 썰어 보관하는 수박 보관통 밀폐용기, 2L, 2개 | 우리 10,500 → 네이버 비추(9,900)
✓ [coupang] 모모펫 강아지 멍묵멍묵 마블링 대용량 간식, 소고기슬라이스, 1kg, | 우리 15,800 → 네이버 비슷(15,800)
✓ [coupang] 유명한 옥수수 홍찰 쫀득한 찰옥수수 냉동 옥수수, 15개, 중 | 우리 13,990 → 네이버 비슷(13,990)
✓ [coupang] 요즘 플레인 그릭요거트 소프트, 500g, 1개 | 우리 11,900 → 네이버 추천(17,360)
✓ [coupang] 옹골찬 GAP 경산 천도복숭아, 2kg, 1개 | 우리 13,990 → 네이버 추천(16,900)
✓ [coupang] 홈플래닛 유청분리 그릭요거트 메이커 1.2L, 화이트, 1개 | 우리 15,990 → 네이버 추천(18,800)

판정 17/113 (15%) · DB기록 113건
✓ [gmarket] (타임딜초특가) 마렐라XL 3.5L 화이트+기본필터 1입 | 우리 19,800 → 네이버 추천(34,900)
✓ [gmarket] 동아제약 이체크 갱년기 테스트기 2개입 | 우리 9,900 → 네이버 추천(11,920)
✓ [gmarket] 단하루 특가) 슈어메디 리포좀 글루타치온 시그니처 9S 28매 2박스 | 우리 9,910 → 네이버 추천(11,700)
✓ [gmarket] (7/22단하루_앵콜쇼츠딜1.5만) 오스템 뷰센 더블와이드 칫솔 8P | 우리 15,300 → 네이버 추천(21,370)
✓ [gmarket] 농가살리기 푸짐한 맛 배터지는 고기듬뿍 감자탕 5kg(8~10인분) | 우리 18,530 → 네이버 비추(17,760)
✓ [11st] 만복장어 1kg 손질후 700g 국내산 자포니카 소스 외 | 우리 22,900 → 네이버 비추(18,650)
✓ [11st] [1+1+1] 프로쉬 식기세척기 세제 30타블렛 3개세트 | 우리 31,000 → 네이버 비추(27,200)
✓ [11st] [1+1] 현대약품 마이녹셀 로즈PDRN 탈모샴푸 1000ML | 우리 16,650 → 네이버 비추(11,610)
✓ [11st] 자일렉 우드 토스트기 2구 식빵 팝업 토스터기 | 우리 26,900 → 네이버 추천(31,920)
✓ [11st] 미 끄 럼 방 지 무독성 인증 국내생산 무독성 미끄럼방지 쿠브 욕실화 | 우리 8,960 → 네이버 비슷(8,960)
✓ [11st] 복날맞이 만능육수 증정 [리뷰 1.8만] 하누소 갈비탕 700g x  | 우리 33,900 → 네이버 추천(35,940)
✓ [11st] [내일도착]남순남 순대국 5팩+양념장 세트 | 우리 23,230 → 네이버 추천(32,970)
✓ [ohou] 오드앵글 26년형 BLDC 저소음 14인치 스탠드 무드등 선풍기 | 우리 79,800 → 네이버 비추(63,200)
✓ [coupang] 광동옥수수수염차 무라벨, 330ml, 20개 | 우리 14,800 → 네이버 비슷(15,000)
✓ [coupang] 나누담 깍둑 썰어 보관하는 수박 보관통 밀폐용기, 2L, 2개 | 우리 10,500 → 네이버 비추(9,900)
✓ [coupang] 모모펫 강아지 멍묵멍묵 마블링 대용량 간식, 소고기슬라이스, 1kg, | 우리 15,800 → 네이버 비슷(15,800)
✓ [coupang] 유명한 옥수수 홍찰 쫀득한 찰옥수수 냉동 옥수수, 15개, 중 | 우리 13,990 → 네이버 비슷(13,990)
✓ [coupang] 요즘 플레인 그릭요거트 소프트, 500g, 1개 | 우리 11,900 → 네이버 추천(17,360)

판정 18/115 (16%) · DB기록 115건
✓ [gmarket] (타임딜초특가) 마렐라XL 3.5L 화이트+기본필터 1입 | 우리 19,800 → 네이버 추천(34,900)
✓ [gmarket] 동아제약 이체크 갱년기 테스트기 2개입 | 우리 9,900 → 네이버 추천(11,920)
✓ [gmarket] 단하루 특가) 슈어메디 리포좀 글루타치온 시그니처 9S 28매 2박스 | 우리 9,910 → 네이버 추천(12,400)
✓ [gmarket] (7/22단하루_앵콜쇼츠딜1.5만) 오스템 뷰센 더블와이드 칫솔 8P | 우리 15,300 → 네이버 추천(21,370)
✓ [gmarket] 농가살리기 푸짐한 맛 배터지는 고기듬뿍 감자탕 5kg(8~10인분) | 우리 18,530 → 네이버 비추(17,760)
✓ [11st] 만복장어 1kg 손질후 700g 국내산 자포니카 소스 외 | 우리 22,900 → 네이버 비추(18,650)
✓ [11st] [1+1+1] 프로쉬 식기세척기 세제 30타블렛 3개세트 | 우리 31,000 → 네이버 비추(27,200)
✓ [11st] [1+1] 현대약품 마이녹셀 로즈PDRN 탈모샴푸 1000ML | 우리 16,650 → 네이버 비추(11,610)
✓ [11st] 자일렉 우드 토스트기 2구 식빵 팝업 토스터기 | 우리 26,900 → 네이버 추천(31,920)
✓ [11st] 미 끄 럼 방 지 무독성 인증 국내생산 무독성 미끄럼방지 쿠브 욕실화 | 우리 8,960 → 네이버 비슷(8,960)
✓ [11st] 종근당건강 공식 (ALL NEW) 락토핏 골드 50포 6통 (300일 | 우리 59,490 → 네이버 비추(36,670)
✓ [11st] [내일도착]남순남 순대국 5팩+양념장 세트 | 우리 23,230 → 네이버 추천(32,970)
✓ [11st] 복날맞이 만능육수 증정 [리뷰 1.8만] 하누소 갈비탕 700g x  | 우리 33,900 → 네이버 추천(35,940)
✓ [11st] 초고농축피죤 시그니처 미스틱레인 1.3L, 3개 | 우리 13,900 → 네이버 비슷(13,900)
✓ [ohou] 오드앵글 26년형 BLDC 저소음 14인치 스탠드 무드등 선풍기 | 우리 79,800 → 네이버 비추(63,200)
✓ [coupang] 광동옥수수수염차 무라벨, 330ml, 20개 | 우리 14,800 → 네이버 비슷(15,000)
✓ [coupang] 나누담 깍둑 썰어 보관하는 수박 보관통 밀폐용기, 2L, 2개 | 우리 10,500 → 네이버 비추(9,900)
✓ [coupang] 모모펫 강아지 멍묵멍묵 마블링 대용량 간식, 소고기슬라이스, 1kg, | 우리 15,800 → 네이버 비슷(15,800)
✓ [coupang] 유명한 옥수수 홍찰 쫀득한 찰옥수수 냉동 옥수수, 15개, 중 | 우리 13,990 → 네이버 비슷(13,990)
✓ [coupang] 요즘 플레인 그릭요거트 소프트, 500g, 1개 | 우리 11,900 → 네이버 추천(17,360)
✓ [coupang] 홈플래닛 유청분리 그릭요거트 메이커 1.2L, 화이트, 1개 | 우리 15,990 → 네이버 추천(18,800)

판정 21/115 (18%) · DB기록 115건
✓ [gmarket] (타임딜초특가) 마렐라XL 3.5L 화이트+기본필터 1입 | 우리 19,800 → 네이버 추천(34,900)
✓ [gmarket] 동아제약 이체크 갱년기 테스트기 2개입 | 우리 9,900 → 네이버 추천(11,920)
✓ [gmarket] 단하루 특가) 슈어메디 리포좀 글루타치온 시그니처 9S 28매 2박스 | 우리 9,910 → 네이버 추천(14,450)
✓ [gmarket] (7/22단하루_앵콜쇼츠딜1.5만) 오스템 뷰센 더블와이드 칫솔 8P | 우리 15,300 → 네이버 추천(21,370)
✓ [gmarket] 농가살리기 푸짐한 맛 배터지는 고기듬뿍 감자탕 5kg(8~10인분) | 우리 18,530 → 네이버 비추(17,760)
✓ [11st] [HACCP] 국내산 전라도식 총각김치 3kg | 우리 11,960 → 네이버 비추(6,000)
✓ [11st] [HACCP] 국내산 전라도식 총각김치 3kg | 우리 11,960 → 네이버 비추(6,000)
✓ [11st] 복날맞이 만능육수 증정 [리뷰 1.8만] 하누소 갈비탕 700g x  | 우리 33,900 → 네이버 추천(35,940)
✓ [11st] 종근당건강 공식 (ALL NEW) 락토핏 골드 50포 6통 (300일 | 우리 59,490 → 네이버 비추(36,670)
✓ [11st] [내일도착]남순남 순대국 5팩+양념장 세트 | 우리 23,230 → 네이버 추천(32,970)
✓ [11st] 고기함량80% 미국산 초이스 LA갈비 1kg | 우리 27,920 → 네이버 비추(9,900)
✓ [ohou] 오드앵글 26년형 BLDC 저소음 14인치 스탠드 무드등 선풍기 | 우리 79,800 → 네이버 비추(63,200)
✓ [coupang] 광동옥수수수염차 무라벨, 330ml, 20개 | 우리 14,800 → 네이버 비슷(15,000)
✓ [coupang] 나누담 깍둑 썰어 보관하는 수박 보관통 밀폐용기, 2L, 2개 | 우리 10,500 → 네이버 비슷(10,500)
✓ [coupang] 모모펫 강아지 멍묵멍묵 마블링 대용량 간식, 소고기슬라이스, 1kg, | 우리 15,800 → 네이버 비슷(15,800)
✓ [coupang] 유명한 옥수수 홍찰 쫀득한 찰옥수수 냉동 옥수수, 15개, 중 | 우리 13,990 → 네이버 비슷(13,990)
✓ [coupang] 요즘 플레인 그릭요거트 소프트, 500g, 1개 | 우리 11,900 → 네이버 추천(17,360)
✓ [coupang] 홈플래닛 유청분리 그릭요거트 메이커 1.2L, 화이트, 1개 | 우리 15,990 → 네이버 추천(18,800)

판정 18/107 (17%) · DB기록 107건
✓ [gmarket] (타임딜초특가) 마렐라XL 3.5L 화이트+기본필터 1입 | 우리 19,800 → 네이버 추천(34,900)
✓ [gmarket] 동아제약 이체크 갱년기 테스트기 2개입 | 우리 9,900 → 네이버 추천(11,920)
✓ [gmarket] 단하루 특가) 슈어메디 리포좀 글루타치온 시그니처 9S 28매 2박스 | 우리 9,910 → 네이버 추천(14,450)
✓ [gmarket] (7/22단하루_앵콜쇼츠딜1.5만) 오스템 뷰센 더블와이드 칫솔 8P | 우리 15,300 → 네이버 추천(16,610)
✓ [gmarket] 농가살리기 푸짐한 맛 배터지는 고기듬뿍 감자탕 5kg(8~10인분) | 우리 18,530 → 네이버 비추(17,760)
✓ [11st] [HACCP] 국내산 전라도식 총각김치 3kg | 우리 11,960 → 네이버 비추(6,000)
✓ [11st] [HACCP] 국내산 전라도식 총각김치 3kg | 우리 11,960 → 네이버 비추(6,000)
✓ [11st] 복날맞이 만능육수 증정 [리뷰 1.8만] 하누소 갈비탕 700g x  | 우리 33,900 → 네이버 추천(35,940)
✓ [11st] [내일도착]남순남 순대국 5팩+양념장 세트 | 우리 23,230 → 네이버 추천(32,970)
✓ [11st] 고기함량80% 미국산 초이스 LA갈비 1kg | 우리 27,920 → 네이버 비추(9,900)
✓ [11st] 종근당건강 공식 (ALL NEW) 락토핏 골드 50포 6통 (300일 | 우리 59,490 → 네이버 비추(36,670)
✓ [ohou] 오드앵글 26년형 BLDC 저소음 14인치 스탠드 무드등 선풍기 | 우리 79,800 → 네이버 비추(63,200)
✓ [coupang] 광동옥수수수염차 무라벨, 330ml, 20개 | 우리 14,800 → 네이버 비슷(15,000)
✓ [coupang] 나누담 깍둑 썰어 보관하는 수박 보관통 밀폐용기, 2L, 2개 | 우리 10,500 → 네이버 비추(9,900)
✓ [coupang] 모모펫 강아지 멍묵멍묵 마블링 대용량 간식, 연어슬라이스, 1kg,  | 우리 15,800 → 네이버 비슷(15,800)
✓ [coupang] 유명한 옥수수 홍찰 쫀득한 찰옥수수 냉동 옥수수, 15개, 중 | 우리 13,990 → 네이버 비슷(13,990)
✓ [coupang] 요즘 플레인 그릭요거트 소프트, 500g, 1개 | 우리 11,900 → 네이버 추천(17,360)
✓ [coupang] 홈플래닛 유청분리 그릭요거트 메이커 1.2L, 화이트, 1개 | 우리 15,990 → 네이버 추천(18,800)

판정 18/107 (17%) · DB기록 107건
✓ [gmarket] (타임딜초특가) 마렐라XL 3.5L 화이트+기본필터 1입 | 우리 19,800 → 네이버 추천(34,900)
✓ [gmarket] 동아제약 이체크 갱년기 테스트기 2개입 | 우리 9,900 → 네이버 추천(11,920)
✓ [gmarket] 단하루 특가) 슈어메디 리포좀 글루타치온 시그니처 9S 28매 2박스 | 우리 9,910 → 네이버 추천(15,080)
✓ [gmarket] (7/22단하루_앵콜쇼츠딜1.5만) 오스템 뷰센 더블와이드 칫솔 8P | 우리 15,300 → 네이버 추천(17,250)
✓ [gmarket] 베베숲 프라임 아기물티슈 70매 캡 20팩 프리미엄 아기 물티슈/고평 | 우리 24,910 → 네이버 추천(28,300)
✓ [gmarket] 농가살리기 푸짐한 맛 배터지는 고기듬뿍 감자탕 5kg(8~10인분) | 우리 18,530 → 네이버 비추(17,760)
✓ [11st] 푸룬주스 1.89L x 2병+무쿠무쿠주스 증정 | 우리 26,060 → 네이버 비추(20,380)
✓ [11st] [최종17.9만+올영1만] 브라운 전기면도기9 PRO PLUS | 우리 193,000 → 네이버 비추(69,900)
✓ [11st] [숨] 100% 천연펄프 무형광 소프트 블랙 3겹 30m 30롤 2팩 | 우리 17,900 → 네이버 비슷(17,900)
✓ [11st] 복날맞이 만능육수 증정 [리뷰 1.8만] 하누소 갈비탕 700g x  | 우리 33,900 → 네이버 추천(35,940)
✓ [11st] [내일도착]남순남 순대국 5팩+양념장 세트 | 우리 23,230 → 네이버 추천(32,970)
✓ [ohou] 오드앵글 26년형 BLDC 저소음 14인치 스탠드 무드등 선풍기 | 우리 79,800 → 네이버 비추(63,200)
✓ [coupang] 광동옥수수수염차 무라벨, 330ml, 20개 | 우리 14,800 → 네이버 비슷(15,000)
✓ [coupang] 나누담 깍둑 썰어 보관하는 수박 보관통 밀폐용기, 2L, 2개 | 우리 10,500 → 네이버 비추(9,900)
✓ [coupang] 모모펫 강아지 멍묵멍묵 마블링 대용량 간식, 연어슬라이스, 1kg,  | 우리 15,800 → 네이버 비슷(15,800)
✓ [coupang] 유명한 옥수수 홍찰 쫀득한 찰옥수수 냉동 옥수수, 15개, 중 | 우리 13,990 → 네이버 비슷(13,990)
✓ [coupang] 요즘 플레인 그릭요거트 소프트, 500g, 1개 | 우리 11,900 → 네이버 추천(17,360)
✓ [coupang] 홈플래닛 유청분리 그릭요거트 메이커 1.2L, 화이트, 1개 | 우리 15,990 → 네이버 추천(18,800)

판정 18/112 (16%) · DB기록 112건
✓ [gmarket] (타임딜초특가) 마렐라XL 3.5L 화이트+기본필터 1입 | 우리 19,800 → 네이버 추천(34,900)
✓ [gmarket] 동아제약 이체크 갱년기 테스트기 2개입 | 우리 9,900 → 네이버 추천(11,920)
✓ [gmarket] 단하루 특가) 슈어메디 리포좀 글루타치온 시그니처 9S 28매 2박스 | 우리 9,910 → 네이버 추천(15,080)
✓ [gmarket] (7/22단하루_앵콜쇼츠딜1.5만) 오스템 뷰센 더블와이드 칫솔 8P | 우리 15,300 → 네이버 추천(17,250)
✓ [gmarket] 베베숲 프라임 아기물티슈 70매 캡 20팩 프리미엄 아기 물티슈/고평 | 우리 24,910 → 네이버 추천(28,300)
✓ [gmarket] 농가살리기 푸짐한 맛 배터지는 고기듬뿍 감자탕 5kg(8~10인분) | 우리 18,530 → 네이버 비추(17,760)
✓ [11st] [최종17.9만+올영1만] 브라운 전기면도기9 PRO PLUS | 우리 193,000 → 네이버 비추(69,900)
✓ [11st] 푸룬주스 1.89L x 2병+무쿠무쿠주스 증정 | 우리 26,060 → 네이버 비추(20,380)
✓ [11st] [숨] 100% 천연펄프 무형광 소프트 블랙 3겹 30m 30롤 2팩 | 우리 17,900 → 네이버 비슷(17,900)
✓ [11st] 복날맞이 만능육수 증정 [리뷰 1.8만] 하누소 갈비탕 700g x  | 우리 33,900 → 네이버 추천(35,940)
✓ [ohou] 오드앵글 26년형 BLDC 저소음 14인치 스탠드 무드등 선풍기 | 우리 79,800 → 네이버 비추(63,200)
✓ [coupang] 광동옥수수수염차 무라벨, 330ml, 20개 | 우리 14,750 → 네이버 비슷(15,000)
✓ [coupang] 나누담 깍둑 썰어 보관하는 수박 보관통 밀폐용기, 2L, 2개 | 우리 10,500 → 네이버 비추(9,900)
✓ [coupang] 모모펫 강아지 멍묵멍묵 마블링 대용량 간식, 소고기슬라이스, 1kg, | 우리 15,800 → 네이버 비슷(15,800)
✓ [coupang] 유명한 옥수수 홍찰 쫀득한 찰옥수수 냉동 옥수수, 15개, 중 | 우리 13,990 → 네이버 비슷(13,990)
✓ [coupang] 요즘 플레인 그릭요거트 소프트, 500g, 1개 | 우리 11,900 → 네이버 추천(17,360)
✓ [coupang] 홈플래닛 유청분리 그릭요거트 메이커 1.2L, 화이트, 1개 | 우리 15,990 → 네이버 추천(18,800)

판정 17/112 (15%) · DB기록 112건
✓ [gmarket] (타임딜초특가) 마렐라XL 3.5L 화이트+기본필터 1입 | 우리 19,800 → 네이버 추천(34,900)
✓ [gmarket] 동아제약 이체크 갱년기 테스트기 2개입 | 우리 9,900 → 네이버 추천(11,920)
✓ [gmarket] 단하루 특가) 슈어메디 리포좀 글루타치온 시그니처 9S 28매 2박스 | 우리 9,910 → 네이버 추천(15,080)
✓ [gmarket] (7/22단하루_앵콜쇼츠딜1.5만) 오스템 뷰센 더블와이드 칫솔 8P | 우리 15,300 → 네이버 추천(17,250)
✓ [gmarket] 베베숲 프라임 아기물티슈 70매 캡 20팩 프리미엄 아기 물티슈/고평 | 우리 24,910 → 네이버 추천(28,300)
✓ [gmarket] 농가살리기 푸짐한 맛 배터지는 고기듬뿍 감자탕 5kg(8~10인분) | 우리 18,530 → 네이버 비추(17,760)
✓ [11st] 단지우유 240ml 4+8 바나나맛/메로나/딸기맛 등 | 우리 16,800 → 네이버 비슷(16,910)
✓ [11st] [풀무원] 멀티스티머 2단 전기찜기 SS29FSW2 | 우리 81,900 → 네이버 비추(59,420)
✓ [11st] 케라마이드 극손상 울트라 리페어 트리트먼트 1L, 2개+증정(극손상  | 우리 14,900 → 네이버 비추(13,900)
✓ [11st] 케라마이드 극손상 울트라 리페어 샴푸 1L, 2개+증정(극손상 울트라 | 우리 14,900 → 네이버 비추(13,900)
✓ [11st] [그린키즈] 베이비 도형 스티커북 4권 세트 | 우리 10,700 → 네이버 추천(12,780)
✓ [coupang] 광동옥수수수염차 무라벨, 330ml, 20개 | 우리 14,750 → 네이버 비슷(15,000)
✓ [coupang] 나누담 깍둑 썰어 보관하는 수박 보관통 밀폐용기, 2L, 2개 | 우리 10,500 → 네이버 비추(9,900)
✓ [coupang] 모모펫 강아지 멍묵멍묵 마블링 대용량 간식, 소고기슬라이스, 1kg, | 우리 15,800 → 네이버 비슷(15,800)
✓ [coupang] 유명한 옥수수 홍찰 쫀득한 찰옥수수 냉동 옥수수, 15개, 중 | 우리 13,990 → 네이버 비슷(13,990)
✓ [coupang] 요즘 플레인 그릭요거트 소프트, 500g, 1개 | 우리 11,900 → 네이버 추천(17,360)
✓ [coupang] 홈플래닛 유청분리 그릭요거트 메이커 1.2L, 화이트, 1개 | 우리 15,990 → 네이버 추천(18,800)

판정 17/111 (15%) · DB기록 111건
✓ [gmarket] (타임딜초특가) 마렐라XL 3.5L 화이트+기본필터 1입 | 우리 19,800 → 네이버 추천(32,900)
✓ [gmarket] 동아제약 이체크 갱년기 테스트기 2개입 | 우리 9,900 → 네이버 추천(11,920)
✓ [gmarket] 단하루 특가) 슈어메디 리포좀 글루타치온 시그니처 9S 28매 2박스 | 우리 9,910 → 네이버 추천(15,080)
✓ [gmarket] (7/22단하루_앵콜쇼츠딜1.5만) 오스템 뷰센 더블와이드 칫솔 8P | 우리 15,300 → 네이버 추천(17,250)
✓ [gmarket] 베베숲 프라임 아기물티슈 70매 캡 20팩 프리미엄 아기 물티슈/고평 | 우리 24,910 → 네이버 추천(28,300)
✓ [gmarket] 농가살리기 푸짐한 맛 배터지는 고기듬뿍 감자탕 5kg(8~10인분) | 우리 18,530 → 네이버 비추(17,760)
✓ [11st] 단지우유 240ml 4+8 바나나맛/메로나/딸기맛 등 | 우리 16,800 → 네이버 비슷(16,910)
✓ [11st] 한우대창과 소내장을 푸짐하게 넣은 한우대창전골 1kg +1kg | 우리 15,900 → 네이버 추천(21,050)
✓ [11st] [판다안주]화로닭발 통마늘 닭근위볶음 250g x 3팩 | 우리 15,940 → 네이버 추천(16,830)
✓ [11st] [풀무원] 멀티스티머 2단 전기찜기 SS29FSW2 | 우리 81,900 → 네이버 비추(59,420)
✓ [11st] 본사 직영, 갓 담근 김치 종가 행복이온 전라도 포기김치 10kg | 우리 59,330 → 네이버 추천(60,870)
✓ [coupang] 광동옥수수수염차 무라벨, 330ml, 20개 | 우리 14,750 → 네이버 비슷(15,000)
✓ [coupang] 나누담 깍둑 썰어 보관하는 수박 보관통 밀폐용기, 2L, 2개 | 우리 10,500 → 네이버 비추(9,900)
✓ [coupang] 모모펫 강아지 멍묵멍묵 마블링 대용량 간식, 소고기슬라이스, 1kg, | 우리 15,800 → 네이버 비슷(15,800)
✓ [coupang] 유명한 옥수수 홍찰 쫀득한 찰옥수수 냉동 옥수수, 15개, 중 | 우리 13,990 → 네이버 비슷(13,990)
✓ [coupang] 요즘 플레인 그릭요거트 소프트, 500g, 1개 | 우리 11,900 → 네이버 추천(17,360)
✓ [coupang] 홈플래닛 유청분리 그릭요거트 메이커 1.2L, 화이트, 1개 | 우리 15,990 → 네이버 추천(18,800)

판정 17/111 (15%) · DB기록 111건
✓ [gmarket] (타임딜초특가) 마렐라XL 3.5L 화이트+기본필터 1입 | 우리 19,800 → 네이버 추천(32,900)
✓ [gmarket] 동아제약 이체크 갱년기 테스트기 2개입 | 우리 9,900 → 네이버 추천(11,920)
✓ [gmarket] 단하루 특가) 슈어메디 리포좀 글루타치온 시그니처 9S 28매 2박스 | 우리 9,910 → 네이버 추천(15,080)
✓ [gmarket] (7/22단하루_앵콜쇼츠딜1.5만) 오스템 뷰센 더블와이드 칫솔 8P | 우리 15,300 → 네이버 추천(17,250)
✓ [gmarket] 베베숲 프라임 아기물티슈 70매 캡 20팩 프리미엄 아기 물티슈/고평 | 우리 24,910 → 네이버 추천(28,300)
✓ [gmarket] 농가살리기 푸짐한 맛 배터지는 고기듬뿍 감자탕 5kg(8~10인분) | 우리 18,530 → 네이버 비추(17,760)
✓ [11st] 단지우유 240ml 4+8 바나나맛/메로나/딸기맛 등 | 우리 16,800 → 네이버 비슷(16,910)
✓ [11st] 한우대창과 소내장을 푸짐하게 넣은 한우대창전골 1kg +1kg | 우리 15,900 → 네이버 비슷(15,900)
✓ [11st] [판다안주]화로닭발 통마늘 닭근위볶음 250g x 3팩 | 우리 15,940 → 네이버 추천(16,830)
✓ [11st] [풀무원] 멀티스티머 2단 전기찜기 SS29FSW2 | 우리 81,900 → 네이버 비추(59,420)
✓ [coupang] 광동옥수수수염차 무라벨, 330ml, 20개 | 우리 14,750 → 네이버 비슷(15,000)
✓ [coupang] 나누담 깍둑 썰어 보관하는 수박 보관통 밀폐용기, 2L, 2개 | 우리 10,500 → 네이버 비추(9,900)
✓ [coupang] 모모펫 강아지 멍묵멍묵 마블링 대용량 간식, 소고기슬라이스, 1kg, | 우리 15,800 → 네이버 비슷(15,800)
✓ [coupang] 유명한 옥수수 홍찰 쫀득한 찰옥수수 냉동 옥수수, 15개, 중 | 우리 13,990 → 네이버 비슷(13,990)
✓ [coupang] 요즘 플레인 그릭요거트 소프트, 500g, 1개 | 우리 11,900 → 네이버 추천(17,360)
✓ [coupang] 홈플래닛 유청분리 그릭요거트 메이커 1.2L, 화이트, 1개 | 우리 15,990 → 네이버 추천(18,800)

판정 16/111 (14%) · DB기록 111건
✓ [gmarket] (타임딜초특가) 마렐라XL 3.5L 화이트+기본필터 1입 | 우리 19,800 → 네이버 추천(32,900)
✓ [gmarket] 동아제약 이체크 갱년기 테스트기 2개입 | 우리 9,900 → 네이버 추천(11,920)
✓ [gmarket] 단하루 특가) 슈어메디 리포좀 글루타치온 시그니처 9S 28매 2박스 | 우리 9,910 → 네이버 추천(15,080)
✓ [gmarket] (7/22단하루_앵콜쇼츠딜1.5만) 오스템 뷰센 더블와이드 칫솔 8P | 우리 15,300 → 네이버 추천(17,250)
✓ [gmarket] 농가살리기 푸짐한 맛 배터지는 고기듬뿍 감자탕 5kg(8~10인분) | 우리 18,530 → 네이버 비추(17,760)
✓ [coupang] 광동옥수수수염차 무라벨, 330ml, 20개 | 우리 14,750 → 네이버 비슷(15,000)
✓ [coupang] 나누담 깍둑 썰어 보관하는 수박 보관통 밀폐용기, 2L, 2개 | 우리 10,500 → 네이버 비추(9,900)
✓ [coupang] 모모펫 강아지 멍묵멍묵 마블링 대용량 간식, 소고기슬라이스, 1kg, | 우리 15,800 → 네이버 비슷(15,800)
✓ [coupang] 유명한 옥수수 홍찰 쫀득한 찰옥수수 냉동 옥수수, 15개, 중 | 우리 13,990 → 네이버 비슷(13,990)
✓ [coupang] 요즘 플레인 그릭요거트 소프트, 500g, 1개 | 우리 11,900 → 네이버 추천(17,360)
✓ [coupang] 홈플래닛 유청분리 그릭요거트 메이커 1.2L, 화이트, 1개 | 우리 15,990 → 네이버 추천(18,800)
✓ [11st] 단지우유 240ml 4+8 바나나맛/메로나/딸기맛 등 | 우리 16,800 → 네이버 비슷(16,910)
✓ [11st] 한우대창과 소내장을 푸짐하게 넣은 한우대창전골 1kg +1kg | 우리 15,900 → 네이버 비슷(15,900)
✓ [11st] [판다안주]화로닭발 통마늘 닭근위볶음 250g x 3팩 | 우리 15,940 → 네이버 추천(16,830)

판정 14/111 (13%) · DB기록 111건
✓ [gmarket] (타임딜초특가) 마렐라XL 3.5L 화이트+기본필터 1입 | 우리 19,800 → 네이버 추천(32,900)
✓ [gmarket] 동아제약 이체크 갱년기 테스트기 2개입 | 우리 9,900 → 네이버 추천(11,920)
✓ [gmarket] 단하루 특가) 슈어메디 리포좀 글루타치온 시그니처 9S 28매 2박스 | 우리 9,910 → 네이버 추천(15,080)
✓ [gmarket] (7/22단하루_앵콜쇼츠딜1.5만) 오스템 뷰센 더블와이드 칫솔 8P | 우리 15,300 → 네이버 추천(17,250)
✓ [gmarket] 농가살리기 푸짐한 맛 배터지는 고기듬뿍 감자탕 5kg(8~10인분) | 우리 18,530 → 네이버 비추(17,760)
✓ [11st] 단지우유 240ml 4+8 바나나맛/메로나/딸기맛 등 | 우리 16,800 → 네이버 비슷(16,910)
✓ [11st] 한우대창과 소내장을 푸짐하게 넣은 한우대창전골 1kg +1kg | 우리 15,900 → 네이버 비슷(15,900)
✓ [11st] [판다안주]화로닭발 통마늘 닭근위볶음 250g x 3팩 | 우리 15,940 → 네이버 추천(16,830)
✓ [coupang] 조선미녀 맑은쌀 선크림 SPF50 PA++++ 50ml + 아쿠아 프 | 우리 14,500 → 네이버 추천(20,680)
✓ [coupang] 탐사 강아지 간식 리얼 촉촉 큐브 져키, 소고기, 1.1kg, 1개 | 우리 12,990 → 네이버 추천(17,900)
✓ [coupang] 트레비 레몬 ECO 탄산음료 무라벨, 350ml, 20개 | 우리 11,900 → 네이버 비추(11,500)
✓ [coupang] 선농원 실비김치, 1.2kg, 1개 | 우리 13,900 → 네이버 비추(7,400)
✓ [coupang] 사세 바삭튀긴 통새우 튀김 (냉동), 300g, 1개 | 우리 6,800 → 네이버 추천(8,000)

판정 13/111 (12%) · DB기록 111건
✓ [gmarket] (타임딜초특가) 마렐라XL 3.5L 화이트+기본필터 1입 | 우리 19,800 → 네이버 추천(32,900)
✓ [gmarket] 동아제약 이체크 갱년기 테스트기 2개입 | 우리 9,900 → 네이버 추천(11,920)
✓ [gmarket] 단하루 특가) 슈어메디 리포좀 글루타치온 시그니처 9S 28매 2박스 | 우리 9,910 → 네이버 추천(15,080)
✓ [gmarket] (7/22단하루_앵콜쇼츠딜1.5만) 오스템 뷰센 더블와이드 칫솔 8P | 우리 15,300 → 네이버 추천(17,250)
✓ [gmarket] 농가살리기 푸짐한 맛 배터지는 고기듬뿍 감자탕 5kg(8~10인분) | 우리 18,530 → 네이버 비추(17,760)
✓ [11st] 단지우유 240ml 4+8 바나나맛/메로나/딸기맛 등 | 우리 16,800 → 네이버 비슷(16,910)
✓ [11st] 한우대창과 소내장을 푸짐하게 넣은 한우대창전골 1kg +1kg | 우리 15,900 → 네이버 비슷(15,900)
✓ [11st] [판다안주]화로닭발 통마늘 닭근위볶음 250g x 3팩 | 우리 15,940 → 네이버 비슷(15,940)
✓ [coupang] 조선미녀 맑은쌀 선크림 SPF50 PA++++ 50ml + 아쿠아 프 | 우리 14,500 → 네이버 추천(20,680)
✓ [coupang] 탐사 강아지 간식 리얼 촉촉 큐브 져키, 소고기, 1.1kg, 1개 | 우리 12,990 → 네이버 추천(17,900)
✓ [coupang] 트레비 레몬 ECO 탄산음료 무라벨, 350ml, 20개 | 우리 11,900 → 네이버 비추(11,500)
✓ [coupang] 선농원 실비김치, 1.2kg, 1개 | 우리 13,900 → 네이버 비추(7,400)
✓ [coupang] 사세 바삭튀긴 통새우 튀김 (냉동), 300g, 1개 | 우리 6,800 → 네이버 추천(8,000)

판정 13/111 (12%) · DB기록 111건
✓ [gmarket] (타임딜초특가) 마렐라XL 3.5L 화이트+기본필터 1입 | 우리 19,800 → 네이버 추천(32,900)
✓ [gmarket] 동아제약 이체크 갱년기 테스트기 2개입 | 우리 9,900 → 네이버 추천(11,920)
✓ [gmarket] 단하루 특가) 슈어메디 리포좀 글루타치온 시그니처 9S 28매 2박스 | 우리 9,910 → 네이버 추천(15,080)
✓ [gmarket] (7/22단하루_앵콜쇼츠딜1.5만) 오스템 뷰센 더블와이드 칫솔 8P | 우리 15,300 → 네이버 추천(17,250)
✓ [gmarket] 농가살리기 푸짐한 맛 배터지는 고기듬뿍 감자탕 5kg(8~10인분) | 우리 18,530 → 네이버 비추(17,760)
✓ [11st] 만토바 골든 엑스트라버진 올리브오일 1L | 우리 19,920 → 네이버 비추(15,860)
✓ [11st] 셀렉스 프로틴바 너츠/베리오트 50g, 12개 | 우리 19,610 → 네이버 비추(17,420)
✓ [11st] 오리온 쉘위 생크림 디저트 12p 2+2 | 우리 14,400 → 네이버 비추(12,310)
✓ [11st] 인절미아몬드*20봉+20봉 | 우리 14,820 → 네이버 비추(10,360)
✓ [11st] 한우대창과 소내장을 푸짐하게 넣은 한우대창전골 1kg +1kg | 우리 15,900 → 네이버 비슷(15,900)
✓ [11st] [판다안주]화로닭발 통마늘 닭근위볶음 250g x 3팩 | 우리 15,940 → 네이버 비슷(15,940)
✓ [11st] 오리온 쉘위 카카오 12입, 4개 | 우리 14,400 → 네이버 비슷(14,400)
✓ [coupang] 조선미녀 맑은쌀 선크림 SPF50 PA++++ 50ml + 아쿠아 프 | 우리 14,500 → 네이버 추천(20,680)
✓ [coupang] 탐사 강아지 간식 리얼 촉촉 큐브 져키, 소고기, 1.1kg, 1개 | 우리 12,990 → 네이버 추천(17,900)
✓ [coupang] 트레비 레몬 ECO 탄산음료 무라벨, 350ml, 20개 | 우리 11,900 → 네이버 비추(11,500)
✓ [coupang] 선농원 실비김치, 1.2kg, 1개 | 우리 13,900 → 네이버 비추(7,400)
✓ [coupang] 사세 바삭튀긴 통새우 튀김 (냉동), 300g, 1개 | 우리 6,800 → 네이버 추천(8,000)

판정 17/110 (15%) · DB기록 110건
✓ [gmarket] (타임딜초특가) 마렐라XL 3.5L 화이트+기본필터 1입 | 우리 19,800 → 네이버 추천(32,900)
✓ [gmarket] 동아제약 이체크 갱년기 테스트기 2개입 | 우리 9,900 → 네이버 추천(11,920)
✓ [gmarket] 단하루 특가) 슈어메디 리포좀 글루타치온 시그니처 9S 28매 2박스 | 우리 9,910 → 네이버 추천(15,080)
✓ [gmarket] (7/22단하루_앵콜쇼츠딜1.5만) 오스템 뷰센 더블와이드 칫솔 8P | 우리 15,300 → 네이버 추천(17,250)
✓ [gmarket] 농가살리기 푸짐한 맛 배터지는 고기듬뿍 감자탕 5kg(8~10인분) | 우리 18,530 → 네이버 비추(17,760)
✓ [11st] 오리온 쉘위 생크림 디저트 12p 2+2 | 우리 14,400 → 네이버 비추(12,310)
✓ [11st] 만토바 골든 엑스트라버진 올리브오일 1L | 우리 19,920 → 네이버 비추(15,860)
✓ [11st] 인절미아몬드*20봉+20봉 | 우리 14,820 → 네이버 비추(10,360)
✓ [11st] 셀렉스 프로틴바 너츠/베리오트 50g, 12개 | 우리 19,610 → 네이버 비추(17,420)
✓ [11st] 한우대창과 소내장을 푸짐하게 넣은 한우대창전골 1kg +1kg | 우리 15,900 → 네이버 비슷(15,900)
✓ [11st] 오리온 쉘위 카카오 12입, 4개 | 우리 14,400 → 네이버 비슷(14,400)
✓ [11st] [판다안주]화로닭발 통마늘 닭근위볶음 250g x 3팩 | 우리 15,940 → 네이버 비슷(15,940)
✓ [coupang] 조선미녀 맑은쌀 선크림 SPF50 PA++++ 50ml + 아쿠아 프 | 우리 14,500 → 네이버 추천(20,680)
✓ [coupang] 탐사 강아지 간식 리얼 촉촉 큐브 져키, 소고기, 1.1kg, 1개 | 우리 12,990 → 네이버 추천(17,900)
✓ [coupang] 트레비 레몬 ECO 탄산음료 무라벨, 350ml, 20개 | 우리 11,900 → 네이버 비추(11,500)
✓ [coupang] 선농원 실비김치, 1.2kg, 1개 | 우리 13,900 → 네이버 비추(7,400)
✓ [coupang] 사세 바삭튀긴 통새우 튀김 (냉동), 300g, 1개 | 우리 6,800 → 네이버 추천(8,000)

판정 17/110 (15%) · DB기록 110건
✓ [gmarket] (타임딜초특가) 마렐라XL 3.5L 화이트+기본필터 1입 | 우리 19,800 → 네이버 추천(32,900)
✓ [gmarket] 동아제약 이체크 갱년기 테스트기 2개입 | 우리 9,900 → 네이버 추천(11,920)
✓ [gmarket] 단하루 특가) 슈어메디 리포좀 글루타치온 시그니처 9S 28매 2박스 | 우리 9,910 → 네이버 추천(15,080)
✓ [gmarket] (7/22단하루_앵콜쇼츠딜1.5만) 오스템 뷰센 더블와이드 칫솔 8P | 우리 15,300 → 네이버 추천(17,250)
✓ [gmarket] 농가살리기 푸짐한 맛 배터지는 고기듬뿍 감자탕 5kg(8~10인분) | 우리 18,530 → 네이버 비추(17,760)
✓ [11st] GAP인증 국내산 햇 자색당근 1kg | 우리 7,990 → 네이버 비슷(7,990)
✓ [11st] 온반 짬뽕탕 600g x 3팩 외 국탕류 | 우리 13,520 → 네이버 비추(12,660)
✓ [11st] 고기중독 단1회착유 통참깨 진심 참기름 350ml+350ml | 우리 14,800 → 네이버 추천(17,700)
✓ [11st] 바디랩 프리미엄 스페인산 유기농 레몬즙 14포, 8개 | 우리 21,900 → 네이버 추천(35,290)
✓ [11st] 한우대창과 소내장을 푸짐하게 넣은 한우대창전골 1kg +1kg | 우리 15,900 → 네이버 비슷(15,900)
✓ [11st] [판다안주]화로닭발 통마늘 닭근위볶음 250g x 3팩 | 우리 15,940 → 네이버 비슷(15,940)
✓ [coupang] 조선미녀 맑은쌀 선크림 SPF50 PA++++ 50ml + 아쿠아 프 | 우리 14,500 → 네이버 추천(20,680)
✓ [coupang] 탐사 강아지 간식 리얼 촉촉 큐브 져키, 소고기, 1.1kg, 1개 | 우리 12,990 → 네이버 추천(17,900)
✓ [coupang] 트레비 레몬 ECO 탄산음료 무라벨, 350ml, 20개 | 우리 11,900 → 네이버 비추(11,500)
✓ [coupang] 선농원 실비김치, 1.2kg, 1개 | 우리 13,900 → 네이버 비추(7,400)
✓ [coupang] 사세 바삭튀긴 통새우 튀김 (냉동), 300g, 1개 | 우리 6,800 → 네이버 추천(8,000)

판정 16/107 (15%) · DB기록 107건
✓ [gmarket] (타임딜초특가) 마렐라XL 3.5L 화이트+기본필터 1입 | 우리 19,800 → 네이버 추천(32,900)
✓ [gmarket] 동아제약 이체크 갱년기 테스트기 2개입 | 우리 9,900 → 네이버 추천(11,920)
✓ [gmarket] 단하루 특가) 슈어메디 리포좀 글루타치온 시그니처 9S 28매 2박스 | 우리 9,910 → 네이버 추천(15,080)
✓ [gmarket] (7/22단하루_앵콜쇼츠딜1.5만) 오스템 뷰센 더블와이드 칫솔 8P | 우리 15,300 → 네이버 추천(17,250)
✓ [gmarket] 농가살리기 푸짐한 맛 배터지는 고기듬뿍 감자탕 5kg(8~10인분) | 우리 18,530 → 네이버 비추(17,760)
✓ [11st] GAP인증 국내산 햇 자색당근 1kg | 우리 7,990 → 네이버 비슷(7,990)
✓ [11st] 온반 짬뽕탕 600g x 3팩 외 국탕류 | 우리 13,520 → 네이버 비추(12,660)
✓ [11st] 고기중독 단1회착유 통참깨 진심 참기름 350ml+350ml | 우리 14,800 → 네이버 추천(17,700)
✓ [11st] 바디랩 프리미엄 스페인산 유기농 레몬즙 14포, 8개 | 우리 21,900 → 네이버 추천(35,290)
✓ [11st] 한우대창과 소내장을 푸짐하게 넣은 한우대창전골 1kg +1kg | 우리 15,900 → 네이버 비슷(15,900)
✓ [11st] [판다안주]화로닭발 통마늘 닭근위볶음 250g x 3팩 | 우리 15,940 → 네이버 비슷(15,940)
✓ [11st] 바디랩 프리미엄 스페인산 유기농 레몬즙 14포, 8개 | 우리 21,900 → 네이버 추천(35,290)
✓ [coupang] 조선미녀 맑은쌀 선크림 SPF50 PA++++ 50ml + 아쿠아 프 | 우리 14,500 → 네이버 추천(20,680)
✓ [coupang] 탐사 강아지 간식 리얼 촉촉 큐브 져키, 소고기, 1.1kg, 1개 | 우리 12,990 → 네이버 추천(17,900)
✓ [coupang] 트레비 레몬 ECO 탄산음료 무라벨, 350ml, 20개 | 우리 11,900 → 네이버 비추(11,500)
✓ [coupang] 선농원 실비김치, 1.2kg, 1개 | 우리 13,900 → 네이버 비추(7,400)
✓ [coupang] 사세 바삭튀긴 통새우 튀김 (냉동), 300g, 1개 | 우리 6,800 → 네이버 추천(8,000)

판정 17/107 (16%) · DB기록 107건
✓ [gmarket] (타임딜초특가) 마렐라XL 3.5L 화이트+기본필터 1입 | 우리 19,800 → 네이버 추천(32,900)
✓ [gmarket] 동아제약 이체크 갱년기 테스트기 2개입 | 우리 9,900 → 네이버 추천(11,920)
✓ [gmarket] 단하루 특가) 슈어메디 리포좀 글루타치온 시그니처 9S 28매 2박스 | 우리 9,910 → 네이버 추천(15,080)
✓ [gmarket] (7/22단하루_앵콜쇼츠딜1.5만) 오스템 뷰센 더블와이드 칫솔 8P | 우리 15,300 → 네이버 추천(17,250)
✓ [gmarket] 농가살리기 푸짐한 맛 배터지는 고기듬뿍 감자탕 5kg(8~10인분) | 우리 18,530 → 네이버 비추(17,760)
✓ [11st] 파인밀 불맛 직화 오리지널 튤립 무뼈 닭발 2팩 외 | 우리 15,220 → 네이버 추천(15,900)
✓ [11st] NEW 오딧세이 로맨틱 올인원 로션 180ml+최다구성PKG | 우리 22,400 → 네이버 비추(18,450)
✓ [11st] 샤워메이트 바디워시 1.2kg 3통/클린코튼,크랜베리 외 | 우리 12,300 → 네이버 비추(11,600)
✓ [11st] 플루 스크럽 바디워시 퍼퓸 컬렉션 바디워시 500ml 4병 | 우리 37,110 → 네이버 비슷(36,720)
✓ [11st] 한우대창과 소내장을 푸짐하게 넣은 한우대창전골 1kg +1kg | 우리 15,900 → 네이버 비슷(15,900)
✓ [coupang] 조선미녀 맑은쌀 선크림 SPF50 PA++++ 50ml + 아쿠아 프 | 우리 14,500 → 네이버 추천(20,680)
✓ [coupang] 탐사 강아지 간식 리얼 촉촉 큐브 져키, 소고기, 1.1kg, 1개 | 우리 12,990 → 네이버 추천(17,900)
✓ [coupang] 트레비 레몬 ECO 탄산음료 무라벨, 350ml, 20개 | 우리 11,900 → 네이버 비추(11,500)
✓ [coupang] 선농원 실비김치, 1.2kg, 1개 | 우리 13,900 → 네이버 비추(7,400)
✓ [coupang] 사세 바삭튀긴 통새우 튀김 (냉동), 300g, 1개 | 우리 6,800 → 네이버 추천(8,000)

판정 15/112 (13%) · DB기록 112건
✓ [gmarket] (타임딜초특가) 마렐라XL 3.5L 화이트+기본필터 1입 | 우리 19,800 → 네이버 추천(32,900)
✓ [gmarket] 동아제약 이체크 갱년기 테스트기 2개입 | 우리 9,900 → 네이버 추천(11,920)
✓ [gmarket] 단하루 특가) 슈어메디 리포좀 글루타치온 시그니처 9S 28매 2박스 | 우리 9,910 → 네이버 추천(15,080)
✓ [gmarket] (7/22단하루_앵콜쇼츠딜1.5만) 오스템 뷰센 더블와이드 칫솔 8P | 우리 15,300 → 네이버 추천(17,250)
✓ [gmarket] 농가살리기 푸짐한 맛 배터지는 고기듬뿍 감자탕 5kg(8~10인분) | 우리 18,530 → 네이버 비추(17,760)
✓ [11st] NEW 오딧세이 로맨틱 올인원 로션 180ml+최다구성PKG | 우리 22,400 → 네이버 비추(18,450)
✓ [11st] 샤워메이트 바디워시 1.2kg 3통/클린코튼,크랜베리 외 | 우리 12,300 → 네이버 비추(11,600)
✓ [11st] 파인밀 불맛 직화 오리지널 튤립 무뼈 닭발 2팩 외 | 우리 15,220 → 네이버 추천(15,900)
✓ [11st] 플루 스크럽 바디워시 퍼퓸 컬렉션 바디워시 500ml 4병 | 우리 37,110 → 네이버 비슷(36,720)
✓ [11st] 한우대창과 소내장을 푸짐하게 넣은 한우대창전골 1kg +1kg | 우리 15,900 → 네이버 비슷(15,900)
✓ [coupang] 조선미녀 맑은쌀 선크림 SPF50 PA++++ 50ml + 아쿠아 프 | 우리 14,500 → 네이버 추천(20,680)
✓ [coupang] 탐사 강아지 간식 리얼 촉촉 큐브 져키, 소고기, 1.1kg, 1개 | 우리 12,990 → 네이버 추천(17,900)
✓ [coupang] 트레비 레몬 ECO 탄산음료 무라벨, 350ml, 20개 | 우리 11,900 → 네이버 비추(11,500)
✓ [coupang] 사세 바삭튀긴 통새우 튀김 (냉동), 300g, 1개 | 우리 6,800 → 네이버 추천(8,000)
✓ [coupang] 선농원 실비김치, 1.2kg, 1개 | 우리 13,900 → 네이버 비추(7,400)

판정 15/112 (13%) · DB기록 112건
✓ [gmarket] (타임딜초특가) 마렐라XL 3.5L 화이트+기본필터 1입 | 우리 19,800 → 네이버 추천(32,900)
✓ [gmarket] 동아제약 이체크 갱년기 테스트기 2개입 | 우리 9,900 → 네이버 추천(11,920)
✓ [gmarket] 단하루 특가) 슈어메디 리포좀 글루타치온 시그니처 9S 28매 2박스 | 우리 9,910 → 네이버 추천(15,080)
✓ [gmarket] (7/22단하루_앵콜쇼츠딜1.5만) 오스템 뷰센 더블와이드 칫솔 8P | 우리 15,300 → 네이버 추천(17,250)
✓ [gmarket] 농가살리기 푸짐한 맛 배터지는 고기듬뿍 감자탕 5kg(8~10인분) | 우리 18,530 → 네이버 비추(17,760)
✓ [11st] 원팩쿠캣 점보 햄폭탄 부대찌개 1.5kg | 우리 12,880 → 네이버 추천(26,230)
✓ [11st] 신일 BLDC 스탠드형 에어서큘레이터 SIF-PC80COK, 1개 | 우리 94,900 → 네이버 비슷(94,900)
✓ [11st] VT 시카 크림 플러스 2개 (100ml+100ml) | 우리 15,900 → 네이버 비추(9,000)
✓ [11st] VT 시카 크림 플러스 30ml | 우리 6,720 → 네이버 비추(6,500)
✓ [11st] VT PDRN 글로우 락 마스크 100ml | 우리 8,950 → 네이버 추천(14,200)
✓ [coupang] 조선미녀 맑은쌀 선크림 SPF50 PA++++ 50ml + 아쿠아 프 | 우리 14,500 → 네이버 추천(20,680)
✓ [coupang] 탐사 강아지 간식 리얼 촉촉 큐브 져키, 소고기, 1.1kg, 1개 | 우리 12,990 → 네이버 추천(17,900)
✓ [coupang] 트레비 레몬 ECO 탄산음료 무라벨, 350ml, 20개 | 우리 11,900 → 네이버 비추(11,500)
✓ [coupang] 사세 바삭튀긴 통새우 튀김 (냉동), 300g, 1개 | 우리 6,800 → 네이버 추천(8,000)
✓ [coupang] 선농원 실비김치, 1.2kg, 1개 | 우리 13,900 → 네이버 비추(7,400)
✓ [coupang] 뷰티레시피 스노우화이트 멜라 스탑 화이트닝 크림, 80ml, 1개 | 우리 12,500 → 네이버 추천(12,900)

판정 16/123 (13%) · DB기록 123건
✓ [gmarket] (타임딜초특가) 마렐라XL 3.5L 화이트+기본필터 1입 | 우리 19,800 → 네이버 추천(31,904)
✓ [gmarket] 동아제약 이체크 갱년기 테스트기 2개입 | 우리 9,900 → 네이버 추천(11,920)
✓ [gmarket] 단하루 특가) 슈어메디 리포좀 글루타치온 시그니처 9S 28매 2박스 | 우리 9,910 → 네이버 추천(15,080)
✓ [gmarket] (7/22단하루_앵콜쇼츠딜1.5만) 오스템 뷰센 더블와이드 칫솔 8P | 우리 15,300 → 네이버 추천(17,250)
✓ [gmarket] 농가살리기 푸짐한 맛 배터지는 고기듬뿍 감자탕 5kg(8~10인분) | 우리 18,530 → 네이버 비추(17,760)
✓ [11st] 원팩쿠캣 점보 햄폭탄 부대찌개 1.5kg | 우리 12,880 → 네이버 추천(26,230)
✓ [11st] VT 시카 크림 플러스 2개 (100ml+100ml) | 우리 15,900 → 네이버 비추(9,000)
✓ [11st] 신일 BLDC 스탠드형 에어서큘레이터 SIF-PC80COK, 1개 | 우리 94,900 → 네이버 비슷(94,900)
✓ [11st] [바디랩] 검은약콩 순수두유 99.9, 20포, 2박스 | 우리 26,900 → 네이버 추천(27,810)
✓ [11st] [삼촌식탁] 달콤 고구마 고로케 1kg X 5봉 (총5kg) | 우리 26,800 → 네이버 비추(13,570)
✓ [11st] 100% 국산콩 국민바이오 무가당 약콩두유 180ml 40팩 | 우리 18,750 → 네이버 추천(26,720)
✓ [coupang] 조선미녀 맑은쌀 선크림 SPF50 PA++++ 50ml + 아쿠아 프 | 우리 14,500 → 네이버 추천(20,680)
✓ [coupang] 탐사 강아지 간식 리얼 촉촉 큐브 져키, 소고기, 1.1kg, 1개 | 우리 12,990 → 네이버 추천(17,900)
✓ [coupang] 트레비 레몬 ECO 탄산음료 무라벨, 350ml, 20개 | 우리 11,900 → 네이버 비추(11,500)
✓ [coupang] 사세 바삭튀긴 통새우 튀김 (냉동), 300g, 1개 | 우리 6,800 → 네이버 추천(8,000)
✓ [coupang] 선농원 실비김치, 1.2kg, 1개 | 우리 13,900 → 네이버 비추(7,400)
✓ [coupang] 뷰티레시피 스노우화이트 멜라 스탑 화이트닝 크림, 80ml, 1개 | 우리 12,500 → 네이버 추천(12,900)

판정 17/122 (14%) · DB기록 122건
✓ [gmarket] (타임딜초특가) 마렐라XL 3.5L 화이트+기본필터 1입 | 우리 19,800 → 네이버 추천(31,904)
✓ [gmarket] 동아제약 이체크 갱년기 테스트기 2개입 | 우리 9,900 → 네이버 추천(11,920)
✓ [gmarket] 단하루 특가) 슈어메디 리포좀 글루타치온 시그니처 9S 28매 2박스 | 우리 9,910 → 네이버 추천(15,080)
✓ [gmarket] (7/22단하루_앵콜쇼츠딜1.5만) 오스템 뷰센 더블와이드 칫솔 8P | 우리 15,300 → 네이버 추천(17,250)
✓ [gmarket] 농가살리기 푸짐한 맛 배터지는 고기듬뿍 감자탕 5kg(8~10인분) | 우리 18,530 → 네이버 비추(17,760)
✓ [11st] 원팩쿠캣 점보 햄폭탄 부대찌개 1.5kg | 우리 12,880 → 네이버 추천(26,230)
✓ [11st] VT 시카 크림 플러스 2개 (100ml+100ml) | 우리 15,900 → 네이버 비추(9,000)
✓ [11st] 신일 BLDC 스탠드형 에어서큘레이터 SIF-PC80COK, 1개 | 우리 94,900 → 네이버 비슷(94,900)
✓ [11st] 맘스케이크 우리밀 데일리 머핀 40g 15개 | 우리 8,720 → 네이버 추천(12,720)
✓ [11st] [바디랩] 검은약콩 순수두유 99.9, 20포, 2박스 | 우리 26,900 → 네이버 추천(27,810)
✓ [11st] [삼촌식탁] 달콤 고구마 고로케 1kg X 2봉 (총2kg) | 우리 13,960 → 네이버 비슷(13,960)
✓ [11st] [삼촌식탁] 달콤 고구마 고로케 1kg X 5봉 (총5kg) | 우리 26,800 → 네이버 비추(13,570)
✓ [coupang] 조선미녀 맑은쌀 선크림 SPF50 PA++++ 50ml + 아쿠아 프 | 우리 14,500 → 네이버 추천(20,680)
✓ [coupang] 탐사 강아지 간식 리얼 촉촉 큐브 져키, 소고기, 1.1kg, 1개 | 우리 12,990 → 네이버 추천(17,900)
✓ [coupang] 트레비 레몬 ECO 탄산음료 무라벨, 350ml, 20개 | 우리 11,900 → 네이버 비추(11,500)
✓ [coupang] 사세 바삭튀긴 통새우 튀김 (냉동), 300g, 1개 | 우리 6,800 → 네이버 추천(8,000)
✓ [coupang] 선농원 실비김치, 1.2kg, 1개 | 우리 13,900 → 네이버 비추(7,400)
✓ [coupang] 뷰티레시피 스노우화이트 멜라 스탑 화이트닝 크림, 80ml, 1개 | 우리 12,500 → 네이버 추천(12,900)

판정 18/124 (15%) · DB기록 124건
✓ [gmarket] (타임딜초특가) 마렐라XL 3.5L 화이트+기본필터 1입 | 우리 19,800 → 네이버 추천(31,904)
✓ [gmarket] 동아제약 이체크 갱년기 테스트기 2개입 | 우리 9,900 → 네이버 추천(11,920)
✓ [gmarket] 단하루 특가) 슈어메디 리포좀 글루타치온 시그니처 9S 28매 2박스 | 우리 9,910 → 네이버 추천(15,080)
✓ [gmarket] (7/22단하루_앵콜쇼츠딜1.5만) 오스템 뷰센 더블와이드 칫솔 8P | 우리 15,300 → 네이버 추천(17,250)
✓ [gmarket] 베베숲 프라임 아기물티슈 70매 캡 20팩 프리미엄 아기 물티슈/고평 | 우리 24,910 → 네이버 추천(28,300)
✓ [gmarket] 농가살리기 푸짐한 맛 배터지는 고기듬뿍 감자탕 5kg(8~10인분) | 우리 18,530 → 네이버 비추(17,760)
✓ [11st] 원팩쿠캣 점보 햄폭탄 부대찌개 1.5kg | 우리 12,880 → 네이버 추천(26,230)
✓ [11st] VT 시카 크림 플러스 2개 (100ml+100ml) | 우리 15,900 → 네이버 비추(9,000)
✓ [11st] 100% 국산콩 국민바이오 무가당 약콩두유 180ml 40팩 | 우리 18,750 → 네이버 추천(26,720)
✓ [11st] 신일 BLDC 스탠드형 에어서큘레이터 SIF-PC80COK, 1개 | 우리 94,900 → 네이버 비슷(94,900)
✓ [11st] 맘스케이크 우리밀 데일리 머핀 40g 15개 | 우리 8,720 → 네이버 추천(12,720)
✓ [11st] [삼촌식탁] 마른멸치 자멸치 3-5cm 1.5kg | 우리 10,570 → 네이버 추천(11,900)
✓ [coupang] 조선미녀 맑은쌀 선크림 SPF50 PA++++ 50ml + 아쿠아 프 | 우리 14,500 → 네이버 추천(20,680)
✓ [coupang] 탐사 강아지 간식 리얼 촉촉 큐브 져키, 소고기, 1.1kg, 1개 | 우리 12,990 → 네이버 추천(17,900)
✓ [coupang] 트레비 레몬 ECO 탄산음료 무라벨, 350ml, 20개 | 우리 11,900 → 네이버 비추(11,500)
✓ [coupang] 사세 바삭튀긴 통새우 튀김 (냉동), 300g, 1개 | 우리 6,800 → 네이버 추천(8,000)
✓ [coupang] 선농원 실비김치, 1.2kg, 1개 | 우리 13,900 → 네이버 비추(7,400)
✓ [coupang] 뷰티레시피 스노우화이트 멜라 스탑 화이트닝 크림, 80ml, 1개 | 우리 12,500 → 네이버 추천(12,900)

판정 18/121 (15%) · DB기록 121건
✓ [gmarket] (타임딜초특가) 마렐라XL 3.5L 화이트+기본필터 1입 | 우리 19,800 → 네이버 추천(31,904)
✓ [gmarket] 동아제약 이체크 갱년기 테스트기 2개입 | 우리 9,900 → 네이버 추천(11,920)
✓ [gmarket] 단하루 특가) 슈어메디 리포좀 글루타치온 시그니처 9S 28매 2박스 | 우리 9,910 → 네이버 추천(15,080)
✓ [gmarket] (7/22단하루_앵콜쇼츠딜1.5만) 오스템 뷰센 더블와이드 칫솔 8P | 우리 15,300 → 네이버 추천(17,250)
✓ [gmarket] 베베숲 프라임 아기물티슈 70매 캡 20팩 프리미엄 아기 물티슈/고평 | 우리 24,910 → 네이버 추천(28,300)
✓ [gmarket] 농가살리기 푸짐한 맛 배터지는 고기듬뿍 감자탕 5kg(8~10인분) | 우리 18,530 → 네이버 비추(17,760)
✓ [11st] 원팩쿠캣 점보 햄폭탄 부대찌개 1.5kg | 우리 12,880 → 네이버 추천(26,230)
✓ [11st] VT 시카 크림 플러스 2개 (100ml+100ml) | 우리 15,900 → 네이버 비추(9,000)
✓ [11st] 100% 국산콩 국민바이오 무가당 약콩두유 180ml 40팩 | 우리 18,750 → 네이버 추천(26,720)
✓ [11st] 맘스케이크 우리밀 데일리 머핀 40g 15개 | 우리 8,720 → 네이버 추천(12,720)
✓ [11st] [삼촌식탁] 마른멸치 자멸치 3-5cm 1.5kg | 우리 10,570 → 네이버 추천(11,900)
✓ [11st] 신일 BLDC 스탠드형 에어서큘레이터 SIF-PC80COK, 1개 | 우리 94,900 → 네이버 비슷(94,900)
✓ [coupang] 맛있는 찰옥수수 냉동 옥수수, 10개, 옥수수중 | 우리 13,110 → 네이버 비추(10,110)
✓ [coupang] 세브란스에이투 전용목장 단백우유, 125ml, 12개 | 우리 10,900 → 네이버 추천(19,450)
✓ [coupang] 한끼통살 리얼 마녀스프 토마토&비프 (냉동), 300g, 5개 | 우리 19,800 → 네이버 추천(28,200)
✓ [coupang] 꿀맛나는세상 한돈 고추장 제육볶음, 500g, 1개 | 우리 7,450 → 네이버 비추(4,890)
✓ [coupang] 피그인더가든 골든텐더치킨 보울샐러드, 2개, 232g | 우리 13,000 → 네이버 추천(17,380)
✓ [coupang] 옥소 굿그립 야채 탈수기 4.0, 투명, 1개 | 우리 39,900 → 네이버 비추(30,870)

판정 18/123 (15%) · DB기록 123건
✓ [gmarket] (타임딜초특가) 마렐라XL 3.5L 화이트+기본필터 1입 | 우리 19,800 → 네이버 추천(31,904)
✓ [gmarket] 동아제약 이체크 갱년기 테스트기 2개입 | 우리 9,900 → 네이버 추천(11,920)
✓ [gmarket] 단하루 특가) 슈어메디 리포좀 글루타치온 시그니처 9S 28매 2박스 | 우리 9,910 → 네이버 추천(15,080)
✓ [gmarket] (7/22단하루_앵콜쇼츠딜1.5만) 오스템 뷰센 더블와이드 칫솔 8P | 우리 15,300 → 네이버 추천(17,250)
✓ [gmarket] 베베숲 프라임 아기물티슈 70매 캡 20팩 프리미엄 아기 물티슈/고평 | 우리 24,910 → 네이버 추천(28,300)
✓ [gmarket] 농가살리기 푸짐한 맛 배터지는 고기듬뿍 감자탕 5kg(8~10인분) | 우리 18,530 → 네이버 비추(17,760)
✓ [gmarket] 데체코 엑스트라버진 올리브 오일 1L 2병 + 증정 데체코 다이스 토 | 우리 33,900 → 네이버 추천(49,800)
✓ [11st] 원팩쿠캣 점보 햄폭탄 부대찌개 1.5kg | 우리 12,880 → 네이버 추천(26,230)
✓ [11st] 맘스케이크 우리밀 데일리 머핀 40g 15개 | 우리 8,720 → 네이버 비슷(8,720)
✓ [11st] VT 시카 크림 플러스 2개 (100ml+100ml) | 우리 15,900 → 네이버 비추(9,000)
✓ [11st] 100% 국산콩 국민바이오 무가당 약콩두유 180ml 40팩 | 우리 18,750 → 네이버 추천(26,720)
✓ [11st] 신일 BLDC 스탠드형 에어서큘레이터 SIF-PC80COK, 1개 | 우리 94,900 → 네이버 비슷(94,900)
✓ [11st] [삼촌식탁] 마른멸치 자멸치 3-5cm 1.5kg | 우리 10,570 → 네이버 추천(14,900)
✓ [coupang] 맛있는 찰옥수수 냉동 옥수수, 10개, 옥수수중 | 우리 13,110 → 네이버 비추(10,110)
✓ [coupang] 세브란스에이투 전용목장 단백우유, 125ml, 12개 | 우리 10,900 → 네이버 추천(19,450)
✓ [coupang] 한끼통살 리얼 마녀스프 토마토&비프 (냉동), 300g, 5개 | 우리 19,800 → 네이버 추천(28,200)
✓ [coupang] 꿀맛나는세상 한돈 고추장 제육볶음, 500g, 1개 | 우리 7,450 → 네이버 비추(4,890)
✓ [coupang] 피그인더가든 골든텐더치킨 보울샐러드, 2개, 232g | 우리 13,000 → 네이버 추천(15,880)
✓ [coupang] 옥소 굿그립 야채 탈수기 4.0, 투명, 1개 | 우리 39,900 → 네이버 비추(30,870)

판정 19/124 (15%) · DB기록 124건
✓ [gmarket] (타임딜초특가) 마렐라XL 3.5L 화이트+기본필터 1입 | 우리 19,800 → 네이버 추천(31,904)
✓ [gmarket] 동아제약 이체크 갱년기 테스트기 2개입 | 우리 9,900 → 네이버 추천(11,920)
✓ [gmarket] 단하루 특가) 슈어메디 리포좀 글루타치온 시그니처 9S 28매 2박스 | 우리 9,910 → 네이버 추천(15,080)
✓ [gmarket] (7/22단하루_앵콜쇼츠딜1.5만) 오스템 뷰센 더블와이드 칫솔 8P | 우리 15,300 → 네이버 추천(17,250)
✓ [gmarket] 베베숲 프라임 아기물티슈 70매 캡 20팩 프리미엄 아기 물티슈/고평 | 우리 24,910 → 네이버 추천(28,300)
✓ [gmarket] 농가살리기 푸짐한 맛 배터지는 고기듬뿍 감자탕 5kg(8~10인분) | 우리 18,530 → 네이버 비추(17,760)
✓ [gmarket] 데체코 엑스트라버진 올리브 오일 1L 2병 + 증정 데체코 다이스 토 | 우리 33,900 → 네이버 추천(49,800)
✓ [11st] 26년출시 쿠쿠 제습기 12L DH-T12701GW | 우리 189,900 → 네이버 추천(197,000)
✓ [11st] 어가찬 국내산 맛있는 고바 멸치 1.5kg/원물박스 | 우리 14,790 → 네이버 추천(16,340)
✓ [11st] VT 시카 크림 플러스 2개 (100ml+100ml) | 우리 15,900 → 네이버 비추(9,000)
✓ [11st] 맘스케이크 우리밀 데일리 머핀 40g 15개 | 우리 8,720 → 네이버 비슷(8,720)
✓ [11st] 국내산100% 짜지않은 담백한맛 [어가찬] 국내산 맛있는 고바 멸치  | 우리 14,790 → 네이버 비슷(14,880)
✓ [11st] 100% 국산콩 국민바이오 무가당 약콩두유 180ml 40팩 | 우리 18,750 → 네이버 추천(26,720)
✓ [coupang] 더독 강아지 갈비껌 간식 립츄, 오리, 250g, 1개 | 우리 12,650 → 네이버 비슷(12,900)
✓ [coupang] 맛있는 찰옥수수 냉동 옥수수, 10개, 옥수수중 | 우리 13,110 → 네이버 비추(10,110)
✓ [coupang] 세브란스에이투 전용목장 단백우유, 125ml, 12개 | 우리 10,900 → 네이버 추천(19,450)
✓ [coupang] 한끼통살 리얼 마녀스프 토마토&비프 (냉동), 300g, 5개 | 우리 19,800 → 네이버 추천(28,200)
✓ [coupang] 꿀맛나는세상 한돈 고추장 제육볶음, 500g, 1개 | 우리 7,450 → 네이버 비추(4,890)
✓ [coupang] 피그인더가든 골든텐더치킨 보울샐러드, 2개, 232g | 우리 13,000 → 네이버 추천(15,880)
✓ [coupang] 옥소 굿그립 야채 탈수기 4.0, 투명, 1개 | 우리 39,900 → 네이버 비추(25,850)

판정 20/124 (16%) · DB기록 124건
✓ [gmarket] (타임딜초특가) 마렐라XL 3.5L 화이트+기본필터 1입 | 우리 19,800 → 네이버 추천(31,904)
✓ [gmarket] 동아제약 이체크 갱년기 테스트기 2개입 | 우리 9,900 → 네이버 추천(11,920)
✓ [gmarket] 단하루 특가) 슈어메디 리포좀 글루타치온 시그니처 9S 28매 2박스 | 우리 9,910 → 네이버 추천(15,080)
✓ [gmarket] (7/22단하루_앵콜쇼츠딜1.5만) 오스템 뷰센 더블와이드 칫솔 8P | 우리 15,300 → 네이버 추천(17,250)
✓ [gmarket] 베베숲 프라임 아기물티슈 70매 캡 20팩 프리미엄 아기 물티슈/고평 | 우리 24,910 → 네이버 추천(28,300)
✓ [gmarket] 농가살리기 푸짐한 맛 배터지는 고기듬뿍 감자탕 5kg(8~10인분) | 우리 18,530 → 네이버 비추(17,760)
✓ [gmarket] 데체코 엑스트라버진 올리브 오일 1L 2병 + 증정 데체코 다이스 토 | 우리 33,900 → 네이버 추천(49,800)
✓ [11st] 26년출시 쿠쿠 제습기 12L DH-T12701GW | 우리 189,900 → 네이버 추천(197,000)
✓ [11st] 어가찬 국내산 맛있는 고바 멸치 1.5kg/원물박스 | 우리 14,790 → 네이버 추천(16,340)
✓ [11st] 샐리의법칙 트리플 순면이좋은날 생리대 중형 16P X 5팩/대형,라이 | 우리 7,980 → 네이버 추천(18,160)
✓ [11st] VT 시카 크림 플러스 2개 (100ml+100ml) | 우리 15,900 → 네이버 비추(9,000)
✓ [11st] 맘스케이크 우리밀 데일리 머핀 40g 15개 | 우리 8,720 → 네이버 비슷(8,720)
✓ [11st] 국내산100% 짜지않은 담백한맛 [어가찬] 국내산 맛있는 고바 멸치  | 우리 14,790 → 네이버 비슷(14,880)
✓ [coupang] 더독 강아지 갈비껌 간식 립츄, 오리, 250g, 1개 | 우리 12,650 → 네이버 비슷(12,900)
✓ [coupang] 맛있는 찰옥수수 냉동 옥수수, 10개, 옥수수중 | 우리 13,110 → 네이버 비추(10,110)
✓ [coupang] 세브란스에이투 전용목장 단백우유, 125ml, 12개 | 우리 10,900 → 네이버 추천(19,450)
✓ [coupang] 한끼통살 리얼 마녀스프 토마토&비프 (냉동), 300g, 5개 | 우리 19,800 → 네이버 추천(28,200)
✓ [coupang] 꿀맛나는세상 한돈 고추장 제육볶음, 500g, 1개 | 우리 7,450 → 네이버 비추(4,890)
✓ [coupang] 피그인더가든 골든텐더치킨 보울샐러드, 2개, 232g | 우리 13,000 → 네이버 추천(15,880)
✓ [coupang] 옥소 굿그립 야채 탈수기 4.0, 투명, 1개 | 우리 39,900 → 네이버 비추(25,850)

판정 20/122 (16%) · DB기록 122건
✓ [gmarket] (타임딜초특가) 마렐라XL 3.5L 화이트+기본필터 1입 | 우리 19,800 → 네이버 추천(31,904)
✓ [gmarket] 동아제약 이체크 갱년기 테스트기 2개입 | 우리 9,900 → 네이버 추천(11,920)
✓ [gmarket] 단하루 특가) 슈어메디 리포좀 글루타치온 시그니처 9S 28매 2박스 | 우리 9,910 → 네이버 추천(15,080)
✓ [gmarket] (7/22단하루_앵콜쇼츠딜1.5만) 오스템 뷰센 더블와이드 칫솔 8P | 우리 15,300 → 네이버 추천(17,250)
✓ [gmarket] 베베숲 프라임 아기물티슈 70매 캡 20팩 프리미엄 아기 물티슈/고평 | 우리 24,910 → 네이버 추천(28,300)
✓ [gmarket] 농가살리기 푸짐한 맛 배터지는 고기듬뿍 감자탕 5kg(8~10인분) | 우리 18,530 → 네이버 비추(17,760)
✓ [gmarket] 데체코 엑스트라버진 올리브 오일 1L 2병 + 증정 데체코 다이스 토 | 우리 33,900 → 네이버 추천(49,800)
✓ [11st] [내일도착]화로닭발 통마늘 닭근위볶음 250g X 3팩 | 우리 18,900 → 네이버 비슷(18,900)
✓ [11st] 무가당 제주나물콩두유 180ml 40팩+프로틴증정 | 우리 18,750 → 네이버 비슷(18,750)
✓ [11st] 샐리의법칙 트리플 순면이좋은날 생리대 중형 16P X 5팩/대형,라이 | 우리 7,980 → 네이버 추천(18,160)
✓ [11st] VT 시카 크림 플러스 2개 (100ml+100ml) | 우리 15,900 → 네이버 비추(9,000)
✓ [11st] 과일촌 아침에 사과 195ml, 24개 | 우리 11,900 → 네이버 비슷(11,900)
✓ [11st] 국내산 닭고기로 더욱 부드럽게 춘천 가마솥 간장 찜닭 1kg + 1k | 우리 14,700 → 네이버 비슷(14,530)
✓ [11st] 맘스케이크 우리밀 데일리 머핀 40g 15개 | 우리 8,720 → 네이버 비슷(8,720)
✓ [11st] 100% 국산콩 국민바이오 무가당 약콩두유 180ml 40팩 | 우리 18,750 → 네이버 추천(26,720)
✓ [coupang] 더독 강아지 갈비껌 간식 립츄, 오리, 250g, 1개 | 우리 12,650 → 네이버 비슷(12,900)
✓ [coupang] 맛있는 찰옥수수 냉동 옥수수, 10개, 옥수수중 | 우리 13,110 → 네이버 비추(10,110)
✓ [coupang] 세브란스에이투 전용목장 단백우유, 125ml, 12개 | 우리 10,900 → 네이버 추천(19,450)
✓ [coupang] 한끼통살 리얼 마녀스프 토마토&비프 (냉동), 300g, 5개 | 우리 19,800 → 네이버 추천(28,200)
✓ [coupang] 꿀맛나는세상 한돈 고추장 제육볶음, 500g, 1개 | 우리 7,450 → 네이버 비추(4,890)
✓ [coupang] 피그인더가든 골든텐더치킨 보울샐러드, 2개, 232g | 우리 13,000 → 네이버 추천(15,880)
✓ [coupang] 옥소 굿그립 야채 탈수기 4.0, 투명, 1개 | 우리 39,900 → 네이버 비추(25,850)

판정 22/121 (18%) · DB기록 121건
✓ [gmarket] (타임딜초특가) 마렐라XL 3.5L 화이트+기본필터 1입 | 우리 19,800 → 네이버 추천(31,904)
✓ [gmarket] 동아제약 이체크 갱년기 테스트기 2개입 | 우리 9,900 → 네이버 추천(11,920)
✓ [gmarket] 단하루 특가) 슈어메디 리포좀 글루타치온 시그니처 9S 28매 2박스 | 우리 9,910 → 네이버 추천(15,080)
✓ [gmarket] (7/22단하루_앵콜쇼츠딜1.5만) 오스템 뷰센 더블와이드 칫솔 8P | 우리 15,300 → 네이버 추천(17,250)
✓ [gmarket] 베베숲 프라임 아기물티슈 70매 캡 20팩 프리미엄 아기 물티슈/고평 | 우리 24,910 → 네이버 추천(26,600)
✓ [gmarket] 농가살리기 푸짐한 맛 배터지는 고기듬뿍 감자탕 5kg(8~10인분) | 우리 18,530 → 네이버 비추(17,760)
✓ [gmarket] 데체코 엑스트라버진 올리브 오일 1L 2병 + 증정 데체코 다이스 토 | 우리 33,900 → 네이버 추천(49,800)
✓ [11st] [내일도착]화로닭발 통마늘 닭근위볶음 250g X 3팩 | 우리 18,900 → 네이버 비슷(18,900)
✓ [11st] 무가당 제주나물콩두유 180ml 40팩+프로틴증정 | 우리 18,750 → 네이버 비슷(18,750)
✓ [11st] 샐리의법칙 트리플 순면이좋은날 생리대 중형 16P X 5팩/대형,라이 | 우리 7,980 → 네이버 추천(18,160)
✓ [11st] VT 시카 크림 플러스 2개 (100ml+100ml) | 우리 15,900 → 네이버 비추(9,000)
✓ [11st] 국내산 닭고기로 더욱 부드럽게 춘천 가마솥 간장 찜닭 1kg + 1k | 우리 14,700 → 네이버 비슷(14,530)
✓ [11st] 맘스케이크 우리밀 데일리 머핀 40g 15개 | 우리 8,720 → 네이버 비슷(8,720)
✓ [11st] 100% 국산콩 국민바이오 무가당 약콩두유 180ml 40팩 | 우리 18,750 → 네이버 추천(26,720)
✓ [coupang] 더독 강아지 갈비껌 간식 립츄, 오리, 250g, 1개 | 우리 12,650 → 네이버 비슷(12,900)
✓ [coupang] 맛있는 찰옥수수 냉동 옥수수, 10개, 옥수수중 | 우리 13,110 → 네이버 비추(10,110)
✓ [coupang] 세브란스에이투 전용목장 단백우유, 125ml, 12개 | 우리 10,900 → 네이버 추천(19,450)
✓ [coupang] 한끼통살 리얼 마녀스프 토마토&비프 (냉동), 300g, 5개 | 우리 19,800 → 네이버 추천(28,200)
✓ [coupang] 꿀맛나는세상 한돈 고추장 제육볶음, 500g, 1개 | 우리 7,450 → 네이버 비추(4,890)
✓ [coupang] 피그인더가든 골든텐더치킨 보울샐러드, 2개, 232g | 우리 13,000 → 네이버 추천(15,880)
✓ [coupang] 옥소 굿그립 야채 탈수기 4.0, 투명, 1개 | 우리 39,900 → 네이버 비추(25,850)

판정 21/122 (17%) · DB기록 122건
✓ [gmarket] (타임딜초특가) 마렐라XL 3.5L 화이트+기본필터 1입 | 우리 19,800 → 네이버 추천(31,904)
✓ [gmarket] 동아제약 이체크 갱년기 테스트기 2개입 | 우리 9,900 → 네이버 추천(11,920)
✓ [gmarket] 단하루 특가) 슈어메디 리포좀 글루타치온 시그니처 9S 28매 2박스 | 우리 9,910 → 네이버 추천(15,080)
✓ [gmarket] (7/22단하루_앵콜쇼츠딜1.5만) 오스템 뷰센 더블와이드 칫솔 8P | 우리 15,300 → 네이버 추천(17,250)
✓ [gmarket] 베베숲 프라임 아기물티슈 70매 캡 20팩 프리미엄 아기 물티슈/고평 | 우리 24,910 → 네이버 추천(26,600)
✓ [gmarket] 농가살리기 푸짐한 맛 배터지는 고기듬뿍 감자탕 5kg(8~10인분) | 우리 18,530 → 네이버 비추(17,760)
✓ [gmarket] 데체코 엑스트라버진 올리브 오일 1L 2병 + 증정 데체코 다이스 토 | 우리 33,900 → 네이버 추천(49,800)
✓ [11st] 샐리의법칙 트리플 순면이좋은날 생리대 중형 16P X 5팩/대형,라이 | 우리 7,980 → 네이버 추천(18,160)
✓ [11st] VT 시카 크림 플러스 2개 (100ml+100ml) | 우리 15,900 → 네이버 비추(9,000)
✓ [11st] 100% 국산콩 국민바이오 무가당 약콩두유 180ml 40팩 | 우리 18,750 → 네이버 추천(26,720)
✓ [11st] 비타그램 메쉬킷 네블라이저 가정용 의료기기 VG-MN2506W | 우리 49,000 → 네이버 추천(59,000)
✓ [11st] 맘스케이크 우리밀 데일리 머핀 40g 15개 | 우리 8,720 → 네이버 비슷(8,720)
✓ [coupang] 더독 강아지 갈비껌 간식 립츄, 오리, 250g, 1개 | 우리 12,650 → 네이버 비슷(12,900)
✓ [coupang] 맛있는 찰옥수수 냉동 옥수수, 10개, 옥수수중 | 우리 13,110 → 네이버 비추(10,110)
✓ [coupang] 세브란스에이투 전용목장 단백우유, 125ml, 12개 | 우리 10,900 → 네이버 추천(19,450)
✓ [coupang] 한끼통살 리얼 마녀스프 토마토&비프 (냉동), 300g, 5개 | 우리 19,800 → 네이버 추천(28,200)
✓ [coupang] 꿀맛나는세상 한돈 고추장 제육볶음, 500g, 1개 | 우리 7,450 → 네이버 비추(4,890)
✓ [coupang] 피그인더가든 골든텐더치킨 보울샐러드, 2개, 232g | 우리 13,000 → 네이버 추천(15,880)
✓ [coupang] 옥소 굿그립 야채 탈수기 4.0, 투명, 1개 | 우리 39,900 → 네이버 비추(25,850)

판정 19/121 (16%) · DB기록 121건
✓ [gmarket] (타임딜초특가) 마렐라XL 3.5L 화이트+기본필터 1입 | 우리 19,800 → 네이버 추천(31,904)
✓ [gmarket] 동아제약 이체크 갱년기 테스트기 2개입 | 우리 9,900 → 네이버 추천(11,920)
✓ [gmarket] 단하루 특가) 슈어메디 리포좀 글루타치온 시그니처 9S 28매 2박스 | 우리 9,910 → 네이버 추천(15,080)
✓ [gmarket] (7/22단하루_앵콜쇼츠딜1.5만) 오스템 뷰센 더블와이드 칫솔 8P | 우리 15,300 → 네이버 추천(17,250)
✓ [gmarket] 베베숲 프라임 아기물티슈 70매 캡 20팩 프리미엄 아기 물티슈/고평 | 우리 24,910 → 네이버 추천(26,600)
✓ [gmarket] 농가살리기 푸짐한 맛 배터지는 고기듬뿍 감자탕 5kg(8~10인분) | 우리 18,530 → 네이버 비추(17,760)
✓ [gmarket] 데체코 엑스트라버진 올리브 오일 1L 2병 + 증정 데체코 다이스 토 | 우리 33,900 → 네이버 추천(49,800)
✓ [11st] 샐리의법칙 트리플 순면이좋은날 생리대 중형 16P X 5팩/대형,라이 | 우리 7,980 → 네이버 추천(18,160)
✓ [11st] 비타그램 메쉬킷 네블라이저 가정용 의료기기 VG-MN2506W | 우리 49,000 → 네이버 추천(59,000)
✓ [11st] VT 시카 크림 플러스 2개 (100ml+100ml) | 우리 15,900 → 네이버 비추(9,000)
✓ [11st] 100% 국산콩 국민바이오 무가당 약콩두유 180ml 40팩 | 우리 18,750 → 네이버 추천(26,720)
✓ [11st] 맘스케이크 우리밀 데일리 머핀 40g 15개 | 우리 8,720 → 네이버 비슷(8,720)
✓ [coupang] 더독 강아지 갈비껌 간식 립츄, 오리, 250g, 1개 | 우리 12,650 → 네이버 비슷(12,900)
✓ [coupang] 맛있는 찰옥수수 냉동 옥수수, 10개, 옥수수중 | 우리 13,110 → 네이버 비추(10,110)
✓ [coupang] 세브란스에이투 전용목장 단백우유, 125ml, 12개 | 우리 10,900 → 네이버 추천(19,450)
✓ [coupang] 한끼통살 리얼 마녀스프 토마토&비프 (냉동), 300g, 5개 | 우리 19,800 → 네이버 추천(28,200)
✓ [coupang] 꿀맛나는세상 한돈 고추장 제육볶음, 500g, 1개 | 우리 7,450 → 네이버 비추(4,890)
✓ [coupang] 피그인더가든 골든텐더치킨 보울샐러드, 2개, 232g | 우리 13,000 → 네이버 추천(15,880)
✓ [coupang] 옥소 굿그립 야채 탈수기 4.0, 투명, 1개 | 우리 39,900 → 네이버 비추(25,850)

판정 19/124 (15%) · DB기록 124건
✓ [gmarket] (타임딜초특가) 마렐라XL 3.5L 화이트+기본필터 1입 | 우리 19,800 → 네이버 추천(31,904)
✓ [gmarket] 동아제약 이체크 갱년기 테스트기 2개입 | 우리 9,900 → 네이버 추천(11,920)
✓ [gmarket] 단하루 특가) 슈어메디 리포좀 글루타치온 시그니처 9S 28매 2박스 | 우리 9,910 → 네이버 추천(15,080)
✓ [gmarket] (7/22단하루_앵콜쇼츠딜1.5만) 오스템 뷰센 더블와이드 칫솔 8P | 우리 15,300 → 네이버 추천(17,250)
✓ [gmarket] 베베숲 프라임 아기물티슈 70매 캡 20팩 프리미엄 아기 물티슈/고평 | 우리 24,910 → 네이버 추천(27,450)
✓ [gmarket] 농가살리기 푸짐한 맛 배터지는 고기듬뿍 감자탕 5kg(8~10인분) | 우리 18,530 → 네이버 비추(17,760)
✓ [gmarket] 데체코 엑스트라버진 올리브 오일 1L 2병 + 증정 데체코 다이스 토 | 우리 33,900 → 네이버 추천(49,800)
✓ [coupang] 더독 강아지 갈비껌 간식 립츄, 오리, 250g, 1개 | 우리 12,650 → 네이버 비슷(12,900)
✓ [coupang] 맛있는 찰옥수수 냉동 옥수수, 10개, 옥수수중 | 우리 13,110 → 네이버 비추(10,110)
✓ [coupang] 세브란스에이투 전용목장 단백우유, 125ml, 12개 | 우리 10,900 → 네이버 추천(19,450)
✓ [coupang] 한끼통살 리얼 마녀스프 토마토&비프 (냉동), 300g, 5개 | 우리 19,800 → 네이버 추천(28,200)
✓ [coupang] 꿀맛나는세상 한돈 고추장 제육볶음, 500g, 1개 | 우리 7,450 → 네이버 비추(4,890)
✓ [coupang] 피그인더가든 골든텐더치킨 보울샐러드, 2개, 232g | 우리 13,000 → 네이버 추천(15,880)
✓ [coupang] 옥소 굿그립 야채 탈수기 4.0, 투명, 1개 | 우리 39,900 → 네이버 비추(25,850)
✓ [11st] 호정가 찹쌀약과세트 1KG | 우리 8,900 → 네이버 추천(13,900)
✓ [11st] 보로탈코 바디크림 벨벳팅 보습크림 150ml x 2개 세트 | 우리 14,640 → 네이버 추천(15,230)

판정 16/114 (14%) · DB기록 114건
✓ [gmarket] (타임딜초특가) 마렐라XL 3.5L 화이트+기본필터 1입 | 우리 19,800 → 네이버 추천(31,904)
✓ [gmarket] 동아제약 이체크 갱년기 테스트기 2개입 | 우리 9,900 → 네이버 추천(11,920)
✓ [gmarket] 단하루 특가) 슈어메디 리포좀 글루타치온 시그니처 9S 28매 2박스 | 우리 9,910 → 네이버 추천(15,080)
✓ [gmarket] (7/22단하루_앵콜쇼츠딜1.5만) 오스템 뷰센 더블와이드 칫솔 8P | 우리 15,300 → 네이버 추천(17,250)
✓ [gmarket] 베베숲 프라임 아기물티슈 70매 캡 20팩 프리미엄 아기 물티슈/고평 | 우리 24,910 → 네이버 추천(27,450)
✓ [gmarket] 농가살리기 푸짐한 맛 배터지는 고기듬뿍 감자탕 5kg(8~10인분) | 우리 18,530 → 네이버 비추(17,760)
✓ [gmarket] 데체코 엑스트라버진 올리브 오일 1L 2병 + 증정 데체코 다이스 토 | 우리 33,900 → 네이버 추천(49,800)
✓ [11st] 호정가 찹쌀약과세트 1KG | 우리 8,900 → 네이버 추천(13,900)
✓ [11st] 보로탈코 바디크림 벨벳팅 보습크림 150ml x 2개 세트 | 우리 14,640 → 네이버 추천(15,230)
✓ [11st] 서울우유 멸균우유 200mlx48개 | 우리 24,000 → 네이버 비슷(23,840)
✓ [11st] 비타그램 메쉬킷 네블라이저 가정용 의료기기 VG-MN2506W | 우리 49,000 → 네이버 추천(59,000)
✓ [coupang] 더독 강아지 갈비껌 간식 립츄, 오리, 250g, 1개 | 우리 12,650 → 네이버 비슷(12,900)
✓ [coupang] 맛있는 찰옥수수 냉동 옥수수, 10개, 옥수수중 | 우리 13,110 → 네이버 비추(10,110)
✓ [coupang] 세브란스에이투 전용목장 단백우유, 125ml, 12개 | 우리 10,900 → 네이버 추천(19,450)
✓ [coupang] 한끼통살 리얼 마녀스프 토마토&비프 (냉동), 300g, 5개 | 우리 19,800 → 네이버 추천(28,200)
✓ [coupang] 꿀맛나는세상 한돈 고추장 제육볶음, 500g, 1개 | 우리 7,450 → 네이버 비추(4,890)
✓ [coupang] 피그인더가든 골든텐더치킨 보울샐러드, 2개, 232g | 우리 13,000 → 네이버 추천(15,880)
✓ [coupang] 옥소 굿그립 야채 탈수기 4.0, 투명, 1개 | 우리 39,900 → 네이버 비추(25,850)

판정 18/114 (16%) · DB기록 114건
✓ [gmarket] (타임딜초특가) 마렐라XL 3.5L 화이트+기본필터 1입 | 우리 19,800 → 네이버 추천(31,904)
✓ [gmarket] 동아제약 이체크 갱년기 테스트기 2개입 | 우리 9,900 → 네이버 추천(11,920)
✓ [gmarket] 단하루 특가) 슈어메디 리포좀 글루타치온 시그니처 9S 28매 2박스 | 우리 9,910 → 네이버 추천(15,080)
✓ [gmarket] (7/22단하루_앵콜쇼츠딜1.5만) 오스템 뷰센 더블와이드 칫솔 8P | 우리 15,300 → 네이버 추천(17,250)
✓ [gmarket] 베베숲 프라임 아기물티슈 70매 캡 20팩 프리미엄 아기 물티슈/고평 | 우리 24,910 → 네이버 추천(27,450)
✓ [gmarket] 농가살리기 푸짐한 맛 배터지는 고기듬뿍 감자탕 5kg(8~10인분) | 우리 18,530 → 네이버 비추(17,760)
✓ [gmarket] 데체코 엑스트라버진 올리브 오일 1L 2병 + 증정 데체코 다이스 토 | 우리 33,900 → 네이버 추천(49,800)
✓ [11st] 호정가 찹쌀약과세트 1KG | 우리 8,900 → 네이버 추천(11,300)
✓ [11st] 보로탈코 바디크림 벨벳팅 보습크림 150ml x 2개 세트 | 우리 14,640 → 네이버 추천(15,230)
✓ [11st] 서울우유 멸균우유 200mlx48개 | 우리 24,000 → 네이버 비슷(23,840)
✓ [11st] 서울우유 멸균우유 1000mlx10개 | 우리 18,900 → 네이버 비슷(18,810)
✓ [coupang] 더독 강아지 갈비껌 간식 립츄, 오리, 250g, 1개 | 우리 12,650 → 네이버 비슷(12,900)
✓ [coupang] 맛있는 찰옥수수 냉동 옥수수, 10개, 옥수수중 | 우리 13,110 → 네이버 비추(10,110)
✓ [coupang] 세브란스에이투 전용목장 단백우유, 125ml, 12개 | 우리 10,900 → 네이버 추천(19,450)
✓ [coupang] 한끼통살 리얼 마녀스프 토마토&비프 (냉동), 300g, 5개 | 우리 19,800 → 네이버 추천(28,200)
✓ [coupang] 꿀맛나는세상 한돈 고추장 제육볶음, 500g, 1개 | 우리 7,450 → 네이버 비추(4,890)
✓ [coupang] 피그인더가든 골든텐더치킨 보울샐러드, 2개, 232g | 우리 13,000 → 네이버 추천(17,380)
✓ [coupang] 옥소 굿그립 야채 탈수기 4.0, 투명, 1개 | 우리 39,900 → 네이버 비추(25,850)

판정 18/114 (16%) · DB기록 114건
✓ [gmarket] (타임딜초특가) 마렐라XL 3.5L 화이트+기본필터 1입 | 우리 19,800 → 네이버 추천(31,904)
✓ [gmarket] 동아제약 이체크 갱년기 테스트기 2개입 | 우리 9,900 → 네이버 추천(12,690)
✓ [gmarket] 단하루 특가) 슈어메디 리포좀 글루타치온 시그니처 9S 28매 2박스 | 우리 9,910 → 네이버 추천(15,080)
✓ [gmarket] (7/22단하루_앵콜쇼츠딜1.5만) 오스템 뷰센 더블와이드 칫솔 8P | 우리 15,300 → 네이버 추천(17,250)
✓ [gmarket] 베베숲 프라임 아기물티슈 70매 캡 20팩 프리미엄 아기 물티슈/고평 | 우리 24,910 → 네이버 추천(27,740)
✓ [gmarket] 농가살리기 푸짐한 맛 배터지는 고기듬뿍 감자탕 5kg(8~10인분) | 우리 18,530 → 네이버 비추(17,250)
✓ [gmarket] 데체코 엑스트라버진 올리브 오일 1L 2병 + 증정 데체코 다이스 토 | 우리 33,900 → 네이버 추천(49,800)
✓ [11st] 호정가 찹쌀약과세트 1KG | 우리 8,900 → 네이버 추천(11,300)
✓ [11st] 보로탈코 바디크림 벨벳팅 보습크림 150ml x 2개 세트 | 우리 14,640 → 네이버 추천(15,230)
✓ [11st] 서울우유 멸균우유 1000mlx10개 | 우리 18,900 → 네이버 비슷(18,810)
✓ [11st] 서울우유 멸균우유 200mlx48개 | 우리 24,000 → 네이버 비슷(23,840)
✓ [coupang] 더독 강아지 갈비껌 간식 립츄, 오리, 250g, 1개 | 우리 12,650 → 네이버 비슷(12,900)
✓ [coupang] 맛있는 찰옥수수 냉동 옥수수, 10개, 옥수수중 | 우리 13,110 → 네이버 비추(10,110)
✓ [coupang] 세브란스에이투 전용목장 단백우유, 125ml, 12개 | 우리 10,900 → 네이버 추천(19,450)
✓ [coupang] 한끼통살 리얼 마녀스프 토마토&비프 (냉동), 300g, 5개 | 우리 19,800 → 네이버 추천(28,200)
✓ [coupang] 꿀맛나는세상 한돈 고추장 제육볶음, 500g, 1개 | 우리 7,450 → 네이버 비추(4,890)
✓ [coupang] 피그인더가든 골든텐더치킨 보울샐러드, 2개, 232g | 우리 13,000 → 네이버 추천(17,380)
✓ [coupang] 옥소 굿그립 야채 탈수기 4.0, 투명, 1개 | 우리 39,900 → 네이버 비추(24,750)

판정 18/114 (16%) · DB기록 114건
✓ [gmarket] (타임딜초특가) 마렐라XL 3.5L 화이트+기본필터 1입 | 우리 19,800 → 네이버 추천(31,904)
✓ [gmarket] 동아제약 이체크 갱년기 테스트기 2개입 | 우리 9,900 → 네이버 추천(12,690)
✓ [gmarket] 단하루 특가) 슈어메디 리포좀 글루타치온 시그니처 9S 28매 2박스 | 우리 9,910 → 네이버 추천(15,080)
✓ [gmarket] (7/22단하루_앵콜쇼츠딜1.5만) 오스템 뷰센 더블와이드 칫솔 8P | 우리 15,300 → 네이버 추천(17,250)
✓ [gmarket] 베베숲 프라임 아기물티슈 70매 캡 20팩 프리미엄 아기 물티슈/고평 | 우리 24,910 → 네이버 추천(27,740)
✓ [gmarket] 농가살리기 푸짐한 맛 배터지는 고기듬뿍 감자탕 5kg(8~10인분) | 우리 18,530 → 네이버 비추(17,250)
✓ [gmarket] 데체코 엑스트라버진 올리브 오일 1L 2병 + 증정 데체코 다이스 토 | 우리 33,900 → 네이버 추천(49,800)
✓ [11st] 호정가 찹쌀약과세트 1KG | 우리 8,900 → 네이버 추천(11,300)
✓ [11st] 보로탈코 바디크림 벨벳팅 보습크림 150ml x 2개 세트 | 우리 14,640 → 네이버 추천(15,230)
✓ [11st] 서울우유 멸균우유 1000mlx10개 | 우리 18,900 → 네이버 비슷(18,810)
✓ [11st] 서울우유 멸균우유 200mlx48개 | 우리 24,000 → 네이버 비슷(23,840)
✓ [coupang] 롯데웰푸드 티코 밀크초코 아이스크림 (냉동), 34ml, 15개입,  | 우리 7,060 → 네이버 추천(9,920)
✓ [coupang] 비피아이스포츠 아이소 HD 퓨어 아이솔레이트 프로틴 쿠키 앤 크림,  | 우리 80,890 → 네이버 추천(92,590)
✓ [coupang] 코코도르 시그니처 디퓨저, 블랙체리, 200ml, 2개 | 우리 13,800 → 네이버 비슷(13,800)
✓ [coupang] 폰타나 엑스트라 버진 올리브유 마라스카, 500ml, 1개 | 우리 12,400 → 네이버 추천(13,500)
✓ [coupang] 쿤달 퍼퓸 차량용 방향제 75ml 본품 2p + 우드볼 스틱 2p 세 | 우리 12,500 → 네이버 추천(22,000)
✓ [coupang] 토레타 이온음료, 500ml, 24개 | 우리 18,020 → 네이버 비추(12,050)
✓ [coupang] 고고새우 바지락살 (냉동), 500g, 2개 | 우리 8,990 → 네이버 추천(12,400)

판정 18/114 (16%) · DB기록 114건
✓ [gmarket] (타임딜초특가) 마렐라XL 3.5L 화이트+기본필터 1입 | 우리 19,800 → 네이버 추천(31,904)
✓ [gmarket] 동아제약 이체크 갱년기 테스트기 2개입 | 우리 9,900 → 네이버 추천(12,690)
✓ [gmarket] 단하루 특가) 슈어메디 리포좀 글루타치온 시그니처 9S 28매 2박스 | 우리 9,910 → 네이버 추천(15,080)
✓ [gmarket] (7/22단하루_앵콜쇼츠딜1.5만) 오스템 뷰센 더블와이드 칫솔 8P | 우리 15,300 → 네이버 추천(17,250)
✓ [gmarket] 베베숲 프라임 아기물티슈 70매 캡 20팩 프리미엄 아기 물티슈/고평 | 우리 24,910 → 네이버 추천(28,300)
✓ [gmarket] 농가살리기 푸짐한 맛 배터지는 고기듬뿍 감자탕 5kg(8~10인분) | 우리 18,530 → 네이버 비슷(18,350)
✓ [gmarket] 데체코 엑스트라버진 올리브 오일 1L 2병 + 증정 데체코 다이스 토 | 우리 33,900 → 네이버 추천(49,800)
✓ [11st] 호정가 찹쌀약과세트 1KG | 우리 8,900 → 네이버 추천(11,300)
✓ [11st] 보로탈코 바디크림 벨벳팅 보습크림 150ml x 2개 세트 | 우리 14,640 → 네이버 추천(15,230)
✓ [11st] 서울우유 멸균우유 1000mlx10개 | 우리 18,900 → 네이버 비슷(18,800)
✓ [11st] 서울우유 멸균우유 200mlx48개 | 우리 24,000 → 네이버 비슷(24,000)
✓ [coupang] 롯데웰푸드 티코 밀크초코 아이스크림 (냉동), 34ml, 15개입,  | 우리 7,060 → 네이버 추천(9,920)
✓ [coupang] 비피아이스포츠 아이소 HD 퓨어 아이솔레이트 프로틴 쿠키 앤 크림,  | 우리 92,580 → 네이버 비슷(92,580)
✓ [coupang] 코코도르 시그니처 디퓨저, 블랙체리, 200ml, 2개 | 우리 13,800 → 네이버 비슷(13,800)
✓ [coupang] 폰타나 엑스트라 버진 올리브유 마라스카, 500ml, 1개 | 우리 12,400 → 네이버 추천(13,500)
✓ [coupang] 토레타 이온음료, 500ml, 24개 | 우리 18,020 → 네이버 비추(12,050)
✓ [coupang] 고고새우 바지락살 (냉동), 500g, 2개 | 우리 8,990 → 네이버 추천(12,400)

판정 17/114 (15%) · DB기록 114건
✓ [gmarket] (타임딜초특가) 마렐라XL 3.5L 화이트+기본필터 1입 | 우리 19,800 → 네이버 추천(34,900)
✓ [gmarket] 동아제약 이체크 갱년기 테스트기 2개입 | 우리 9,900 → 네이버 추천(12,690)
✓ [gmarket] 단하루 특가) 슈어메디 리포좀 글루타치온 시그니처 9S 28매 2박스 | 우리 9,910 → 네이버 추천(15,080)
✓ [gmarket] (7/22단하루_앵콜쇼츠딜1.5만) 오스템 뷰센 더블와이드 칫솔 8P | 우리 15,300 → 네이버 추천(17,250)
✓ [gmarket] 베베숲 프라임 아기물티슈 70매 캡 20팩 프리미엄 아기 물티슈/고평 | 우리 24,910 → 네이버 추천(28,300)
✓ [gmarket] 농가살리기 푸짐한 맛 배터지는 고기듬뿍 감자탕 5kg(8~10인분) | 우리 18,530 → 네이버 비슷(18,350)
✓ [gmarket] 데체코 엑스트라버진 올리브 오일 1L 2병 + 증정 데체코 다이스 토 | 우리 33,900 → 네이버 추천(49,800)
✓ [11st] 풀무원 홈 요거트 프로세서 RS1ES0W | 우리 49,900 → 네이버 비추(48,180)
✓ [11st] 진짜 갈비살로 만든 인생 떡갈비 400g 3봉 | 우리 15,900 → 네이버 비슷(15,900)
✓ [11st] 보로탈코 바디크림 벨벳팅 보습크림 150ml x 2개 세트 | 우리 14,640 → 네이버 추천(15,000)
✓ [11st] 서울우유 멸균우유 1000mlx10개 | 우리 18,900 → 네이버 비슷(18,800)
✓ [coupang] 롯데웰푸드 티코 밀크초코 아이스크림 (냉동), 34ml, 15개입,  | 우리 7,060 → 네이버 추천(9,920)
✓ [coupang] 비피아이스포츠 아이소 HD 퓨어 아이솔레이트 프로틴 쿠키 앤 크림,  | 우리 92,580 → 네이버 비추(80,890)
✓ [coupang] 코코도르 시그니처 디퓨저, 블랙체리, 200ml, 2개 | 우리 13,800 → 네이버 비슷(13,800)
✓ [coupang] 폰타나 엑스트라 버진 올리브유 마라스카, 500ml, 1개 | 우리 12,400 → 네이버 추천(13,500)
✓ [coupang] 토레타 이온음료, 500ml, 24개 | 우리 18,020 → 네이버 비추(12,050)
✓ [coupang] 고고새우 바지락살 (냉동), 500g, 2개 | 우리 8,990 → 네이버 추천(12,400)

판정 17/116 (15%) · DB기록 116건
✓ [gmarket] 오리온 비쵸비 초코 5P 125g 3박스 + 딸기 5P 125g 3박 | 우리 13,900 → 네이버 추천(14,320)
✓ [gmarket] 아이깨끗해X포차코 핸드워시 순향 리필 1.8L 2개 | 우리 17,900 → 네이버 추천(19,910)
✓ [gmarket] 습기제로 제습제 총 24입 (8입3개) | 우리 16,900 → 네이버 추천(18,900)
✓ [gmarket] 전국무료설치+가스막음 린나이 인덕션 전기레인지 IHST3320M 4C | 우리 402,550 → 네이버 비슷(402,550)
✓ [gmarket] 이지끼니 국민치킨텐더 1kg + 1kg 지마켓 공동기획 한정판 / 진 | 우리 16,960 → 네이버 비슷(16,960)
✓ [gmarket] 요거프레소 컵커피 라떼 모카 200ml x 20개입 (10컵+10컵) | 우리 17,910 → 네이버 추천(28,370)
✓ [gmarket] 더미식 밥알이 살아있는 백미밥 200g 24개 | 우리 22,500 → 네이버 추천(23,000)
✓ [11st] 진짜 갈비살로 만든 인생 떡갈비 400g 3봉 | 우리 15,900 → 네이버 비슷(15,900)
✓ [11st] 풀무원 홈 요거트 프로세서 RS1ES0W | 우리 49,900 → 네이버 비추(48,180)
✓ [11st] 보로탈코 바디크림 벨벳팅 보습크림 150ml x 2개 세트 | 우리 14,640 → 네이버 추천(15,000)
✓ [11st] 서울우유 멸균우유 1000mlx10개 | 우리 18,900 → 네이버 비슷(18,800)
✓ [coupang] 롯데웰푸드 티코 밀크초코 아이스크림 (냉동), 34ml, 15개입,  | 우리 7,060 → 네이버 추천(9,920)
✓ [coupang] 비피아이스포츠 아이소 HD 퓨어 아이솔레이트 프로틴 쿠키 앤 크림,  | 우리 92,580 → 네이버 비슷(92,580)
✓ [coupang] 코코도르 시그니처 디퓨저, 블랙체리, 200ml, 2개 | 우리 13,800 → 네이버 비슷(13,800)
✓ [coupang] 폰타나 엑스트라 버진 올리브유 마라스카, 500ml, 1개 | 우리 12,400 → 네이버 추천(13,500)
✓ [coupang] 토레타 이온음료, 500ml, 24개 | 우리 18,020 → 네이버 비추(12,050)
✓ [coupang] 고고새우 바지락살 (냉동), 500g, 2개 | 우리 8,990 → 네이버 추천(12,400)

판정 17/116 (15%) · DB기록 116건
✓ [gmarket] 오리온 비쵸비 초코 5P 125g 3박스 + 딸기 5P 125g 3박 | 우리 13,900 → 네이버 비슷(13,900)
✓ [gmarket] 아이깨끗해X포차코 핸드워시 순향 리필 1.8L 2개 | 우리 17,900 → 네이버 비슷(17,900)
✓ [gmarket] 습기제로 제습제 총 24입 (8입3개) | 우리 16,900 → 네이버 추천(18,900)
✓ [gmarket] 이지끼니 국민치킨텐더 1kg + 1kg 지마켓 공동기획 한정판 / 진 | 우리 16,960 → 네이버 비슷(16,960)
✓ [gmarket] 전국무료설치+가스막음 린나이 인덕션 전기레인지 IHST3320M 4C | 우리 402,550 → 네이버 비슷(402,550)
✓ [gmarket] 요거프레소 컵커피 라떼 모카 200ml x 20개입 (10컵+10컵) | 우리 17,910 → 네이버 추천(28,370)
✓ [gmarket] 더미식 밥알이 살아있는 백미밥 200g 24개 | 우리 22,500 → 네이버 추천(23,000)
✓ [11st] 삼립 한입 밤만쥬 23g 40입 | 우리 8,900 → 네이버 추천(11,890)
✓ [11st] 파워에이드 무라벨 355ml X 20개 | 우리 15,900 → 네이버 비슷(15,770)
✓ [11st] 보로탈코 바디크림 벨벳팅 보습크림 150ml x 2개 세트 | 우리 14,640 → 네이버 추천(15,000)
✓ [11st] 공식대리점/건전지포함 오므론 HEM-7156 가정용 자동 전자 혈압측 | 우리 94,900 → 네이버 비추(69,000)
✓ [11st] 서울우유 멸균우유 1000mlx10개 | 우리 18,900 → 네이버 비슷(18,790)
✓ [coupang] 롯데웰푸드 티코 밀크초코 아이스크림 (냉동), 34ml, 15개입,  | 우리 7,060 → 네이버 추천(9,920)
✓ [coupang] 비피아이스포츠 아이소 HD 퓨어 아이솔레이트 프로틴 쿠키 앤 크림,  | 우리 92,580 → 네이버 비슷(92,580)
✓ [coupang] 코코도르 시그니처 디퓨저, 블랙체리, 200ml, 2개 | 우리 13,800 → 네이버 비슷(13,800)
✓ [coupang] 폰타나 엑스트라 버진 올리브유 마라스카, 500ml, 1개 | 우리 12,400 → 네이버 추천(13,500)
✓ [coupang] 토레타 이온음료, 500ml, 24개 | 우리 18,020 → 네이버 비추(12,050)
✓ [coupang] 고고새우 바지락살 (냉동), 500g, 2개 | 우리 8,990 → 네이버 추천(12,400)

판정 18/113 (16%) · DB기록 113건
✓ [gmarket] 오리온 비쵸비 초코 5P 125g 3박스 + 딸기 5P 125g 3박 | 우리 13,900 → 네이버 비슷(13,900)
✓ [gmarket] 아이깨끗해X포차코 핸드워시 순향 리필 1.8L 2개 | 우리 17,900 → 네이버 비슷(17,900)
✓ [gmarket] 습기제로 제습제 총 24입 (8입3개) | 우리 16,900 → 네이버 추천(18,900)
✓ [gmarket] 이지끼니 국민치킨텐더 1kg + 1kg 지마켓 공동기획 한정판 / 진 | 우리 16,960 → 네이버 비슷(16,960)
✓ [gmarket] 전국무료설치+가스막음 린나이 인덕션 전기레인지 IHST3320M 4C | 우리 402,550 → 네이버 비슷(402,550)
✓ [gmarket] 요거프레소 컵커피 라떼 모카 200ml x 20개입 (10컵+10컵) | 우리 17,910 → 네이버 추천(28,370)
✓ [gmarket] 더미식 밥알이 살아있는 백미밥 200g 24개 | 우리 22,500 → 네이버 추천(23,000)
✓ [11st] 파워에이드 무라벨 355ml X 20개 | 우리 15,900 → 네이버 비슷(15,770)
✓ [11st] 삼립 한입 밤만쥬 23g 40입 | 우리 8,900 → 네이버 추천(11,890)
✓ [11st] 공식대리점/건전지포함 오므론 HEM-7156 가정용 자동 전자 혈압측 | 우리 94,900 → 네이버 비추(69,000)
✓ [11st] 보로탈코 바디크림 벨벳팅 보습크림 150ml x 2개 세트 | 우리 14,640 → 네이버 추천(15,000)
✓ [11st] CJ 백설 멸치디포리 ,80g(4g 20입) + 바지락멸치, 80g( | 우리 18,900 → 네이버 비추(12,320)
✓ [11st] 서울우유 멸균우유 1000mlx10개 | 우리 18,900 → 네이버 비슷(18,790)
✓ [11st] [코카콜라] 파워에이드 제로 무라벨 355ml, 20개 | 우리 15,900 → 네이버 추천(17,050)
✓ [11st] 쿠쿠 인스퓨어 초절전 듀얼인버터 에너지효율 1등급 창문형 에어컨 CA | 우리 439,000 → 네이버 추천(482,170)
✓ [coupang] 롯데웰푸드 티코 밀크초코 아이스크림 (냉동), 34ml, 15개입,  | 우리 7,060 → 네이버 추천(9,920)
✓ [coupang] 비피아이스포츠 아이소 HD 퓨어 아이솔레이트 프로틴 쿠키 앤 크림,  | 우리 92,580 → 네이버 비슷(92,580)
✓ [coupang] 코코도르 시그니처 디퓨저, 블랙체리, 200ml, 2개 | 우리 13,800 → 네이버 비슷(13,800)
✓ [coupang] 폰타나 엑스트라 버진 올리브유 마라스카, 500ml, 1개 | 우리 12,400 → 네이버 추천(13,500)
✓ [coupang] 토레타 이온음료, 500ml, 24개 | 우리 18,670 → 네이버 비추(12,050)
✓ [coupang] 고고새우 바지락살 (냉동), 500g, 2개 | 우리 8,990 → 네이버 추천(12,400)

판정 21/113 (19%) · DB기록 113건
✓ [gmarket] 오리온 비쵸비 초코 5P 125g 3박스 + 딸기 5P 125g 3박 | 우리 13,900 → 네이버 추천(14,890)
✓ [gmarket] 아이깨끗해X포차코 핸드워시 순향 리필 1.8L 2개 | 우리 17,900 → 네이버 추천(19,910)
✓ [gmarket] 습기제로 제습제 총 24입 (8입3개) | 우리 16,900 → 네이버 추천(18,900)
✓ [gmarket] 이지끼니 국민치킨텐더 1kg + 1kg 지마켓 공동기획 한정판 / 진 | 우리 16,960 → 네이버 비슷(16,960)
✓ [gmarket] 전국무료설치+가스막음 린나이 인덕션 전기레인지 IHST3320M 4C | 우리 402,550 → 네이버 비슷(402,550)
✓ [gmarket] 베베숲 프라임 아기물티슈 70매 캡 20팩 프리미엄 아기 물티슈/고평 | 우리 23,990 → 네이버 추천(28,300)
✓ [gmarket] 요거프레소 컵커피 라떼 모카 200ml x 20개입 (10컵+10컵) | 우리 17,910 → 네이버 추천(28,370)
✓ [gmarket] 더미식 밥알이 살아있는 백미밥 200g 24개 | 우리 22,500 → 네이버 추천(23,000)
✓ [11st] 25년산 고성농협 오대쌀 10kg | 우리 39,290 → 네이버 비추(35,910)
✓ [11st] 보로탈코 바디크림 벨벳팅 보습크림 150ml x 2개 세트 | 우리 14,640 → 네이버 추천(15,000)
✓ [11st] 서울우유 멸균우유 1000mlx10개 | 우리 18,900 → 네이버 비슷(18,780)
✓ [11st] [코카콜라] 파워에이드 제로 무라벨 355ml, 20개 | 우리 17,900 → 네이버 비추(17,050)
✓ [coupang] 롯데웰푸드 티코 밀크초코 아이스크림 (냉동), 34ml, 15개입,  | 우리 7,060 → 네이버 추천(9,920)
✓ [coupang] 비피아이스포츠 아이소 HD 퓨어 아이솔레이트 프로틴 쿠키 앤 크림,  | 우리 92,580 → 네이버 비슷(92,580)
✓ [coupang] 코코도르 시그니처 디퓨저, 블랙체리, 200ml, 2개 | 우리 13,800 → 네이버 비슷(13,800)
✓ [coupang] 폰타나 엑스트라 버진 올리브유 마라스카, 500ml, 1개 | 우리 12,400 → 네이버 추천(13,500)
✓ [coupang] 토레타 이온음료, 500ml, 24개 | 우리 18,670 → 네이버 비추(12,050)
✓ [coupang] 고고새우 바지락살 (냉동), 500g, 2개 | 우리 8,990 → 네이버 추천(12,400)

판정 18/113 (16%) · DB기록 113건
✓ [gmarket] 오리온 비쵸비 초코 5P 125g 3박스 + 딸기 5P 125g 3박 | 우리 13,900 → 네이버 추천(14,890)
✓ [gmarket] 아이깨끗해X포차코 핸드워시 순향 리필 1.8L 2개 | 우리 17,900 → 네이버 추천(19,910)
✓ [gmarket] 습기제로 제습제 총 24입 (8입3개) | 우리 16,900 → 네이버 추천(18,900)
✓ [gmarket] 이지끼니 국민치킨텐더 1kg + 1kg 지마켓 공동기획 한정판 / 진 | 우리 16,960 → 네이버 비슷(16,960)
✓ [gmarket] 전국무료설치+가스막음 린나이 인덕션 전기레인지 IHST3320M 4C | 우리 402,550 → 네이버 비슷(402,550)
✓ [gmarket] 베베숲 프라임 아기물티슈 70매 캡 20팩 프리미엄 아기 물티슈/고평 | 우리 23,990 → 네이버 추천(28,300)
✓ [gmarket] 요거프레소 컵커피 라떼 모카 200ml x 20개입 (10컵+10컵) | 우리 17,910 → 네이버 추천(28,370)
✓ [gmarket] 더미식 밥알이 살아있는 백미밥 200g 24개 | 우리 22,500 → 네이버 추천(23,000)
✓ [11st] 25년산 고성농협 오대쌀 10kg | 우리 39,290 → 네이버 비추(35,910)
✓ [11st] 보로탈코 바디크림 벨벳팅 보습크림 150ml x 2개 세트 | 우리 14,640 → 네이버 추천(15,000)
✓ [11st] 서울우유 멸균우유 1000mlx10개 | 우리 18,900 → 네이버 비슷(18,780)
✓ [coupang] 롯데웰푸드 티코 밀크초코 아이스크림 (냉동), 34ml, 15개입,  | 우리 7,060 → 네이버 추천(9,920)
✓ [coupang] 비피아이스포츠 아이소 HD 퓨어 아이솔레이트 프로틴 쿠키 앤 크림,  | 우리 92,580 → 네이버 비슷(92,580)
✓ [coupang] 코코도르 시그니처 디퓨저, 블랙체리, 200ml, 2개 | 우리 13,800 → 네이버 비슷(13,800)
✓ [coupang] 폰타나 엑스트라 버진 올리브유 마라스카, 500ml, 1개 | 우리 12,400 → 네이버 추천(13,500)
✓ [coupang] 토레타 이온음료, 500ml, 24개 | 우리 18,670 → 네이버 비추(12,050)
✓ [coupang] 고고새우 바지락살 (냉동), 500g, 2개 | 우리 8,990 → 네이버 추천(12,400)

판정 17/113 (15%) · DB기록 113건
✓ [gmarket] 불스원 레인OK 빗물을 튕겨주는 발수와이퍼 2개입 SET (운전석+조 | 우리 8,900 → 네이버 추천(11,900)
✓ [gmarket] 아이깨끗해X포차코 핸드워시 대용량 리필 4.5L | 우리 24,900 → 네이버 비슷(24,900)
✓ [gmarket] 닥터올가 나이아신아마이드 N 트라넥삼산 7일 기미 잡티 앰플 50ml | 우리 17,910 → 네이버 추천(25,350)
✓ [gmarket] 씨알로 초코룹스 380g / 요거트에 들어가는 초코링을 저렴한가격으로 | 우리 8,880 → 네이버 비슷(8,880)
✓ [gmarket] 베베숲 프라임 아기물티슈 70매 캡 20팩 프리미엄 아기 물티슈/고평 | 우리 23,990 → 네이버 추천(28,300)
✓ [gmarket] 요거프레소 컵커피 라떼 모카 200ml x 20개입 (10컵+10컵) | 우리 17,910 → 네이버 추천(28,370)
✓ [gmarket] 더미식 밥알이 살아있는 백미밥 200g 24개 | 우리 22,500 → 네이버 추천(23,000)
✓ [11st] 아이소이 브라이트닝 아이 앤 미간패치 90매 | 우리 17,910 → 네이버 비추(12,670)
✓ [11st] 한번 밀면 시원함이 쫙 비비온 롤링 마사지스틱SR138 | 우리 20,900 → 네이버 추천(36,210)
✓ [11st] 핏테라 1초 뚝딱의자 2개 1세트 접이식 휴대용 일체형 등산 캠핑의자 | 우리 13,800 → 네이버 추천(26,910)
✓ [11st] (다르담)유아 아기 어린이 젤로스 한글 수학 공부 놀이 학습지 홈스쿨 | 우리 25,000 → 네이버 비슷(25,200)
✓ [11st] (다르담)유아 아기 어린이 젤로스 한글 수학 공부 놀이 학습지 홈스쿨 | 우리 25,000 → 네이버 비슷(25,200)
✓ [11st] (다르담)유아 아기 어린이 젤로스 한글 수학 공부 놀이 학습지 홈스쿨 | 우리 25,000 → 네이버 비슷(25,200)
✓ [11st] (다르담)유아 아기 어린이 젤로스 한글 수학 공부 놀이 학습지 홈스쿨 | 우리 25,000 → 네이버 비슷(25,200)
✓ [11st] 톡 쏘는 여수 갓물김치 1kg | 우리 5,900 → 네이버 비추(5,270)
✓ [coupang] 롯데웰푸드 티코 밀크초코 아이스크림 (냉동), 34ml, 15개입,  | 우리 7,060 → 네이버 추천(9,920)
✓ [coupang] 비피아이스포츠 아이소 HD 퓨어 아이솔레이트 프로틴 쿠키 앤 크림,  | 우리 92,580 → 네이버 비슷(92,580)
✓ [coupang] 폰타나 엑스트라 버진 올리브유 마라스카, 500ml, 1개 | 우리 12,400 → 네이버 추천(13,500)
✓ [coupang] 토레타 이온음료, 500ml, 24개 | 우리 18,670 → 네이버 비추(12,050)
✓ [coupang] 고고새우 바지락살 (냉동), 500g, 2개 | 우리 8,990 → 네이버 추천(12,400)

판정 20/110 (18%) · DB기록 110건
✓ [gmarket] 불스원 레인OK 빗물을 튕겨주는 발수와이퍼 2개입 SET (운전석+조 | 우리 8,900 → 네이버 추천(11,900)
✓ [gmarket] 아이깨끗해X포차코 핸드워시 대용량 리필 4.5L | 우리 24,900 → 네이버 비슷(24,900)
✓ [gmarket] 닥터올가 나이아신아마이드 N 트라넥삼산 7일 기미 잡티 앰플 50ml | 우리 17,910 → 네이버 추천(25,350)
✓ [gmarket] 씨알로 초코룹스 380g / 요거트에 들어가는 초코링을 저렴한가격으로 | 우리 8,880 → 네이버 비슷(8,880)
✓ [gmarket] 베베숲 프라임 아기물티슈 70매 캡 20팩 프리미엄 아기 물티슈/고평 | 우리 23,990 → 네이버 추천(28,300)
✓ [gmarket] 요거프레소 컵커피 라떼 모카 200ml x 20개입 (10컵+10컵) | 우리 17,910 → 네이버 추천(28,370)
✓ [gmarket] 더미식 밥알이 살아있는 백미밥 200g 24개 | 우리 22,500 → 네이버 추천(23,000)
✓ [11st] 아이소이 브라이트닝 아이 앤 미간패치 90매 | 우리 17,910 → 네이버 비추(12,670)
✓ [11st] 한번 밀면 시원함이 쫙 비비온 롤링 마사지스틱SR138 | 우리 20,900 → 네이버 추천(36,210)
✓ [11st] 7/29 타.임.딜. 뉴트원 콜린 미오 이노시톨 프리미엄 60포 | 우리 28,710 → 네이버 추천(37,980)
✓ [coupang] 롯데웰푸드 티코 밀크초코 아이스크림 (냉동), 34ml, 15개입,  | 우리 7,060 → 네이버 추천(9,920)
✓ [coupang] 비피아이스포츠 아이소 HD 퓨어 아이솔레이트 프로틴 쿠키 앤 크림,  | 우리 92,580 → 네이버 비슷(92,580)
✓ [coupang] 폰타나 엑스트라 버진 올리브유 마라스카, 500ml, 1개 | 우리 12,400 → 네이버 추천(13,500)
✓ [coupang] 토레타 이온음료, 500ml, 24개 | 우리 18,670 → 네이버 비추(12,050)
✓ [coupang] 고고새우 바지락살 (냉동), 500g, 2개 | 우리 8,990 → 네이버 추천(12,400)

판정 15/111 (14%) · DB기록 111건
✓ [gmarket] 불스원 레인OK 빗물을 튕겨주는 발수와이퍼 2개입 SET (운전석+조 | 우리 8,900 → 네이버 추천(11,900)
✓ [gmarket] 아이깨끗해X포차코 핸드워시 대용량 리필 4.5L | 우리 24,900 → 네이버 비슷(24,900)
✓ [gmarket] 닥터올가 나이아신아마이드 N 트라넥삼산 7일 기미 잡티 앰플 50ml | 우리 17,910 → 네이버 추천(25,350)
✓ [gmarket] 씨알로 초코룹스 380g / 요거트에 들어가는 초코링을 저렴한가격으로 | 우리 8,880 → 네이버 비슷(8,880)
✓ [gmarket] 베베숲 프라임 아기물티슈 70매 캡 20팩 프리미엄 아기 물티슈/고평 | 우리 23,990 → 네이버 추천(28,300)
✓ [gmarket] 요거프레소 컵커피 라떼 모카 200ml x 20개입 (10컵+10컵) | 우리 17,910 → 네이버 추천(28,370)
✓ [gmarket] 더미식 밥알이 살아있는 백미밥 200g 24개 | 우리 22,500 → 네이버 추천(23,000)
✓ [11st] 아이소이 브라이트닝 아이 앤 미간패치 90매 | 우리 17,910 → 네이버 비추(12,670)
✓ [11st] 한번 밀면 시원함이 쫙 비비온 롤링 마사지스틱SR138 | 우리 20,900 → 네이버 추천(36,210)
✓ [coupang] 롯데웰푸드 티코 밀크초코 아이스크림 (냉동), 34ml, 15개입,  | 우리 7,060 → 네이버 추천(9,920)
✓ [coupang] 비피아이스포츠 아이소 HD 퓨어 아이솔레이트 프로틴 쿠키 앤 크림,  | 우리 92,580 → 네이버 비슷(92,580)
✓ [coupang] 폰타나 엑스트라 버진 올리브유 마라스카, 500ml, 1개 | 우리 12,400 → 네이버 추천(13,500)
✓ [coupang] 토레타 이온음료, 500ml, 24개 | 우리 18,670 → 네이버 비추(12,050)
✓ [coupang] 고고새우 바지락살 (냉동), 500g, 2개 | 우리 8,990 → 네이버 추천(12,400)

판정 14/111 (13%) · DB기록 111건
✓ [gmarket] 불스원 레인OK 빗물을 튕겨주는 발수와이퍼 2개입 SET (운전석+조 | 우리 8,900 → 네이버 추천(11,900)
✓ [gmarket] 아이깨끗해X포차코 핸드워시 대용량 리필 4.5L | 우리 24,900 → 네이버 비슷(24,900)
✓ [gmarket] 닥터올가 나이아신아마이드 N 트라넥삼산 7일 기미 잡티 앰플 50ml | 우리 17,910 → 네이버 추천(25,350)
✓ [gmarket] 씨알로 초코룹스 380g / 요거트에 들어가는 초코링을 저렴한가격으로 | 우리 8,880 → 네이버 비슷(8,880)
✓ [gmarket] 베베숲 프라임 아기물티슈 70매 캡 20팩 프리미엄 아기 물티슈/고평 | 우리 23,990 → 네이버 추천(28,300)
✓ [gmarket] 요거프레소 컵커피 라떼 모카 200ml x 20개입 (10컵+10컵) | 우리 17,910 → 네이버 추천(28,370)
✓ [gmarket] 더미식 밥알이 살아있는 백미밥 200g 24개 | 우리 22,500 → 네이버 추천(23,000)
✓ [11st] 아이소이 브라이트닝 아이 앤 미간패치 90매 | 우리 17,910 → 네이버 비추(12,670)
✓ [11st] 한번 밀면 시원함이 쫙 비비온 롤링 마사지스틱SR138 | 우리 20,900 → 네이버 추천(36,210)
✓ [coupang] 롯데웰푸드 티코 밀크초코 아이스크림 (냉동), 34ml, 15개입,  | 우리 7,060 → 네이버 추천(9,920)
✓ [coupang] 비피아이스포츠 아이소 HD 퓨어 아이솔레이트 프로틴 쿠키 앤 크림,  | 우리 92,580 → 네이버 비슷(92,580)
✓ [coupang] 폰타나 엑스트라 버진 올리브유 마라스카, 500ml, 1개 | 우리 12,400 → 네이버 추천(13,500)
✓ [coupang] 토레타 이온음료, 500ml, 24개 | 우리 18,670 → 네이버 비추(12,050)
✓ [coupang] 고고새우 바지락살 (냉동), 500g, 2개 | 우리 8,990 → 네이버 추천(12,400)

판정 14/111 (13%) · DB기록 111건
✓ [gmarket] 불스원 레인OK 빗물을 튕겨주는 발수와이퍼 2개입 SET (운전석+조 | 우리 8,900 → 네이버 추천(11,900)
✓ [gmarket] 아이깨끗해X포차코 핸드워시 대용량 리필 4.5L | 우리 24,900 → 네이버 비슷(24,900)
✓ [gmarket] 닥터올가 나이아신아마이드 N 트라넥삼산 7일 기미 잡티 앰플 50ml | 우리 17,910 → 네이버 추천(25,350)
✓ [gmarket] 씨알로 초코룹스 380g / 요거트에 들어가는 초코링을 저렴한가격으로 | 우리 8,880 → 네이버 비슷(8,880)
✓ [gmarket] 베베숲 프라임 아기물티슈 70매 캡 20팩 프리미엄 아기 물티슈/고평 | 우리 23,990 → 네이버 추천(28,300)
✓ [gmarket] 요거프레소 컵커피 라떼 모카 200ml x 20개입 (10컵+10컵) | 우리 17,910 → 네이버 추천(28,370)
✓ [gmarket] 더미식 밥알이 살아있는 백미밥 200g 24개 | 우리 22,500 → 네이버 추천(23,000)
✓ [11st] 아이소이 브라이트닝 아이 앤 미간패치 90매 | 우리 17,910 → 네이버 비추(12,670)
✓ [11st] 한번 밀면 시원함이 쫙 비비온 롤링 마사지스틱SR138 | 우리 20,900 → 네이버 추천(36,210)
✓ [coupang] 돌 하이 애플 주스, 120ml, 24개 | 우리 14,750 → 네이버 비슷(14,500)
✓ [coupang] 조지아 블랙 무라벨 커피, 370ml, 20개 | 우리 19,730 → 네이버 비추(15,690)
✓ [coupang] 고래사어묵 생생한 야채 사각어묵, 300g, 2봉 | 우리 9,000 → 네이버 추천(11,950)
✓ [coupang] 친정엄마꾸러미 뚝딱! 볶음밥용 채소 (냉동), 500g, 1개 | 우리 5,980 → 네이버 추천(8,820)
✓ [coupang] 왕찹쌀떡 국산찹쌀 선물용, 30개, 60g | 우리 15,900 → 네이버 비추(10,930)

판정 14/111 (13%) · DB기록 111건
✓ [gmarket] 불스원 레인OK 빗물을 튕겨주는 발수와이퍼 2개입 SET (운전석+조 | 우리 8,900 → 네이버 추천(11,900)
✓ [gmarket] 아이깨끗해X포차코 핸드워시 대용량 리필 4.5L | 우리 24,900 → 네이버 비슷(24,900)
✓ [gmarket] 닥터올가 나이아신아마이드 N 트라넥삼산 7일 기미 잡티 앰플 50ml | 우리 17,910 → 네이버 추천(25,350)
✓ [gmarket] 씨알로 초코룹스 380g / 요거트에 들어가는 초코링을 저렴한가격으로 | 우리 8,880 → 네이버 비슷(8,880)
✓ [gmarket] 베베숲 프라임 아기물티슈 70매 캡 20팩 프리미엄 아기 물티슈/고평 | 우리 23,990 → 네이버 추천(28,300)
✓ [gmarket] 요거프레소 컵커피 라떼 모카 200ml x 20개입 (10컵+10컵) | 우리 17,910 → 네이버 추천(28,370)
✓ [gmarket] 더미식 밥알이 살아있는 백미밥 200g 24개 | 우리 22,500 → 네이버 추천(23,000)
✓ [11st] 아이소이 브라이트닝 아이 앤 미간패치 90매 | 우리 17,910 → 네이버 비추(12,670)
✓ [11st] 한번 밀면 시원함이 쫙 비비온 롤링 마사지스틱SR138 | 우리 20,900 → 네이버 추천(36,210)
✓ [coupang] 돌 하이 애플 주스, 120ml, 24개 | 우리 14,750 → 네이버 비슷(14,500)
✓ [coupang] 조지아 블랙 무라벨 커피, 370ml, 20개 | 우리 19,730 → 네이버 비추(15,690)
✓ [coupang] 고래사어묵 생생한 야채 사각어묵, 300g, 2봉 | 우리 9,000 → 네이버 추천(11,950)
✓ [coupang] 친정엄마꾸러미 뚝딱! 볶음밥용 채소 (냉동), 500g, 1개 | 우리 5,980 → 네이버 추천(8,820)
✓ [coupang] 왕찹쌀떡 국산찹쌀 선물용, 30개, 60g | 우리 15,900 → 네이버 비추(10,970)

판정 14/111 (13%) · DB기록 111건
✓ [gmarket] 불스원 레인OK 빗물을 튕겨주는 발수와이퍼 2개입 SET (운전석+조 | 우리 8,900 → 네이버 추천(11,900)
✓ [gmarket] 아이깨끗해X포차코 핸드워시 대용량 리필 4.5L | 우리 24,900 → 네이버 추천(28,400)
✓ [gmarket] 닥터올가 나이아신아마이드 N 트라넥삼산 7일 기미 잡티 앰플 50ml | 우리 17,910 → 네이버 추천(25,350)
✓ [gmarket] 씨알로 초코룹스 380g / 요거트에 들어가는 초코링을 저렴한가격으로 | 우리 8,880 → 네이버 비슷(8,880)
✓ [gmarket] 베베숲 프라임 아기물티슈 70매 캡 20팩 프리미엄 아기 물티슈/고평 | 우리 23,990 → 네이버 추천(28,300)
✓ [gmarket] 요거프레소 컵커피 라떼 모카 200ml x 20개입 (10컵+10컵) | 우리 17,910 → 네이버 추천(28,370)
✓ [gmarket] 더미식 밥알이 살아있는 백미밥 200g 24개 | 우리 22,500 → 네이버 추천(23,000)
✓ [11st] 리벤스 사선컷팅 돌돌이 테이프클리너 리필 9롤 | 우리 9,900 → 네이버 추천(10,490)
✓ [11st] 그레인랩 검은콩고칼슘 블랙9곡두유 190ml 40개입 | 우리 13,900 → 네이버 비슷(13,900)
✓ [11st] 에치와이 바이오리브 100억 유산균 1개월분 외 | 우리 9,920 → 네이버 비슷(9,900)
✓ [11st] A/S 3년+GPS 파인뷰 X4K 4K UHD 블랙박스 | 우리 179,200 → 네이버 추천(249,000)
✓ [11st] 그레인랩 검은콩고칼슘 블랙9곡두유 190ml, 40개입, 1개 | 우리 13,900 → 네이버 비슷(13,900)
✓ [11st] #맥반석오징어 #한마리 오징어 #주전부리 [더주] 결대로 찢어먹는 한 | 우리 5,930 → 네이버 추천(11,810)
✓ [11st] 압도적인 선명함 4K UHD (7/28 타임딜)(쿠폰20%) 파인뷰  | 우리 179,200 → 네이버 비슷(179,200)
✓ [coupang] 돌 하이 애플 주스, 120ml, 24개 | 우리 14,750 → 네이버 비슷(14,500)
✓ [coupang] 조지아 블랙 무라벨 커피, 370ml, 20개 | 우리 19,730 → 네이버 비추(15,690)
✓ [coupang] 고래사어묵 생생한 야채 사각어묵, 300g, 2봉 | 우리 9,000 → 네이버 추천(11,950)
✓ [coupang] 친정엄마꾸러미 뚝딱! 볶음밥용 채소 (냉동), 500g, 1개 | 우리 5,980 → 네이버 추천(8,820)
✓ [coupang] 왕찹쌀떡 국산찹쌀 선물용, 30개, 60g | 우리 15,900 → 네이버 비추(10,970)

판정 19/112 (17%) · DB기록 112건
✓ [gmarket] 불스원 레인OK 빗물을 튕겨주는 발수와이퍼 2개입 SET (운전석+조 | 우리 8,900 → 네이버 추천(11,900)
✓ [gmarket] 아이깨끗해X포차코 핸드워시 대용량 리필 4.5L | 우리 24,900 → 네이버 추천(28,400)
✓ [gmarket] 닥터올가 나이아신아마이드 N 트라넥삼산 7일 기미 잡티 앰플 50ml | 우리 17,910 → 네이버 추천(25,350)
✓ [gmarket] 씨알로 초코룹스 380g / 요거트에 들어가는 초코링을 저렴한가격으로 | 우리 8,880 → 네이버 비슷(8,880)
✓ [gmarket] 베베숲 프라임 아기물티슈 70매 캡 20팩 프리미엄 아기 물티슈/고평 | 우리 23,990 → 네이버 추천(28,300)
✓ [gmarket] 요거프레소 컵커피 라떼 모카 200ml x 20개입 (10컵+10컵) | 우리 17,910 → 네이버 추천(28,370)
✓ [gmarket] 더미식 밥알이 살아있는 백미밥 200g 24개 | 우리 22,500 → 네이버 추천(23,000)
✓ [11st] 리벤스 사선컷팅 돌돌이 테이프클리너 리필 9롤 | 우리 9,900 → 네이버 추천(10,490)
✓ [11st] 에치와이 바이오리브 100억 유산균 1개월분 외 | 우리 9,920 → 네이버 비슷(9,900)
✓ [11st] A/S 3년+GPS 파인뷰 X4K 4K UHD 블랙박스 | 우리 179,200 → 네이버 추천(249,000)
✓ [11st] 그레인랩 검은콩고칼슘 블랙9곡두유 190ml 40개입 | 우리 13,900 → 네이버 비슷(13,900)
✓ [11st] 그레인랩 검은콩고칼슘 블랙9곡두유 190ml, 40개입, 1개 | 우리 13,900 → 네이버 비슷(13,900)
✓ [11st] #맥반석오징어 #한마리 오징어 #주전부리 [더주] 결대로 찢어먹는 한 | 우리 5,930 → 네이버 추천(11,810)
✓ [11st] 그레인랩 든든한 21곡 미숫가루 두유 190ml, 40팩, 1개 | 우리 13,900 → 네이버 비슷(13,900)
✓ [11st] 롯데웰푸드 명가찰떡파이 오리지날 350g, 2개+명가 찰떡파이 우베맛 | 우리 19,900 → 네이버 비추(13,300)
✓ [coupang] 돌 하이 애플 주스, 120ml, 24개 | 우리 14,750 → 네이버 비슷(14,500)
✓ [coupang] 조지아 블랙 무라벨 커피, 370ml, 20개 | 우리 19,730 → 네이버 비추(15,690)
✓ [coupang] 고래사어묵 생생한 야채 사각어묵, 300g, 2봉 | 우리 9,000 → 네이버 추천(11,950)
✓ [coupang] 친정엄마꾸러미 뚝딱! 볶음밥용 채소 (냉동), 500g, 1개 | 우리 5,980 → 네이버 추천(8,820)
✓ [coupang] 왕찹쌀떡 국산찹쌀 선물용, 30개, 60g | 우리 15,900 → 네이버 비추(10,970)

판정 20/112 (18%) · DB기록 112건
✓ [gmarket] 마니커 케이준치킨텐더 1kg+1kg/가슴속살텐더스틱 1kg+1kg | 우리 17,480 → 네이버 비추(10,410)
✓ [gmarket] 금강만두 육개장 630g x5봉/ 부산명물 맛집 / 진한국물과 푸짐한 | 우리 17,950 → 네이버 비추(17,100)
✓ [gmarket] 다담농산 성주참외 3시간만 7kg(혼합과/실속가정용)/포장재포함/실중 | 우리 8,970 → 네이버 비추(8,680)
✓ [gmarket] (타임딜 역대급할인) 정형돈 도니도니 돈까스 통목살 통등심 통치즈 총 | 우리 13,770 → 네이버 비슷(13,770)
✓ [gmarket] 홍초 저당 기능성 레몬라임 1.5L + 레드애플 1.5L | 우리 13,900 → 네이버 비추(9,280)
✓ [gmarket] 3M 장갑 슈퍼그립200 컴포트그립 프로그립 코팅장갑 10개입 스타배 | 우리 16,620 → 네이버 비슷(16,620)
✓ [gmarket] 닥터올가 나이아신아마이드 N 트라넥삼산 7일 기미 잡티 앰플 50ml | 우리 17,910 → 네이버 추천(25,350)
✓ [gmarket] (선착순 20명 사은품 증정)씨알로 초코룹스 380g / 요거트에 들 | 우리 8,880 → 네이버 비슷(8,880)
✓ [gmarket] 베베숲 프라임 아기물티슈 70매 캡 20팩 프리미엄 아기 물티슈/고평 | 우리 23,990 → 네이버 추천(28,300)
✓ [gmarket] 요거프레소 컵커피 라떼 모카 200ml x 20개입 (10컵+10컵) | 우리 17,910 → 네이버 추천(28,370)
✓ [gmarket] 더미식 밥알이 살아있는 백미밥 200g 24개 | 우리 21,600 → 네이버 추천(23,000)
✓ [11st] [1+1]넥스트뷰 위시 플래너 아하바하 폼 클렌저 100ml | 우리 5,940 → 네이버 추천(11,490)
✓ [11st] 전라도 여수 돌산 고들빼기김치 1kg | 우리 11,500 → 네이버 비추(5,000)
✓ [11st] #맥반석오징어 #한마리 오징어 #주전부리 [더주] 결대로 찢어먹는 한 | 우리 5,930 → 네이버 추천(11,810)
✓ [11st] 깔끔한 클렌징 [본사정품] １+１ 넥스트뷰 아하바하 폼 클렌저 100 | 우리 5,940 → 네이버 추천(17,820)
✓ [coupang] 돌 하이 애플 주스, 120ml, 24개 | 우리 14,750 → 네이버 비슷(14,500)
✓ [coupang] 조지아 블랙 무라벨 커피, 370ml, 20개 | 우리 19,730 → 네이버 비추(15,690)
✓ [coupang] 고래사어묵 생생한 야채 사각어묵, 300g, 2봉 | 우리 9,000 → 네이버 추천(11,950)
✓ [coupang] 친정엄마꾸러미 뚝딱! 볶음밥용 채소 (냉동), 500g, 1개 | 우리 5,980 → 네이버 추천(8,820)
✓ [coupang] 왕찹쌀떡 국산찹쌀 선물용, 30개, 60g | 우리 15,900 → 네이버 비추(10,970)

판정 20/112 (18%) · DB기록 112건
✓ [gmarket] 아이깨끗해X포차코 핸드워시 순향 리필 1.8L 2개 | 우리 18,900 → 네이버 추천(21,670)
✓ [gmarket] 뉴케어 당플랜 호두맛 200ml x24팩 +당플랜 체험팩 200ml( | 우리 43,900 → 네이버 추천(45,100)
✓ [gmarket] (신선집중) 더싱싱 파손보상 유정란 60구 난각번호 1번 (HACCP | 우리 25,910 → 네이버 추천(26,960)
✓ [gmarket] (10%결제할인)아토베리어365 크림80ml 2개 +증정 | 우리 42,900 → 네이버 비추(24,900)
✓ [gmarket] (신선집중) 여수사나이 국내산 돌산갓김치 1.5kg 산지직송 당일생산 | 우리 8,670 → 네이버 비슷(8,670)
✓ [gmarket] 쿠쿠 6인용 IH 전기 압력밥솥 그레이스 화이트 CRP-DHPNL06 | 우리 228,660 → 네이버 비추(210,590)
✓ [gmarket] 닥터올가 나이아신아마이드 N 트라넥삼산 7일 기미 잡티 앰플 50ml | 우리 17,910 → 네이버 추천(25,350)
✓ [gmarket] (선착순 20명 사은품 증정)씨알로 초코룹스 380g / 요거트에 들 | 우리 8,880 → 네이버 비슷(8,880)
✓ [gmarket] 베베숲 프라임 아기물티슈 70매 캡 20팩 프리미엄 아기 물티슈/고평 | 우리 24,910 → 네이버 추천(28,300)
✓ [gmarket] 요거프레소 컵커피 라떼 모카 200ml x 20개입 (10컵+10컵) | 우리 17,910 → 네이버 추천(28,370)
✓ [gmarket] 더미식 밥알이 살아있는 백미밥 200g 24개 | 우리 21,600 → 네이버 추천(23,000)
✓ [11st] [1+1]넥스트뷰 위시 플래너 아하바하 폼 클렌저 100ml | 우리 5,940 → 네이버 추천(11,490)
✓ [11st] 전라도 여수 돌산 고들빼기김치 1kg | 우리 11,500 → 네이버 비추(5,000)
✓ [11st] 깔끔한 클렌징 [본사정품] １+１ 넥스트뷰 아하바하 폼 클렌저 100 | 우리 5,940 → 네이버 추천(17,820)
✓ [11st] #맥반석오징어 #한마리 오징어 #주전부리 [더주] 결대로 찢어먹는 한 | 우리 5,930 → 네이버 추천(11,810)
✓ [coupang] 돌 하이 애플 주스, 120ml, 24개 | 우리 14,750 → 네이버 비슷(14,500)
✓ [coupang] 조지아 블랙 무라벨 커피, 370ml, 20개 | 우리 19,730 → 네이버 비추(15,690)
✓ [coupang] 고래사어묵 생생한 야채 사각어묵, 300g, 2봉 | 우리 9,000 → 네이버 추천(11,950)
✓ [coupang] 친정엄마꾸러미 뚝딱! 볶음밥용 채소 (냉동), 500g, 1개 | 우리 5,980 → 네이버 추천(8,820)
✓ [coupang] 왕찹쌀떡 국산찹쌀 선물용, 30개, 60g | 우리 15,900 → 네이버 비추(10,960)
✓ [coupang] 정원담 프리미엄 자연 야생화 순수 벌꿀, 1개, 500g | 우리 10,770 → 네이버 비슷(10,710)

판정 21/112 (19%) · DB기록 112건
✓ [gmarket] 아이깨끗해X포차코 핸드워시 순향 리필 1.8L 2개 | 우리 18,900 → 네이버 비슷(18,900)
✓ [gmarket] 뉴케어 당플랜 호두맛 200ml x24팩 +당플랜 체험팩 200ml( | 우리 43,900 → 네이버 비슷(43,900)
✓ [gmarket] (신선집중) 더싱싱 파손보상 유정란 60구 난각번호 1번 (HACCP | 우리 25,910 → 네이버 비슷(25,910)
✓ [gmarket] (10%결제할인)아토베리어365 크림80ml 2개 +증정 | 우리 42,900 → 네이버 비추(24,900)
✓ [gmarket] (신선집중) 여수사나이 국내산 돌산갓김치 1.5kg 산지직송 당일생산 | 우리 8,670 → 네이버 비슷(8,670)
✓ [gmarket] 쿠쿠 6인용 IH 전기 압력밥솥 그레이스 화이트 CRP-DHPNL06 | 우리 228,660 → 네이버 비추(210,590)
✓ [gmarket] 닥터올가 나이아신아마이드 N 트라넥삼산 7일 기미 잡티 앰플 50ml | 우리 17,910 → 네이버 추천(25,350)
✓ [gmarket] (선착순 20명 사은품 증정)씨알로 초코룹스 380g / 요거트에 들 | 우리 8,880 → 네이버 비슷(8,880)
✓ [gmarket] 베베숲 프라임 아기물티슈 70매 캡 20팩 프리미엄 아기 물티슈/고평 | 우리 24,910 → 네이버 추천(28,300)
✓ [gmarket] 요거프레소 컵커피 라떼 모카 200ml x 20개입 (10컵+10컵) | 우리 17,910 → 네이버 추천(28,370)
✓ [gmarket] 더미식 밥알이 살아있는 백미밥 200g 24개 | 우리 21,600 → 네이버 추천(23,000)
✓ [11st] 제주 달큰한 미니 보우짱 정품 밤호박 5kg | 우리 11,680 → 네이버 비추(4,500)
✓ [11st] #맥반석오징어 #한마리 오징어 #주전부리 [더주] 결대로 찢어먹는 한 | 우리 5,930 → 네이버 추천(11,810)
✓ [11st] [본사직영] 설화수 순행클렌징폼 400ml | 우리 60,300 → 네이버 비추(24,270)
✓ [11st] [판다안주]화로닭발 통마늘 닭근위볶음 250g x 3팩 | 우리 16,830 → 네이버 비슷(16,830)
✓ [11st] #땅콩버터오징어 #한마리 오징어 #주전부리 [더주] 결대로 찢어먹는  | 우리 5,930 → 네이버 추천(11,810)
✓ [coupang] 돌 하이 애플 주스, 120ml, 24개 | 우리 14,750 → 네이버 비슷(14,500)
✓ [coupang] 조지아 블랙 무라벨 커피, 370ml, 20개 | 우리 19,730 → 네이버 비추(15,690)
✓ [coupang] 고래사어묵 생생한 야채 사각어묵, 300g, 2봉 | 우리 9,000 → 네이버 추천(11,950)
✓ [coupang] 친정엄마꾸러미 뚝딱! 볶음밥용 채소 (냉동), 500g, 1개 | 우리 5,980 → 네이버 추천(8,820)
✓ [coupang] 왕찹쌀떡 국산찹쌀 선물용, 30개, 60g | 우리 15,900 → 네이버 비추(10,960)
✓ [coupang] 정원담 프리미엄 자연 야생화 순수 벌꿀, 1개, 500g | 우리 10,770 → 네이버 비슷(10,710)

판정 22/112 (20%) · DB기록 112건
✓ [gmarket] 아이깨끗해X포차코 핸드워시 순향 리필 1.8L 2개 | 우리 18,900 → 네이버 비슷(18,900)
✓ [gmarket] 뉴케어 당플랜 호두맛 200ml x24팩 +당플랜 체험팩 200ml( | 우리 43,900 → 네이버 비슷(43,900)
✓ [gmarket] (신선집중) 더싱싱 파손보상 유정란 60구 난각번호 1번 (HACCP | 우리 25,910 → 네이버 비슷(25,910)
✓ [gmarket] (10%결제할인)아토베리어365 크림80ml 2개 +증정 | 우리 42,900 → 네이버 비추(24,900)
✓ [gmarket] (신선집중) 여수사나이 국내산 돌산갓김치 1.5kg 산지직송 당일생산 | 우리 8,670 → 네이버 비슷(8,670)
✓ [gmarket] 쿠쿠 6인용 IH 전기 압력밥솥 그레이스 화이트 CRP-DHPNL06 | 우리 228,660 → 네이버 비추(210,590)
✓ [gmarket] 닥터올가 나이아신아마이드 N 트라넥삼산 7일 기미 잡티 앰플 50ml | 우리 17,910 → 네이버 추천(25,350)
✓ [gmarket] (선착순 20명 사은품 증정)씨알로 초코룹스 380g / 요거트에 들 | 우리 8,880 → 네이버 비슷(8,880)
✓ [gmarket] 베베숲 프라임 아기물티슈 70매 캡 20팩 프리미엄 아기 물티슈/고평 | 우리 24,910 → 네이버 추천(28,300)
✓ [gmarket] 요거프레소 컵커피 라떼 모카 200ml x 20개입 (10컵+10컵) | 우리 17,910 → 네이버 추천(28,370)
✓ [gmarket] 더미식 밥알이 살아있는 백미밥 200g 24개 | 우리 21,600 → 네이버 추천(22,600)
✓ [11st] 제주 달큰한 미니 보우짱 정품 밤호박 5kg | 우리 11,680 → 네이버 비추(4,500)
✓ [11st] #맥반석오징어 #한마리 오징어 #주전부리 [더주] 결대로 찢어먹는 한 | 우리 5,930 → 네이버 추천(11,810)
✓ [11st] [팔도] 뽀로로 유기농 보리차 220ml, 24개 | 우리 15,900 → 네이버 비추(14,200)
✓ [11st] [판다안주]화로닭발 통마늘 닭근위볶음 250g x 3팩 | 우리 16,830 → 네이버 비슷(16,830)
✓ [11st] #땅콩버터오징어 #한마리 오징어 #주전부리 [더주] 결대로 찢어먹는  | 우리 5,930 → 네이버 추천(11,810)
✓ [11st] [본사직영] 설화수 순행클렌징폼 400ml | 우리 60,300 → 네이버 비추(24,270)
✓ [coupang] 돌 하이 애플 주스, 120ml, 24개 | 우리 14,750 → 네이버 비슷(14,500)
✓ [coupang] 조지아 블랙 무라벨 커피, 370ml, 20개 | 우리 19,680 → 네이버 비추(15,690)
✓ [coupang] 고래사어묵 생생한 야채 사각어묵, 300g, 2봉 | 우리 9,000 → 네이버 추천(11,950)
✓ [coupang] 친정엄마꾸러미 뚝딱! 볶음밥용 채소 (냉동), 500g, 1개 | 우리 5,980 → 네이버 추천(8,820)
✓ [coupang] 왕찹쌀떡 국산찹쌀 선물용, 30개, 60g | 우리 15,900 → 네이버 비추(10,960)
✓ [coupang] 정원담 프리미엄 자연 야생화 순수 벌꿀, 1개, 500g | 우리 10,770 → 네이버 비슷(10,710)

판정 23/112 (21%) · DB기록 112건
✓ [gmarket] (신선집중) 더싱싱 파손보상 유정란 60구 난각번호 1번 (HACCP | 우리 25,910 → 네이버 비슷(25,910)
✓ [gmarket] 아이깨끗해X포차코 핸드워시 순향 리필 1.8L 2개 | 우리 18,900 → 네이버 비슷(18,900)
✓ [gmarket] (신선집중) 여수사나이 국내산 돌산갓김치 1.5kg 산지직송 당일생산 | 우리 8,670 → 네이버 비슷(8,670)
✓ [gmarket] (10%결제할인)아토베리어365 크림80ml 2개 +증정 | 우리 42,900 → 네이버 비추(24,900)
✓ [gmarket] 쿠쿠 6인용 IH 전기 압력밥솥 그레이스 화이트 CRP-DHPNL06 | 우리 214,680 → 네이버 비슷(210,590)
✓ [gmarket] 더 보송한 습기제거제 525ml 24개 제습제 | 우리 14,960 → 네이버 비추(14,310)
✓ [gmarket] 쇼츠딜특가) 슈어메디 리포좀 글루타치온 시그니처 9S 28매 2박스  | 우리 8,910 → 네이버 추천(14,920)
✓ [gmarket] (신선집중) 본가명인 국내산 배추김치 포기김치 10kg 전재료 100 | 우리 29,970 → 네이버 비슷(29,920)
✓ [gmarket] 베베숲 프라임 아기물티슈 70매 캡 20팩 프리미엄 아기 물티슈/고평 | 우리 24,910 → 네이버 추천(28,300)
✓ [gmarket] 더미식 밥알이 살아있는 백미밥 200g 24개 | 우리 21,600 → 네이버 추천(22,600)
✓ [11st] 오브휴 오코텍스 냉감 쿨매트 Q-MAX 0.4 | 우리 16,900 → 네이버 비추(12,310)
✓ [11st] 뉴트원 루테인지아잔틴 아이플로라 30캡슐 외 | 우리 11,000 → 네이버 추천(16,330)
✓ [11st] 샤워메이트 산양유 비누 버베나 90g, 12개+산양유 비누 딸기우유  | 우리 17,200 → 네이버 비추(14,100)
✓ [11st] 샤워메이트 산양유 비누 화이트우유 90g, 12개+산양유 비누 버베나 | 우리 17,200 → 네이버 비추(16,500)
✓ [11st] 샤워메이트 산양유 마누카 바디워시 800ml, 1개+산양유 오리지널  | 우리 13,900 → 네이버 비슷(13,900)
✓ [11st] 샤워메이트 산양유 오리지널 바디워시 800ml, 1개+산양유 오리지널 | 우리 13,900 → 네이버 비슷(13,900)
✓ [coupang] 돌 하이 애플 주스, 120ml, 24개 | 우리 14,750 → 네이버 비슷(14,500)
✓ [coupang] 조지아 블랙 무라벨 커피, 370ml, 20개 | 우리 19,680 → 네이버 비추(15,690)
✓ [coupang] 고래사어묵 생생한 야채 사각어묵, 300g, 2봉 | 우리 9,000 → 네이버 추천(11,950)
✓ [coupang] 친정엄마꾸러미 뚝딱! 볶음밥용 채소 (냉동), 500g, 1개 | 우리 5,980 → 네이버 추천(8,820)
✓ [coupang] 왕찹쌀떡 국산찹쌀 선물용, 30개, 60g | 우리 15,900 → 네이버 비추(10,960)

판정 21/126 (17%) · DB기록 126건
✓ [gmarket] (신선집중) 더싱싱 파손보상 유정란 60구 난각번호 1번 (HACCP | 우리 25,910 → 네이버 비슷(25,910)
✓ [gmarket] 아이깨끗해X포차코 핸드워시 순향 리필 1.8L 2개 | 우리 18,900 → 네이버 비슷(18,900)
✓ [gmarket] (신선집중) 여수사나이 국내산 돌산갓김치 1.5kg 산지직송 당일생산 | 우리 8,670 → 네이버 비슷(8,670)
✓ [gmarket] (10%결제할인)아토베리어365 크림80ml 2개 +증정 | 우리 42,900 → 네이버 비추(24,900)
✓ [gmarket] 쿠쿠 6인용 IH 전기 압력밥솥 그레이스 화이트 CRP-DHPNL06 | 우리 214,680 → 네이버 비슷(210,590)
✓ [gmarket] 더 보송한 습기제거제 525ml 24개 제습제 | 우리 14,960 → 네이버 비추(14,310)
✓ [gmarket] 쇼츠딜특가) 슈어메디 리포좀 글루타치온 시그니처 9S 28매 2박스  | 우리 8,910 → 네이버 추천(14,920)
✓ [gmarket] (신선집중) 본가명인 국내산 배추김치 포기김치 10kg 전재료 100 | 우리 29,970 → 네이버 비슷(29,920)
✓ [gmarket] 베베숲 프라임 아기물티슈 70매 캡 20팩 프리미엄 아기 물티슈/고평 | 우리 24,910 → 네이버 추천(28,300)
✓ [gmarket] 더미식 밥알이 살아있는 백미밥 200g 24개 | 우리 21,600 → 네이버 추천(22,600)
✓ [11st] 뉴트원 루테인지아잔틴 아이플로라 30캡슐 외 | 우리 11,000 → 네이버 추천(16,330)
✓ [11st] 오브휴 오코텍스 냉감 쿨매트 Q-MAX 0.4 | 우리 16,900 → 네이버 비추(12,310)
✓ [11st] [삼촌식탁] 달콤 짭짤 갈비맛 산적 1kg, 2봉(총2kg) | 우리 11,900 → 네이버 비슷(11,900)
✓ [11st] [삼촌식탁] 달콤 고구마 고로케 1kg X 2봉 (총2kg) | 우리 13,960 → 네이버 비슷(13,960)
✓ [11st] 종가 행복이온 포기김치5kg+열무김치400g | 우리 30,900 → 네이버 추천(34,170)
✓ [11st] 종가 총각김치 850G + 열무김치 900G | 우리 16,810 → 네이버 비추(12,250)
✓ [coupang] 돌 하이 애플 주스, 120ml, 24개 | 우리 14,750 → 네이버 비슷(14,500)
✓ [coupang] 조지아 블랙 무라벨 커피, 370ml, 20개 | 우리 19,680 → 네이버 비추(15,690)
✓ [coupang] 고래사어묵 생생한 야채 사각어묵, 300g, 2봉 | 우리 9,000 → 네이버 추천(11,950)
✓ [coupang] 친정엄마꾸러미 뚝딱! 볶음밥용 채소 (냉동), 500g, 1개 | 우리 5,980 → 네이버 추천(8,820)
✓ [coupang] 왕찹쌀떡 국산찹쌀 선물용, 30개, 60g | 우리 15,900 → 네이버 비추(10,960)

판정 21/126 (17%) · DB기록 126건
✓ [gmarket] (신선집중) 더싱싱 파손보상 유정란 60구 난각번호 1번 (HACCP | 우리 25,910 → 네이버 비슷(25,910)
✓ [gmarket] 아이깨끗해X포차코 핸드워시 순향 리필 1.8L 2개 | 우리 18,900 → 네이버 비슷(18,900)
✓ [gmarket] (신선집중) 여수사나이 국내산 돌산갓김치 1.5kg 산지직송 당일생산 | 우리 8,670 → 네이버 비슷(8,670)
✓ [gmarket] (10%결제할인)아토베리어365 크림80ml 2개 +증정 | 우리 42,900 → 네이버 비추(24,900)
✓ [gmarket] 쿠쿠 6인용 IH 전기 압력밥솥 그레이스 화이트 CRP-DHPNL06 | 우리 214,680 → 네이버 비슷(210,590)
✓ [gmarket] 더 보송한 습기제거제 525ml 24개 제습제 | 우리 14,960 → 네이버 비추(14,310)
✓ [gmarket] 쇼츠딜특가) 슈어메디 리포좀 글루타치온 시그니처 9S 28매 2박스  | 우리 8,910 → 네이버 추천(14,920)
✓ [gmarket] (신선집중) 본가명인 국내산 배추김치 포기김치 10kg 전재료 100 | 우리 29,970 → 네이버 비슷(29,920)
✓ [gmarket] 베베숲 프라임 아기물티슈 70매 캡 20팩 프리미엄 아기 물티슈/고평 | 우리 24,910 → 네이버 추천(28,300)
✓ [gmarket] 더미식 밥알이 살아있는 백미밥 200g 24개 | 우리 21,600 → 네이버 추천(22,600)
✓ [11st] 오브휴 오코텍스 냉감 쿨매트 Q-MAX 0.4 | 우리 16,900 → 네이버 비추(12,310)
✓ [11st] 뉴트원 루테인지아잔틴 아이플로라 30캡슐 외 | 우리 11,000 → 네이버 추천(16,330)
✓ [11st] 종가 총각김치 850G + 열무김치 900G | 우리 16,810 → 네이버 비추(12,250)
✓ [11st] [삼촌식탁] 달콤 짭짤 갈비맛 산적 1kg, 2봉(총2kg) | 우리 11,900 → 네이버 비슷(11,900)
✓ [11st] 종가 행복이온 포기김치5kg+열무김치400g | 우리 30,900 → 네이버 추천(34,170)
✓ [11st] [삼촌식탁] 달콤 고구마 고로케 1kg X 2봉 (총2kg) | 우리 13,960 → 네이버 비슷(13,960)
✓ [coupang] 돌 하이 애플 주스, 120ml, 24개 | 우리 14,750 → 네이버 비슷(14,500)
✓ [coupang] 조지아 블랙 무라벨 커피, 370ml, 20개 | 우리 19,680 → 네이버 비추(15,690)
✓ [coupang] 고래사어묵 생생한 야채 사각어묵, 300g, 2봉 | 우리 9,000 → 네이버 추천(11,950)
✓ [coupang] 친정엄마꾸러미 뚝딱! 볶음밥용 채소 (냉동), 500g, 1개 | 우리 5,980 → 네이버 추천(8,820)
✓ [coupang] 왕찹쌀떡 국산찹쌀 선물용, 30개, 60g | 우리 15,900 → 네이버 비추(10,910)
✓ [coupang] 정원담 프리미엄 자연 야생화 순수 벌꿀, 1개, 500g | 우리 10,770 → 네이버 비슷(10,710)

판정 22/125 (18%) · DB기록 125건
✓ [gmarket] (신선집중) 더싱싱 파손보상 유정란 60구 난각번호 1번 (HACCP | 우리 25,910 → 네이버 비슷(25,910)
✓ [gmarket] 아이깨끗해X포차코 핸드워시 순향 리필 1.8L 2개 | 우리 18,900 → 네이버 비슷(18,900)
✓ [gmarket] (신선집중) 여수사나이 국내산 돌산갓김치 1.5kg 산지직송 당일생산 | 우리 8,670 → 네이버 비슷(8,670)
✓ [gmarket] (10%결제할인)아토베리어365 크림80ml 2개 +증정 | 우리 42,900 → 네이버 비추(24,900)
✓ [gmarket] 쿠쿠 6인용 IH 전기 압력밥솥 그레이스 화이트 CRP-DHPNL06 | 우리 214,680 → 네이버 비슷(210,590)
✓ [gmarket] 더 보송한 습기제거제 525ml 24개 제습제 | 우리 14,960 → 네이버 비추(14,310)
✓ [gmarket] 쇼츠딜특가) 슈어메디 리포좀 글루타치온 시그니처 9S 28매 2박스  | 우리 8,910 → 네이버 추천(14,920)
✓ [gmarket] (신선집중) 본가명인 국내산 배추김치 포기김치 10kg 전재료 100 | 우리 29,970 → 네이버 비슷(29,920)
✓ [gmarket] 베베숲 프라임 아기물티슈 70매 캡 20팩 프리미엄 아기 물티슈/고평 | 우리 24,910 → 네이버 추천(28,300)
✓ [gmarket] 더미식 밥알이 살아있는 백미밥 200g 24개 | 우리 21,600 → 네이버 추천(22,600)
✓ [11st] 뉴트원 루테인지아잔틴 아이플로라 30캡슐 외 | 우리 11,000 → 네이버 추천(16,330)
✓ [11st] 오브휴 오코텍스 냉감 쿨매트 Q-MAX 0.4 | 우리 16,900 → 네이버 비추(12,310)
✓ [11st] 종가 총각김치 850G + 열무김치 900G | 우리 16,810 → 네이버 비추(12,250)
✓ [11st] [삼촌식탁] 달콤 짭짤 갈비맛 산적 1kg, 2봉(총2kg) | 우리 11,900 → 네이버 비슷(11,900)
✓ [11st] 종가 행복이온 포기김치5kg+열무김치400g | 우리 30,900 → 네이버 추천(34,170)
✓ [coupang] 돌 하이 애플 주스, 120ml, 24개 | 우리 14,750 → 네이버 비슷(14,500)
✓ [coupang] 조지아 블랙 무라벨 커피, 370ml, 20개 | 우리 19,680 → 네이버 비추(15,690)
✓ [coupang] 고래사어묵 생생한 야채 사각어묵, 300g, 2봉 | 우리 9,000 → 네이버 추천(11,950)
✓ [coupang] 친정엄마꾸러미 뚝딱! 볶음밥용 채소 (냉동), 500g, 1개 | 우리 5,980 → 네이버 추천(8,820)
✓ [coupang] 왕찹쌀떡 국산찹쌀 선물용, 30개, 60g | 우리 15,900 → 네이버 비추(10,910)

판정 20/122 (16%) · DB기록 122건
✓ [gmarket] (신선집중) 더싱싱 파손보상 유정란 60구 난각번호 1번 (HACCP | 우리 25,910 → 네이버 비슷(25,910)
✓ [gmarket] 아이깨끗해X포차코 핸드워시 순향 리필 1.8L 2개 | 우리 18,900 → 네이버 비슷(18,900)
✓ [gmarket] (신선집중) 여수사나이 국내산 돌산갓김치 1.5kg 산지직송 당일생산 | 우리 8,670 → 네이버 비슷(8,670)
✓ [gmarket] (10%결제할인)아토베리어365 크림80ml 2개 +증정 | 우리 42,900 → 네이버 비추(24,900)
✓ [gmarket] 쿠쿠 6인용 IH 전기 압력밥솥 그레이스 화이트 CRP-DHPNL06 | 우리 214,680 → 네이버 비슷(210,590)
✓ [gmarket] 더 보송한 습기제거제 525ml 24개 제습제 | 우리 14,960 → 네이버 비추(14,310)
✓ [gmarket] 쇼츠딜특가) 슈어메디 리포좀 글루타치온 시그니처 9S 28매 2박스  | 우리 8,910 → 네이버 추천(14,920)
✓ [gmarket] (신선집중) 본가명인 국내산 배추김치 포기김치 10kg 전재료 100 | 우리 29,970 → 네이버 비슷(29,920)
✓ [gmarket] 베베숲 프라임 아기물티슈 70매 캡 20팩 프리미엄 아기 물티슈/고평 | 우리 24,910 → 네이버 추천(28,300)
✓ [gmarket] 더미식 밥알이 살아있는 백미밥 200g 24개 | 우리 21,600 → 네이버 추천(22,600)
✓ [11st] 뉴트원 루테인지아잔틴 아이플로라 30캡슐 외 | 우리 11,000 → 네이버 추천(16,330)
✓ [11st] 오브휴 오코텍스 냉감 쿨매트 Q-MAX 0.4 | 우리 16,900 → 네이버 비추(12,310)
✓ [11st] 종가 총각김치 850G + 열무김치 900G | 우리 16,810 → 네이버 비추(12,250)
✓ [11st] [삼촌식탁] 달콤 짭짤 갈비맛 산적 1kg, 2봉(총2kg) | 우리 11,900 → 네이버 비슷(11,900)
✓ [11st] 종가 행복이온 포기김치5kg+열무김치400g | 우리 30,900 → 네이버 추천(34,170)
✓ [coupang] LG생활건강 46cm 체취솔루션 약산성 데오드란트 바디워시 스파클링  | 우리 13,460 → 네이버 비추(12,040)
✓ [coupang] 연세우유 소화가 잘되는 우유 고칼슘, 180ml, 16개 | 우리 13,700 → 네이버 비슷(13,650)
✓ [coupang] 메디필 멜라논 엑스 크림, 30ml, 1개 | 우리 8,900 → 네이버 비추(4,780)
✓ [coupang] 프랭크버거 오리지널 소고기 패티 (냉동), 800g, 1개 | 우리 10,990 → 네이버 비추(10,620)
✓ [coupang] 삼육두유 100, 190ml, 16개 | 우리 12,900 → 네이버 비추(6,220)
✓ [coupang] 코멧 더 포켓 미니 물티슈, 40세트, 8매, 50g | 우리 11,990 → 네이버 비추(4,500)

판정 21/124 (17%) · DB기록 124건
✓ [gmarket] (신선집중) 더싱싱 파손보상 유정란 60구 난각번호 1번 (HACCP | 우리 25,910 → 네이버 비슷(25,910)
✓ [gmarket] 아이깨끗해X포차코 핸드워시 순향 리필 1.8L 2개 | 우리 18,900 → 네이버 비슷(18,900)
✓ [gmarket] (신선집중) 여수사나이 국내산 돌산갓김치 1.5kg 산지직송 당일생산 | 우리 8,670 → 네이버 비슷(8,670)
✓ [gmarket] (10%결제할인)아토베리어365 크림80ml 2개 +증정 | 우리 42,900 → 네이버 비추(24,900)
✓ [gmarket] 쿠쿠 6인용 IH 전기 압력밥솥 그레이스 화이트 CRP-DHPNL06 | 우리 214,680 → 네이버 비슷(210,590)
✓ [gmarket] 더 보송한 습기제거제 525ml 24개 제습제 | 우리 14,960 → 네이버 비추(14,310)
✓ [gmarket] 쇼츠딜특가) 슈어메디 리포좀 글루타치온 시그니처 9S 28매 2박스  | 우리 8,910 → 네이버 추천(14,770)
✓ [gmarket] (신선집중) 본가명인 국내산 배추김치 포기김치 10kg 전재료 100 | 우리 29,970 → 네이버 비슷(29,920)
✓ [gmarket] 더미식 밥알이 살아있는 백미밥 200g 24개 | 우리 21,600 → 네이버 추천(22,600)
✓ [11st] 뉴트원 루테인지아잔틴 아이플로라 30캡슐 외 | 우리 11,000 → 네이버 추천(16,330)
✓ [11st] 오브휴 오코텍스 냉감 쿨매트 Q-MAX 0.4 | 우리 16,900 → 네이버 비추(12,420)
✓ [11st] 종가 총각김치 850G + 열무김치 900G | 우리 16,810 → 네이버 비추(12,250)
✓ [11st] [삼촌식탁] 달콤 짭짤 갈비맛 산적 1kg, 2봉(총2kg) | 우리 11,900 → 네이버 비슷(11,900)
✓ [11st] 종가 행복이온 포기김치5kg+열무김치400g | 우리 30,900 → 네이버 추천(34,170)
✓ [11st] [구매왕] 뉴케어 마이키즈 초코맛 150ml, 24개 | 우리 30,900 → 네이버 추천(32,040)
✓ [11st] [삼촌식탁] 달콤 고구마 고로케 1kg X 2봉 (총2kg) | 우리 13,960 → 네이버 비슷(13,960)
✓ [coupang] LG생활건강 46cm 체취솔루션 약산성 데오드란트 바디워시 스파클링  | 우리 13,460 → 네이버 비추(12,040)
✓ [coupang] 연세우유 소화가 잘되는 우유 고칼슘, 180ml, 16개 | 우리 13,700 → 네이버 비슷(13,650)
✓ [coupang] 메디필 멜라논 엑스 크림, 30ml, 1개 | 우리 8,900 → 네이버 비추(4,780)
✓ [coupang] 프랭크버거 오리지널 소고기 패티 (냉동), 800g, 1개 | 우리 10,990 → 네이버 비추(10,620)
✓ [coupang] 삼육두유 100, 190ml, 16개 | 우리 12,900 → 네이버 비추(6,220)
✓ [coupang] 코멧 더 포켓 미니 물티슈, 40세트, 8매, 50g | 우리 11,990 → 네이버 비추(4,500)

판정 22/126 (17%) · DB기록 126건
✓ [gmarket] 들기름김식탁20P(8매) 에코패키지 2세트 총 40p | 우리 10,800 → 네이버 비슷(10,800)
✓ [gmarket] 올반 아삭 김치볶음밥 10개 세트 (220gX10개) 냉동 편의식 P | 우리 13,950 → 네이버 추천(14,880)
✓ [gmarket] (1+1) 온라인팩 알카라인 1.5V 건전지 AA 20개 +20개 ( | 우리 13,090 → 네이버 비슷(13,080)
✓ [gmarket] 더 보송한 습기제거제 525ml 24개 제습제 | 우리 14,960 → 네이버 비추(14,310)
✓ [gmarket] 쇼츠딜특가) 슈어메디 리포좀 글루타치온 시그니처 9S 28매 2박스  | 우리 9,900 → 네이버 추천(14,770)
✓ [gmarket] (신선집중) 본가명인 국내산 배추김치 포기김치 10kg 전재료 100 | 우리 29,970 → 네이버 비슷(29,920)
✓ [gmarket] 더미식 밥알이 살아있는 백미밥 200g 24개 | 우리 21,600 → 네이버 추천(22,600)
✓ [11st] 지그비 프리미엄 컴팩트 초미세모 칫솔 22개입 | 우리 10,970 → 네이버 추천(13,900)
✓ [11st] 센토 인텐스 디퓨저 550ml 2개 | 우리 19,900 → 네이버 비추(19,120)
✓ [11st] 호정가 하루단백질바 20개입 | 우리 12,900 → 네이버 비슷(13,020)
✓ [11st] 종가 총각김치 850G + 열무김치 900G | 우리 16,810 → 네이버 비추(12,250)
✓ [11st] 종가 행복이온 포기김치5kg+열무김치400g | 우리 30,900 → 네이버 추천(34,170)
✓ [11st] [삼촌식탁] 달콤 짭짤 갈비맛 산적 1kg, 2봉(총2kg) | 우리 11,900 → 네이버 비슷(11,900)
✓ [coupang] LG생활건강 46cm 체취솔루션 약산성 데오드란트 바디워시 스파클링  | 우리 13,460 → 네이버 비추(12,040)
✓ [coupang] 연세우유 소화가 잘되는 우유 고칼슘, 180ml, 16개 | 우리 13,700 → 네이버 비슷(13,650)
✓ [coupang] 메디필 멜라논 엑스 크림, 30ml, 1개 | 우리 8,900 → 네이버 비추(4,780)
✓ [coupang] 프랭크버거 오리지널 소고기 패티 (냉동), 800g, 1개 | 우리 10,990 → 네이버 비추(10,620)
✓ [coupang] 삼육두유 100, 190ml, 16개 | 우리 12,900 → 네이버 비추(6,400)
✓ [coupang] 코멧 더 포켓 미니 물티슈, 40세트, 8매, 50g | 우리 11,990 → 네이버 비추(4,500)

판정 19/128 (15%) · DB기록 128건
✓ [gmarket] 들기름김식탁20P(8매) 에코패키지 2세트 총 40p | 우리 10,800 → 네이버 비슷(10,900)
✓ [gmarket] 올반 아삭 김치볶음밥 10개 세트 (220gX10개) 냉동 편의식 P | 우리 13,950 → 네이버 비슷(13,950)
✓ [gmarket] (1+1) 온라인팩 알카라인 1.5V 건전지 AA 20개 +20개 ( | 우리 13,090 → 네이버 비슷(13,080)
✓ [gmarket] 더 보송한 습기제거제 525ml 24개 제습제 | 우리 14,960 → 네이버 비추(14,310)
✓ [gmarket] 쇼츠딜특가) 슈어메디 리포좀 글루타치온 시그니처 9S 28매 2박스  | 우리 9,900 → 네이버 추천(14,770)
✓ [gmarket] (신선집중) 본가명인 국내산 배추김치 포기김치 10kg 전재료 100 | 우리 29,970 → 네이버 비슷(29,920)
✓ [gmarket] 더미식 밥알이 살아있는 백미밥 200g 24개 | 우리 21,600 → 네이버 추천(22,600)
✓ [11st] 지그비 프리미엄 컴팩트 초미세모 칫솔 22개입 | 우리 10,970 → 네이버 추천(13,900)
✓ [11st] 센토 인텐스 디퓨저 550ml 2개 | 우리 19,900 → 네이버 비추(19,120)
✓ [11st] 호정가 하루단백질바 20개입 | 우리 12,900 → 네이버 비슷(13,020)
✓ [11st] 종가 총각김치 850G + 열무김치 900G | 우리 16,810 → 네이버 비추(12,250)
✓ [coupang] LG생활건강 46cm 체취솔루션 약산성 데오드란트 바디워시 스파클링  | 우리 13,460 → 네이버 비추(12,040)
✓ [coupang] 연세우유 소화가 잘되는 우유 고칼슘, 180ml, 16개 | 우리 13,700 → 네이버 비슷(13,650)
✓ [coupang] 도아 아로마베어 차량용 방향제, 다크크롬 블랙체리, 1개 | 우리 18,900 → 네이버 비슷(18,900)
✓ [coupang] 메디필 멜라논 엑스 크림, 30ml, 1개 | 우리 8,900 → 네이버 비추(4,780)
✓ [coupang] 프랭크버거 오리지널 소고기 패티 (냉동), 800g, 1개 | 우리 10,990 → 네이버 비추(10,620)
✓ [coupang] 삼육두유 100, 190ml, 16개 | 우리 12,900 → 네이버 비추(6,400)
✓ [coupang] 코멧 더 포켓 미니 물티슈, 40세트, 8매, 50g | 우리 11,990 → 네이버 비추(4,500)

판정 18/129 (14%) · DB기록 129건
✓ [gmarket] 깨끗한나라 순수시그니처 화장지 브라운 30m 30롤 2팩 + 스마일캐 | 우리 24,830 → 네이버 비슷(24,830)
✓ [gmarket] 오리온 초코파이 48P 1872g(1박스) | 우리 13,900 → 네이버 비추(11,200)
✓ [gmarket] 아이깨끗해X포차코 핸드워시 대용량 리필 4.5L | 우리 25,900 → 네이버 비슷(25,900)
✓ [gmarket] 전통 도토리묵 400gx4팩+묵사발 육수 318gx4팩 /도토리묵밥묵 | 우리 9,890 → 네이버 비슷(9,840)
✓ [gmarket] BLDC 프리미엄 무선청소기 다크그레이 WW-800  30000Pa  | 우리 56,010 → 네이버 비슷(56,010)
✓ [gmarket] 더 보송한 습기제거제 525ml 24개 제습제 | 우리 14,960 → 네이버 비추(14,310)
✓ [gmarket] 쇼츠딜특가) 슈어메디 리포좀 글루타치온 시그니처 9S 28매 2박스  | 우리 9,900 → 네이버 추천(14,770)
✓ [gmarket] (신선집중) 본가명인 국내산 배추김치 포기김치 10kg 전재료 100 | 우리 29,970 → 네이버 비슷(29,920)
✓ [gmarket] 더미식 밥알이 살아있는 백미밥 200g 24개 | 우리 21,600 → 네이버 추천(22,600)
✓ [11st] 숨 클리어 시그니처 4겹 화장지 30m 30롤 2팩 | 우리 24,900 → 네이버 비슷(24,900)
✓ [11st] 종가 총각김치 850G + 열무김치 900G | 우리 16,810 → 네이버 비추(12,250)
✓ [11st] 부드럽게 잘 닦이는 맘스럽 센시티브코튼 물티슈 75g 72매 20팩  | 우리 16,900 → 네이버 추천(26,800)
✓ [11st] [품질보장] 이순신수산 남해안 자연산 돌문어 1kg [1-4미] | 우리 19,200 → 네이버 비추(15,900)
✓ [11st] 종가 행복이온 포기김치5kg+열무김치400g | 우리 30,900 → 네이버 추천(34,170)
✓ [11st] [삼촌식탁] 달콤 짭짤 갈비맛 산적 1kg, 2봉(총2kg) | 우리 11,900 → 네이버 비슷(11,900)
✓ [coupang] LG생활건강 46cm 체취솔루션 약산성 데오드란트 바디워시 스파클링  | 우리 13,460 → 네이버 비추(12,040)
✓ [coupang] 연세우유 소화가 잘되는 우유 고칼슘, 180ml, 16개 | 우리 13,700 → 네이버 비슷(13,650)
✓ [coupang] 도아 아로마베어 차량용 방향제, 다크크롬 블랙체리, 1개 | 우리 18,900 → 네이버 비슷(18,900)
✓ [coupang] 메디필 멜라논 엑스 크림, 30ml, 1개 | 우리 8,900 → 네이버 비추(4,780)
✓ [coupang] 프랭크버거 오리지널 소고기 패티 (냉동), 800g, 1개 | 우리 10,990 → 네이버 비추(10,620)
✓ [coupang] 삼육두유 100, 190ml, 16개 | 우리 12,900 → 네이버 비추(6,400)
✓ [coupang] 코멧 더 포켓 미니 물티슈, 40세트, 8매, 50g | 우리 11,990 → 네이버 비추(4,500)

판정 22/127 (17%) · DB기록 127건
✓ [gmarket] 깨끗한나라 순수시그니처 화장지 브라운 30m 30롤 2팩 + 스마일캐 | 우리 24,830 → 네이버 비슷(24,850)
✓ [gmarket] 오리온 초코파이 48P 1872g(1박스) | 우리 13,900 → 네이버 비추(11,200)
✓ [gmarket] 아이깨끗해X포차코 핸드워시 대용량 리필 4.5L | 우리 25,900 → 네이버 추천(29,350)
✓ [gmarket] 전통 도토리묵 400gx4팩+묵사발 육수 318gx4팩 /도토리묵밥묵 | 우리 9,890 → 네이버 비추(9,600)
✓ [gmarket] BLDC 프리미엄 무선청소기 다크그레이 WW-800  30000Pa  | 우리 56,010 → 네이버 추천(57,950)
✓ [gmarket] 타임특가 36.9만+시트증정) 26년 최신형) 미닉스 미니건조기 최대 | 우리 369,000 → 네이버 비추(354,340)
✓ [gmarket] 더 보송한 습기제거제 525ml 24개 제습제 | 우리 14,960 → 네이버 비추(14,310)
✓ [gmarket] 쇼츠딜특가) 슈어메디 리포좀 글루타치온 시그니처 9S 28매 2박스  | 우리 9,900 → 네이버 추천(15,100)
✓ [gmarket] (신선집중) 본가명인 국내산 배추김치 포기김치 10kg 전재료 100 | 우리 29,970 → 네이버 비슷(29,970)
✓ [11st] 이잡곡이다 26년산 햇곡 국산 찰보리 1kg+1kg | 우리 6,310 → 네이버 비추(6,150)
✓ [11st] 부드럽게 잘 닦이는 맘스럽 센시티브코튼 물티슈 75g 72매 20팩  | 우리 16,900 → 네이버 추천(26,800)
✓ [11st] 도브 베이비바 90g 8개 | 우리 12,920 → 네이버 추천(19,080)
✓ [11st] 맘스케이크 우리밀 데일리 머핀 40g 15개 | 우리 8,720 → 네이버 추천(12,720)
✓ [coupang] 롯데웰푸드 구구 크러스터 아이스크림 (냉동), 660ml, 1개입,  | 우리 10,780 → 네이버 추천(13,370)
✓ [coupang] 어사김치 전라도 김장배추 포기김치 (국산), 2kg, 1개 | 우리 13,900 → 네이버 비슷(13,900)
✓ [coupang] 캣템 고양이 스피루리나 덴탈 간식 메가박스, 오션피쉬, 500g, 1 | 우리 12,800 → 네이버 추천(22,530)
✓ [coupang] 플랜잇 커피그라인더 브리티쉬, PGR-G007BL | 우리 25,640 → 네이버 비추(24,130)
✓ [coupang] 올반 키친 찹쌀 꿔바로우 (냉동), 500g, 1개 | 우리 9,980 → 네이버 비슷(9,980)
✓ [coupang] 파스퇴르 유기가공식품 인증 야채농장 ABC 과채 주스, 190ml,  | 우리 9,960 → 네이버 추천(13,900)

판정 19/111 (17%) · DB기록 111건
✓ [gmarket] 깨끗한나라 순수시그니처 화장지 브라운 30m 30롤 2팩 + 스마일캐 | 우리 24,830 → 네이버 비슷(24,850)
✓ [gmarket] 오리온 초코파이 48P 1872g(1박스) | 우리 13,900 → 네이버 비추(11,200)
✓ [gmarket] 아이깨끗해X포차코 핸드워시 대용량 리필 4.5L | 우리 25,900 → 네이버 추천(29,350)
✓ [gmarket] 전통 도토리묵 400gx4팩+묵사발 육수 318gx4팩 /도토리묵밥묵 | 우리 9,890 → 네이버 비추(9,600)
✓ [gmarket] BLDC 프리미엄 무선청소기 다크그레이 WW-800  30000Pa  | 우리 56,010 → 네이버 추천(57,950)
✓ [gmarket] 타임특가 36.9만+시트증정) 26년 최신형) 미닉스 미니건조기 최대 | 우리 369,000 → 네이버 비추(354,340)
✓ [gmarket] 더 보송한 습기제거제 525ml 24개 제습제 | 우리 14,960 → 네이버 비추(14,310)
✓ [gmarket] 쇼츠딜특가) 슈어메디 리포좀 글루타치온 시그니처 9S 28매 2박스  | 우리 9,900 → 네이버 추천(15,090)
✓ [gmarket] (신선집중) 본가명인 국내산 배추김치 포기김치 10kg 전재료 100 | 우리 29,970 → 네이버 비슷(29,970)
✓ [11st] 오징어땅콩 10봉세트 오징어땅콩 90g 5+불땅 90g 5 | 우리 10,900 → 네이버 추천(12,500)
✓ [11st] 부드럽게 잘 닦이는 맘스럽 센시티브코튼 물티슈 75g 72매 20팩  | 우리 16,900 → 네이버 추천(26,800)
✓ [11st] 도브 베이비바 90g 8개 | 우리 12,920 → 네이버 추천(19,080)
✓ [coupang] 롯데웰푸드 구구 크러스터 아이스크림 (냉동), 660ml, 1개입,  | 우리 10,780 → 네이버 추천(13,370)
✓ [coupang] 어사김치 전라도 김장배추 포기김치 (국산), 2kg, 1개 | 우리 13,900 → 네이버 비슷(13,900)
✓ [coupang] 캣템 고양이 스피루리나 덴탈 간식 메가박스, 오션피쉬, 500g, 1 | 우리 12,800 → 네이버 추천(22,530)
✓ [coupang] 플랜잇 커피그라인더 브리티쉬, PGR-G007BL | 우리 25,640 → 네이버 비추(24,130)
✓ [coupang] 올반 키친 찹쌀 꿔바로우 (냉동), 500g, 1개 | 우리 9,980 → 네이버 비슷(9,980)
✓ [coupang] 파스퇴르 유기가공식품 인증 야채농장 ABC 과채 주스, 190ml,  | 우리 9,960 → 네이버 추천(13,900)

판정 18/109 (17%) · DB기록 109건
✓ [gmarket] (개별포장) 야심찬 함흥냉면 10인분 +육수10봉/ 1인분 998원/ | 우리 9,980 → 네이버 추천(12,590)
✓ [gmarket] 불스원 그래핀 코팅 와이퍼 2개입 SET (운전석+조수석) | 우리 8,900 → 네이버 추천(15,900)
✓ [gmarket] ((10%결제할인) 추억의 레트로패키지)크라운산도 딸기 161gx4개 | 우리 11,750 → 네이버 추천(13,920)
✓ [gmarket] 행복이온 포기김치 10kg | 우리 50,930 → 네이버 비추(48,980)
✓ [gmarket] 메밀함량 30%) 칠갑농산 메밀국수 1.5kg+ 모밀소스 10봉 (총 | 우리 11,480 → 네이버 추천(11,730)
✓ [gmarket] 캐나다 프로바이오틱스 500억 모유 생유산균 2개월분 한캡슐 100억 | 우리 11,900 → 네이버 비슷(11,900)
✓ [gmarket] 코코도르 차량용 빅우드볼 디퓨저 130ml 2개입 | 우리 9,900 → 네이버 추천(12,800)
✓ [gmarket] 습기제로 제습제 총 24입 (8입3개) | 우리 16,900 → 네이버 추천(18,900)
✓ [gmarket] (신선집중) 본가명인 국내산 배추김치 포기김치 10kg 전재료 100 | 우리 29,970 → 네이버 비슷(29,970)
✓ [11st] 오징어땅콩 10봉세트 오징어땅콩 90g 5+불땅 90g 5 | 우리 10,900 → 네이버 추천(12,500)
✓ [11st] 상하목장 유기농 우유, 200ml, 24개 | 우리 22,900 → 네이버 비추(20,490)
✓ [coupang] 롯데웰푸드 구구 크러스터 아이스크림 (냉동), 660ml, 1개입,  | 우리 10,780 → 네이버 추천(13,370)
✓ [coupang] 어사김치 전라도 김장배추 포기김치 (국산), 2kg, 1개 | 우리 13,900 → 네이버 비슷(13,900)
✓ [coupang] 캣템 고양이 스피루리나 덴탈 이빨과자 대용량 메가박스, 쉬림프, 50 | 우리 12,800 → 네이버 추천(14,000)
✓ [coupang] 플랜잇 커피그라인더 브리티쉬, PGR-G007BL | 우리 25,640 → 네이버 비추(24,130)
✓ [coupang] 올반 키친 찹쌀 꿔바로우 (냉동), 500g, 1개 | 우리 9,980 → 네이버 비슷(9,980)
✓ [coupang] 파스퇴르 유기가공식품 인증 야채농장 ABC 과채 주스, 190ml,  | 우리 9,960 → 네이버 추천(13,900)

판정 17/109 (16%) · DB기록 109건
✓ [gmarket] (개별포장) 야심찬 함흥냉면 10인분 +육수10봉/ 1인분 998원/ | 우리 9,980 → 네이버 추천(12,590)
✓ [gmarket] 불스원 그래핀 코팅 와이퍼 2개입 SET (운전석+조수석) | 우리 8,900 → 네이버 추천(15,900)
✓ [gmarket] ((10%결제할인) 추억의 레트로패키지)크라운산도 딸기 161gx4개 | 우리 11,750 → 네이버 추천(17,120)
✓ [gmarket] 행복이온 포기김치 10kg | 우리 50,930 → 네이버 비추(48,980)
✓ [gmarket] 메밀함량 30%) 칠갑농산 메밀국수 1.5kg+ 모밀소스 10봉 (총 | 우리 11,480 → 네이버 비슷(11,480)
✓ [gmarket] 캐나다 프로바이오틱스 500억 모유 생유산균 2개월분 한캡슐 100억 | 우리 11,900 → 네이버 비슷(11,900)
✓ [gmarket] 코코도르 차량용 빅우드볼 디퓨저 130ml 2개입 | 우리 9,900 → 네이버 추천(12,800)
✓ [gmarket] 습기제로 제습제 총 24입 (8입3개) | 우리 16,900 → 네이버 추천(18,900)
✓ [gmarket] (신선집중) 본가명인 국내산 배추김치 포기김치 10kg 전재료 100 | 우리 29,970 → 네이버 비슷(29,970)
✓ [11st] C2Y 리얼 알로에 수딩젤 300ml 5개 | 우리 6,930 → 네이버 추천(7,900)
✓ [11st] 불 맛 제대로 낸 을지로 연탄불고기 4팩 | 우리 13,860 → 네이버 비슷(13,860)
✓ [11st] JW중외제약 전립선 건강 영양제 쏘팔메토 로르산옥타코사놀 1,000m | 우리 29,000 → 네이버 비슷(29,000)
✓ [11st] 맥콜 제로 250ml X 60캔 + 아이스볼 메이커 | 우리 21,900 → 네이버 비슷(21,500)
✓ [coupang] 롯데웰푸드 구구 크러스터 아이스크림 (냉동), 660ml, 1개입,  | 우리 11,000 → 네이버 추천(13,370)
✓ [coupang] 어사김치 전라도 김장배추 포기김치 (국산), 2kg, 1개 | 우리 13,900 → 네이버 비슷(13,900)
✓ [coupang] 플랜잇 커피그라인더 브리티쉬, PGR-G007BL | 우리 25,640 → 네이버 비추(24,130)
✓ [coupang] 올반 키친 찹쌀 꿔바로우 (냉동), 500g, 1개 | 우리 9,980 → 네이버 비슷(9,980)
✓ [coupang] 파스퇴르 유기가공식품 인증 야채농장 ABC 과채 주스, 190ml,  | 우리 9,960 → 네이버 추천(13,900)

판정 18/108 (17%) · DB기록 108건
✓ [gmarket] 카사베르디 유기농 레드와인 비니거 500ml 2개 + 파로착한밥 3개 | 우리 34,800 → 네이버 비슷(34,800)
✓ [gmarket] 봉당913원 (신선집중) 간식 안주 주전부리 달콤한 맛밤 윤후의달밤5 | 우리 21,920 → 네이버 비슷(21,960)
✓ [gmarket] 습기제로 제습제 총 24입 (8입3개) | 우리 16,900 → 네이버 추천(18,900)
✓ [gmarket] (신선집중) 본가명인 국내산 배추김치 포기김치 10kg 전재료 100 | 우리 29,970 → 네이버 비슷(29,970)
✓ [11st] C2Y 리얼 알로에 수딩젤 300ml 5개 | 우리 6,930 → 네이버 추천(7,900)
✓ [11st] 불 맛 제대로 낸 을지로 연탄불고기 4팩 | 우리 13,860 → 네이버 비슷(13,860)
✓ [11st] 고기함량80% 미국산 초이스 LA갈비 1kg | 우리 27,920 → 네이버 비추(9,900)
✓ [11st] 맥콜 제로 250ml X 60캔 + 아이스볼 메이커 | 우리 21,900 → 네이버 비슷(21,500)
✓ [coupang] 롯데웰푸드 구구 크러스터 아이스크림 (냉동), 660ml, 1개입,  | 우리 11,000 → 네이버 추천(13,370)
✓ [coupang] 어사김치 전라도 김장배추 포기김치 (국산), 2kg, 1개 | 우리 13,900 → 네이버 비슷(13,900)
✓ [coupang] 플랜잇 커피그라인더 브리티쉬, PGR-G007BL | 우리 25,640 → 네이버 비추(24,130)
✓ [coupang] 올반 키친 찹쌀 꿔바로우 (냉동), 500g, 1개 | 우리 9,980 → 네이버 비슷(9,980)
✓ [coupang] 파스퇴르 유기가공식품 인증 야채농장 ABC 과채 주스, 190ml,  | 우리 9,960 → 네이버 추천(13,900)

판정 13/109 (12%) · DB기록 109건
✓ [gmarket] 카사베르디 유기농 레드와인 비니거 500ml 2개 + 파로착한밥 3개 | 우리 34,800 → 네이버 비추(32,300)
✓ [gmarket] 봉당913원 (신선집중) 간식 안주 주전부리 달콤한 맛밤 윤후의달밤5 | 우리 21,920 → 네이버 비슷(21,920)
✓ [gmarket] 습기제로 제습제 총 24입 (8입3개) | 우리 16,900 → 네이버 추천(18,900)
✓ [gmarket] (신선집중) 본가명인 국내산 배추김치 포기김치 10kg 전재료 100 | 우리 29,970 → 네이버 비슷(29,920)
✓ [11st] 하림 주원산오리 매운오리불고기 700g | 우리 16,900 → 네이버 비추(13,680)
✓ [11st] 천연사이다 제로 250ml x 30캔/60캔+아이스볼메이커 | 우리 11,900 → 네이버 추천(27,040)
✓ [11st] VOFF 악취삭제 강력 고체 탈취제 300g 클라우드코튼향 | 우리 11,900 → 네이버 비슷(11,900)
✓ [11st] 부드럽게 잘 닦이는 맘스럽 센시티브코튼 물티슈 75g 72매 20팩  | 우리 16,900 → 네이버 추천(25,080)
✓ [11st] 불 맛 제대로 낸 을지로 연탄불고기 4팩 | 우리 13,860 → 네이버 비슷(13,860)
✓ [11st] [매일유업] 피크닉 청포도 제로 200ml, 24개입, 1개+사과 제 | 우리 17,900 → 네이버 비추(9,900)
✓ [11st] 깊고 진한 풍미, 할리스 할리스 시그니처 아메리카노 다크 미니, 13 | 우리 26,900 → 네이버 추천(30,690)
✓ [11st] 맥콜 제로 250ml X 60캔 + 아이스볼 메이커 | 우리 21,900 → 네이버 비슷(21,500)
✓ [coupang] 롯데웰푸드 구구 크러스터 아이스크림 (냉동), 660ml, 1개입,  | 우리 11,000 → 네이버 추천(13,370)
✓ [coupang] 어사김치 전라도 김장배추 포기김치 (국산), 2kg, 1개 | 우리 13,900 → 네이버 비슷(13,900)
✓ [coupang] 플랜잇 커피그라인더 브리티쉬, PGR-G007BL | 우리 25,640 → 네이버 비추(24,130)
✓ [coupang] 올반 키친 찹쌀 꿔바로우 (냉동), 500g, 1개 | 우리 9,980 → 네이버 비슷(9,980)
✓ [coupang] 파스퇴르 유기가공식품 인증 야채농장 ABC 과채 주스, 190ml,  | 우리 9,960 → 네이버 추천(13,900)

판정 17/111 (15%) · DB기록 111건
✓ [gmarket] 카사베르디 유기농 레드와인 비니거 500ml 2개 + 파로착한밥 3개 | 우리 34,800 → 네이버 비추(32,800)
✓ [gmarket] 봉당913원 (신선집중) 간식 안주 주전부리 달콤한 맛밤 윤후의달밤5 | 우리 21,920 → 네이버 비슷(21,920)
✓ [gmarket] 습기제로 제습제 총 24입 (8입3개) | 우리 16,900 → 네이버 추천(18,900)
✓ [gmarket] (신선집중) 본가명인 국내산 배추김치 포기김치 10kg 전재료 100 | 우리 29,970 → 네이버 비슷(29,920)
✓ [11st] 천연사이다 제로 250ml x 30캔/60캔+아이스볼메이커 | 우리 11,900 → 네이버 추천(27,040)
✓ [11st] VOFF 악취삭제 강력 고체 탈취제 300g 클라우드코튼향 | 우리 11,900 → 네이버 비슷(11,900)
✓ [11st] 하림 주원산오리 매운오리불고기 700g | 우리 16,900 → 네이버 비추(13,680)
✓ [11st] 부드럽게 잘 닦이는 맘스럽 센시티브코튼 물티슈 75g 72매 20팩  | 우리 16,900 → 네이버 추천(25,080)
✓ [11st] 불 맛 제대로 낸 을지로 연탄불고기 4팩 | 우리 13,860 → 네이버 비슷(13,860)
✓ [11st] [매일유업] 피크닉 청포도 제로 200ml, 24개입, 1개+사과 제 | 우리 17,900 → 네이버 비추(9,900)
✓ [11st] 맥콜 제로 250ml X 60캔 + 아이스볼 메이커 | 우리 21,900 → 네이버 비슷(21,500)
✓ [11st] 100억CFU 크리스찬한센 유산균 펨 도피러스 알엑스 100억 여성  | 우리 58,970 → 네이버 추천(62,900)
✓ [11st] 아이들 사무실 간식 고단백 식사대용 맘스케이크 우리밀 도넛 오리지널  | 우리 9,520 → 네이버 추천(17,010)
✓ [11st] 깊고 진한 풍미, 할리스 할리스 시그니처 아메리카노 다크 미니, 13 | 우리 26,900 → 네이버 추천(30,690)
✓ [coupang] 롯데웰푸드 구구 크러스터 아이스크림 (냉동), 660ml, 1개입,  | 우리 11,000 → 네이버 추천(13,370)
✓ [coupang] 어사김치 전라도 김장배추 포기김치 (국산), 2kg, 1개 | 우리 13,900 → 네이버 비슷(13,900)
✓ [coupang] 플랜잇 커피그라인더 브리티쉬, PGR-G007BL | 우리 25,640 → 네이버 비추(24,130)
✓ [coupang] 파스퇴르 유기가공식품 인증 야채농장 ABC 과채 주스, 190ml,  | 우리 9,960 → 네이버 추천(13,900)

판정 18/111 (16%) · DB기록 111건
✓ [gmarket] 카사베르디 유기농 레드와인 비니거 500ml 2개 + 파로착한밥 3개 | 우리 34,800 → 네이버 비추(32,800)
✓ [gmarket] 봉당913원 (신선집중) 간식 안주 주전부리 달콤한 맛밤 윤후의달밤5 | 우리 21,920 → 네이버 비슷(21,920)
✓ [gmarket] 습기제로 제습제 총 24입 (8입3개) | 우리 16,900 → 네이버 추천(18,900)
✓ [gmarket] (신선집중) 본가명인 국내산 배추김치 포기김치 10kg 전재료 100 | 우리 29,970 → 네이버 비슷(29,920)
✓ [11st] 부산우유 데일리 저당밀크티 190ml, 24개 | 우리 15,690 → 네이버 추천(22,360)
✓ [11st] 맥콜 제로 250ml X 60캔 + 아이스볼 메이커 | 우리 21,900 → 네이버 비슷(21,500)
✓ [11st] 이순실의 국내산 고기 떡갈비 스테이크 55g x 16개 | 우리 19,800 → 네이버 추천(26,820)
✓ [11st] 신정애원장의 프리미엄 흑염소 진액 70ml, 30입, 1개 | 우리 15,900 → 네이버 추천(19,900)
✓ [coupang] 롯데웰푸드 구구 크러스터 아이스크림 (냉동), 660ml, 1개입,  | 우리 11,000 → 네이버 추천(13,370)
✓ [coupang] 어사김치 전라도 김장배추 포기김치 (국산), 2kg, 1개 | 우리 13,900 → 네이버 비슷(13,900)
✓ [coupang] 플랜잇 커피그라인더 브리티쉬, PGR-G007BL | 우리 25,640 → 네이버 비추(24,130)
✓ [coupang] 파스퇴르 유기가공식품 인증 야채농장 ABC 과채 주스, 190ml,  | 우리 9,960 → 네이버 추천(13,900)
✓ [coupang] 마마 쉬림 톰냠 플레이버 똠냠 봉지라면 55g, 30개 | 우리 16,550 → 네이버 비추(14,800)
✓ [coupang] 올반 키친 찹쌀 꿔바로우 (냉동), 500g, 1개 | 우리 9,980 → 네이버 비슷(9,980)

판정 14/109 (13%) · DB기록 109건
✓ [gmarket] 밀크앤허니 호두파이 750g 1개 주문제작 순차출고 | 우리 14,930 → 네이버 추천(24,500)
✓ [gmarket] 닥터올가 나이아신아마이드 N 트라넥삼산 7일 기미 잡티 앰플 50ml | 우리 17,910 → 네이버 추천(25,350)
✓ [gmarket] (신선집중) 본가명인 국내산 배추김치 포기김치 10kg 전재료 100 | 우리 29,920 → 네이버 비슷(29,920)
✓ [gmarket] 달콤한 토망고 2kg (500g x4팩) 스테비아 대추방울토마토 | 우리 10,920 → 네이버 비슷(10,800)
✓ [gmarket] 농가살리기 푸짐한 맛 배터지는 고기듬뿍 감자탕 5kg(8~10인분) | 우리 19,130 → 네이버 비추(17,550)
✓ [gmarket] (신선집중) 한상궁김치 겉절이 2kg / 출고당일생산 | 우리 11,600 → 네이버 비슷(11,600)
✓ [gmarket] 프로즌 원팩 마라탕(보통맛) 1팩 + 1팩 (450g x 2팩) | 우리 12,890 → 네이버 추천(15,200)
✓ [11st] 드빈치 자연방목 유기농 아기치즈 60매/1/2/3단계 | 우리 20,970 → 네이버 추천(26,900)
✓ [11st] 100% 국내 자연산 통영 자연산 싱싱 돌문어 1kg (1-4미내외) | 우리 18,900 → 네이버 비추(15,900)
✓ [11st] 삼점 암꽃게 간장게장 2kg 7미 | 우리 12,510 → 네이버 비추(9,230)
✓ [11st] 하이트진로 블랙보리 무라벨, 520ml, 20개 | 우리 15,500 → 네이버 비추(9,700)
✓ [11st] [1+1+1] 현대약품 마이녹셀 스칼프 인텐시브 탈모 앰플 60ml  | 우리 22,410 → 네이버 비추(11,000)
✓ [11st] 완도 활 전복1kg 6-7미 특대전복 횟감용 구이용 살아서도착 + 세 | 우리 23,650 → 네이버 비추(22,750)
✓ [coupang] 치잇데이 바로먹는 풀드 닭가슴살 오리지널맛 100g + 매콤양념치킨맛 | 우리 11,800 → 네이버 추천(14,790)
✓ [coupang] 오프라이스 생새우살 51~70미 (냉동), 510g(중), 1팩 | 우리 12,900 → 네이버 비슷(13,150)
✓ [coupang] ELLE PARIS PDRN 콜라겐 녹는실 탄력 앰플, 1개, 100 | 우리 9,990 → 네이버 추천(11,180)
✓ [coupang] 토니모리 그린티 수분 클렌징 티슈 세트, 100매입, 2개 | 우리 11,900 → 네이버 추천(14,430)

판정 17/102 (17%) · DB기록 102건
✓ [gmarket] 밀크앤허니 호두파이 750g 1개 주문제작 순차출고 | 우리 14,930 → 네이버 추천(24,500)
✓ [gmarket] 닥터올가 나이아신아마이드 N 트라넥삼산 7일 기미 잡티 앰플 50ml | 우리 17,910 → 네이버 추천(25,350)
✓ [gmarket] (신선집중) 본가명인 국내산 배추김치 포기김치 10kg 전재료 100 | 우리 29,920 → 네이버 비슷(29,920)
✓ [gmarket] 달콤한 토망고 2kg (500g x4팩) 스테비아 대추방울토마토 | 우리 10,920 → 네이버 비슷(10,800)
✓ [gmarket] 농가살리기 푸짐한 맛 배터지는 고기듬뿍 감자탕 5kg(8~10인분) | 우리 19,130 → 네이버 비추(17,280)
✓ [gmarket] (신선집중) 한상궁김치 겉절이 2kg / 출고당일생산 | 우리 11,600 → 네이버 비슷(11,600)
✓ [gmarket] 프로즌 원팩 마라탕(보통맛) 1팩 + 1팩 (450g x 2팩) | 우리 12,890 → 네이버 추천(15,200)
✓ [11st] 드빈치 자연방목 유기농 아기치즈 60매/1/2/3단계 | 우리 20,970 → 네이버 추천(26,900)
✓ [11st] 100% 국내 자연산 통영 자연산 싱싱 돌문어 1kg (1-4미내외) | 우리 18,900 → 네이버 비추(15,900)
✓ [11st] 하이트진로 블랙보리 무라벨, 520ml, 20개 | 우리 15,500 → 네이버 비추(9,700)
✓ [11st] 맥콜 제로 250ml X 60캔 + 아이스볼 메이커 | 우리 21,900 → 네이버 비슷(21,500)
✓ [coupang] 치잇데이 바로먹는 풀드 닭가슴살 오리지널맛 100g + 매콤양념치킨맛 | 우리 11,800 → 네이버 추천(14,790)
✓ [coupang] 오프라이스 생새우살 51~70미 (냉동), 510g(중), 1팩 | 우리 12,900 → 네이버 비슷(13,150)
✓ [coupang] ELLE PARIS PDRN 콜라겐 녹는실 탄력 앰플, 1개, 100 | 우리 9,990 → 네이버 추천(11,180)
✓ [coupang] 토니모리 그린티 수분 클렌징 티슈 세트, 100매입, 2개 | 우리 11,900 → 네이버 추천(14,430)

판정 15/102 (15%) · DB기록 102건
✓ [gmarket] 단독 최저가 (멕시카나치킨) 1989오리진후라이드+콜라1.25L | 우리 14,600 → 네이버 비슷(14,600)
✓ [gmarket] 쟌슨빌 클래식 200x3 + 쟌슨빌 마일드 200gx3 | 우리 13,640 → 네이버 비슷(13,640)
✓ [gmarket] 닥터올가 나이아신아마이드 N 트라넥삼산 7일 기미 잡티 앰플 50ml | 우리 17,910 → 네이버 추천(25,350)
✓ [gmarket] (신선집중) 본가명인 국내산 배추김치 포기김치 10kg 전재료 100 | 우리 29,920 → 네이버 비슷(29,920)
✓ [gmarket] 깨끗한나라 순수시그니처 화장지 브라운 30m 30롤 2팩+네이버 1천 | 우리 25,900 → 네이버 비추(25,300)
✓ [gmarket] 달콤한 토망고 2kg (500g x4팩) 스테비아 대추방울토마토 | 우리 10,920 → 네이버 비슷(10,800)
✓ [gmarket] 농가살리기 푸짐한 맛 배터지는 고기듬뿍 감자탕 5kg(8~10인분) | 우리 19,130 → 네이버 비추(17,280)
✓ [11st] 아이오페 맨 올데이 퍼펙트 올인원, 120ml, 1개+증정 | 우리 28,500 → 네이버 비추(19,960)
✓ [11st] 100% 국내 자연산 통영 자연산 싱싱 돌문어 1kg (1-4미내외) | 우리 18,900 → 네이버 비추(15,900)
✓ [11st] [품질보장] 국내산 활 쭈꾸미 서해안 알배기 생물 급냉 냉동 쭈꾸미  | 우리 23,910 → 네이버 비추(12,900)
✓ [11st] 하이트진로 블랙보리 무라벨, 520ml, 20개 | 우리 15,500 → 네이버 비추(10,300)
✓ [11st] 맥콜 제로 250ml X 60캔 + 아이스볼 메이커 | 우리 21,900 → 네이버 비슷(21,500)
✓ [11st] [1+1+1] 현대약품 마이녹셀 스칼프 인텐시브 탈모 앰플 60ml  | 우리 22,410 → 네이버 비추(11,000)
✓ [coupang] 치잇데이 바로먹는 풀드 닭가슴살 오리지널맛 100g + 매콤양념치킨맛 | 우리 11,800 → 네이버 추천(14,790)
✓ [coupang] 오프라이스 생새우살 51~70미 (냉동), 510g(중), 1팩 | 우리 12,900 → 네이버 비슷(13,150)
✓ [coupang] ELLE PARIS PDRN 콜라겐 녹는실 탄력 앰플, 1개, 100 | 우리 9,990 → 네이버 추천(11,180)
✓ [coupang] 토니모리 그린티 수분 클렌징 티슈 세트, 100매입, 2개 | 우리 11,900 → 네이버 추천(14,430)

판정 17/102 (17%) · DB기록 102건

판정 0/102 (0%) · DB기록 102건

판정 0/104 (0%) · DB기록 104건

판정 0/104 (0%) · DB기록 104건

판정 0/124 (0%) · DB기록 124건

판정 0/125 (0%) · DB기록 125건

판정 0/125 (0%) · DB기록 125건

판정 0/125 (0%) · DB기록 125건

판정 0/125 (0%) · DB기록 125건

판정 0/124 (0%) · DB기록 124건

판정 0/121 (0%) · DB기록 121건

판정 0/122 (0%) · DB기록 122건

판정 0/120 (0%) · DB기록 120건

판정 0/120 (0%) · DB기록 120건

판정 0/121 (0%) · DB기록 121건

판정 0/119 (0%) · DB기록 119건

판정 0/137 (0%) · DB기록 137건

판정 0/138 (0%) · DB기록 138건

판정 0/136 (0%) · DB기록 136건

판정 0/136 (0%) · DB기록 136건

판정 0/136 (0%) · DB기록 136건

판정 0/138 (0%) · DB기록 138건

판정 0/134 (0%) · DB기록 134건

판정 0/130 (0%) · DB기록 130건

판정 0/130 (0%) · DB기록 130건

판정 0/130 (0%) · DB기록 130건

판정 0/132 (0%) · DB기록 132건

판정 0/132 (0%) · DB기록 132건

판정 0/123 (0%) · DB기록 123건

판정 0/123 (0%) · DB기록 123건

판정 0/123 (0%) · DB기록 123건

판정 0/123 (0%) · DB기록 123건

판정 0/123 (0%) · DB기록 123건

판정 0/123 (0%) · DB기록 123건

판정 0/124 (0%) · DB기록 124건

판정 0/124 (0%) · DB기록 124건

판정 0/121 (0%) · DB기록 121건

판정 0/121 (0%) · DB기록 121건

판정 0/120 (0%) · DB기록 120건

판정 0/120 (0%) · DB기록 120건

판정 0/121 (0%) · DB기록 121건

판정 0/123 (0%) · DB기록 123건
