[board-auto] 시작 2026. 7. 8. 오후 12:00:01
[ingest] collected=118 inserted=6
[board-auto] 대기글 12건
^C[board-auto] 시작 2026. 7. 8. 오후 2:00:01
[ingest] collected=118 inserted=6
[board-auto] 대기글 12건
  [groq] 메밀국수 1kg 7,480원  ← 네이버최저가 7,570원(+90)
  [groq] 카드앙시엘X디바인다이나모플레임프리트 19,070원
  [groq] 펩시 제로슈거 라임 15800원
  [groq] 신라면컵 30개 12,140원  ← 네이버최저가 28,900원(+16,760)
  [groq] Call of Juarez: Gunslinger 1600원
  [groq] 신라면컵 30개 12,490원  ← 네이버최저가 31,680원(+19,070) | 카페반응 956건
  [groq] 열라면 8팩 19,950원  ← 네이버최저가 12,680원(-7,270)
  [groq] 대추방울토마토 5kg 11,990원  ← 네이버최저가 6,900원(-5,090)
  [groq] 육개장 사발면 11,850원  ← 네이버최저가 15,940원(+4,090)
  [groq] 열라면 40개 18,880원  ← 네이버최저가 12,680원(-7,270)
  [groq] 앤커 P31i 29,900원  ← 네이버최저가 39,900원(+10,000)
  [groq] 아워홈 온더고 35,110원  ← 네이버최저가 30,900원(-4,210) | 카페반응 27건
[board-auto] 완료: 발행 12건 / 재포장 8건 / 실패 0건
[board-auto] 시작 2026. 7. 8. 오후 4:00:02
[ingest] collected=118 inserted=6
[board-auto] 대기글 12건
  [groq] 밥클럽 아침밥 36개 159,000원  ← 네이버최저가 11,900원(-147,100) | 카페반응 66건
  [groq] 복숭아 1kg 10,940원  ← 네이버최저가 31,460원(+20,520)
  [groq] 포스트 아몬드 후레이크 13,980원
  [groq] 천일 김치볶음밥 14,790원  ← 네이버최저가 15,105원(+315)
  [groq] 헤지스 반팔티 75,140원  ← 네이버최저가 75,680원(+540) | 카페반응 931건
  [groq] 크리넥스 마이비데 21310원  ← 네이버최저가 1,600원(-19,710)
  [groq] 한돈 목살 1kg 15,900원  ← 네이버최저가 13,900원(-2,000) | 카페반응 747건
  [groq] 트루쿡 스텐 도마 14,500원  ← 네이버최저가 23,900원(+9,400)
  [groq] 보영만두 쫄면+군만두 16,570원  ← 네이버최저가 7,900원(-8,670) | 카페반응 68건
  [groq] 파로돈탁스 치약 6개 18,830원  ← 네이버최저가 4,670원(-14,160)
  [groq] 핫식스 30캔 15,470원  ← 네이버최저가 20,530원(+5,060)
  [groq] 칸타타파우치 20팩 8580원  ← 네이버최저가 600원(-7,980)
[board-auto] 완료: 발행 12건 / 재포장 10건 / 실패 0건
[board-auto] 시작 2026. 7. 8. 오후 6:00:01
[ingest] collected=118 inserted=6
[board-auto] 대기글 12건
  [groq] 진라면 순핫 20봉 11,840원  ← 네이버최저가 13,340원(+1,500)
  [groq] 대건명가 돼지국밥 5팩 19,620원  ← 네이버최저가 19,900원(+280) | 카페반응 33건
  [github] 상하목장 유기농 멸균 우유 48팩 25,940원  ← 네이버최저가 19,140원(-6,800) | 카페반응 19건
  [github] 라운드핏 듀얼 보조배터리 20000mAh 8,720원  ← 네이버최저가 18,900원(+10,180)
  [github] 1+1 프리미엄 메모리폼 경추 베개 34,900원  ← 네이버최저가 19,900원(-15,000)
  [github] 동원참치 라이트스탠다드 20캔 26,870원  ← 네이버최저가 19,500원(-7,370)
  [github] 100% NFC 착즙 보넬드 당근주스 3병 24,900원  ← 네이버최저가 27,880원(+2,980)
  [github] ETENWOLF 에텐울프 Zephyr S3 에어펌프 41,900  ← 네이버최저가 106,800원(+64,900)
  [github] 테이크핏 단백질 음료 250mlx 26,510원
  [github] 오트몬드 저당 언스위트 190ml x 24팩 8,980원  ← 네이버최저가 6,100원(-2,880)
  [github] 락토핏 골드 유산균 300포 37,500원  ← 네이버최저가 9,640원(-27,860)
  [github] 네파 클라라 하이킹 초경량 슬립온 34,620원  ← 네이버최저가 34,500원(-120)
[board-auto] 완료: 발행 12건 / 재포장 8건 / 실패 0건
[board-auto] 시작 2026. 7. 8. 오후 8:00:08
[ingest] collected=118 inserted=6
[board-auto] 대기글 12건
  [groq] 와이드 제습제 24개입 14,870원  ← 네이버최저가 12,370원(-2,500)
  [groq] 육즙교자 8팩 21,420원  ← 네이버최저가 29,700원(+8,280)
  [groq] 보양옥 올갱이해장국 12,200원  ← 네이버최저가 10,140원(-2,060)
  [groq] 국산 배추김치 10kg 22,370원  ← 네이버최저가 12,900원(-9,470) | 카페반응 25건
  [groq] SKT 평생 6GB 300분 990원
  [groq] 미니 피자 10개 10,980원  ← 네이버최저가 6,100원(-4,880) | 카페반응 38건
  [groq] 락토핏골드 7통 50,273원
  [groq] 오미자닭갈비 15,800원
  [groq] 따옴바 아이스크림 26,490원
  [groq] 홈런볼 4번들 4팩 13,970원
  [groq] 캇예스 비건젤리 15팩 8,940원  ← 네이버최저가 3,460원(-5,480)
  [groq] 모션컴포트 아이스 릴렉스 팬츠 15,720원
[board-auto] 완료: 발행 12건 / 재포장 8건 / 실패 0건
[board-auto] 시작 2026. 7. 8. 오후 10:05:22
[board-auto] 시작 2026. 7. 9. 오전 6:00:01
[ingest] collected=118 inserted=1
[board-auto] 대기글 12건
  [groq] VOID v2 MAX RGB 129,000원
  [groq] 쉐푸드 등심 통 돈까스 2개 9,480원  ← 네이버최저가 8,480원(-1,000)
  [groq] 벤디와 어둠의 부활 90% 세일 2150원
  [groq] 컬쳐랜드 5만원권 46,080원  ← 네이버최저가 46,800원(+720) | 카페반응 4632건
  [groq] 홈런볼 16개 12,310원  ← 네이버최저가 14,600원(+2,290)
  [groq] 홈런볼 4번들 x 4팩 12,310원  ← 네이버최저가 14,600원(+2,290)
  [groq] LG OLED65G6KNA 316원  ← 네이버최저가 1,861,440원(+1,861,124)
  [groq] 고시히카리 10kg 29,820원  ← 네이버최저가 34,900원(+5,080)
  [groq] 활새우 500g 19,560원  ← 네이버최저가 15,500원(-4,060)
  [groq] S26 256GB 114114원
  [groq] 신일 선풍기 79,200원  ← 네이버최저가 89,900원(+10,700)
  [groq] 아디다스 트리온다 프로 74,400원
[board-auto] 완료: 발행 12건 / 재포장 9건 / 실패 0건
[board-auto] 시작 2026. 7. 9. 오후 12:00:02
[ingest] collected=118 inserted=6
[board-auto] 대기글 12건
  [groq] 파렌하이트 반팔티 13,050원  ← 네이버최저가 13,450원(+400)
  [groq] 로투스 비스코프 14,790원  ← 네이버최저가 1,950원(-12,840)
  [groq] 케라시스 샴푸/린스 1L 3개 14,740원  ← 네이버최저가 15,840원(+1,100)
  [groq] 국산 김치 10kg 29,900원  ← 네이버최저가 12,900원(-20,000) | 카페반응 25건
  [groq] 스륵앤 멜라토닌 5mg 30정 5,920원  ← 네이버최저가 7,900원(+1,980)
  [groq] 에어홀 남방 11,900원  ← 네이버최저가 16,640원(+4,740)
  [groq] 모어네이처 코엔자임Q10 23,900원
  [groq] 다림 영양닭죽 500g 3900원
  [groq] 삼성 로봇청소기 163원  ← 네이버최저가 25,043원(+24,880)
  [groq] 하츄핑 20개 13,480원  ← 네이버최저가 11,040원(-2,440)
  [groq] K2 머큐리 78,820원  ← 네이버최저가 80,680원(+1,860)
  [groq] G7 Pro 8K 116,100원  ← 네이버최저가 82,800원(-33,300)
[board-auto] 완료: 발행 12건 / 재포장 5건 / 실패 0건
[board-auto] 시작 2026. 7. 9. 오후 6:00:01
[ingest] collected=118 inserted=6
[board-auto] 대기글 12건
  [groq] 네파 덕다운자켓 93,600원  ← 네이버최저가 94,660원(+1,060) | 카페반응 126건
  [groq] 백진미채 1kg 18,940원  ← 네이버최저가 11,050원(-7,890)
  [groq] 블랙야크 조거팬츠 33,040원
  [groq] 뉴트리션메이트 비타민c 1000mg 4490원  ← 네이버최저가 7,830원(+3,340)
  [groq] 블랙야크 반팔티 26,800원  ← 네이버최저가 36,130원(+9,330)
  [groq] DELI 충전식 무선 전동드라이버 23,700원  ← 네이버최저가 24,210원(+510)
  [groq] 카이로 30주년 9000원
  [groq] Nexus 무료
  [groq] 황도복숭아 4KG 18,900원  ← 네이버최저가 17,960원(-940) | 카페반응 3009건
  [groq] 제주 순살갈치 5팩 19,970원  ← 네이버최저가 33,900원(+13,930)
  [groq] 복숭아 2kg 13,840원  ← 네이버최저가 12,500원(-1,340) | 카페반응 22건
  [groq] 동원 롤유부초밥 17,900원
[board-auto] 완료: 발행 12건 / 재포장 8건 / 실패 0건
[board-auto] 시작 2026. 7. 9. 오후 10:00:01
[ingest] collected=118 inserted=6
[board-auto] 대기글 12건
  [groq] 컴포트 여름 밴딩청바지 15,700원  ← 네이버최저가 10,780원(-4,920)
  [groq] 자포니카 민물장어 21,520원  ← 네이버최저가 25,500원(+3,980) | 카페반응 979건
  [groq] 맥심 카누 더블샷라떼 50T2 33,240원  ← 네이버최저가 14,000원(-19,240)
  [groq] 오뚜기 스위트콘 3개 340g 3420원  ← 네이버최저가 1,490원(-1,930) | 카페반응 30건
  [groq] 스팀 9,750원
  [groq] 스테비아 방울토마토 2kg 8,900원
  [groq] 매실청 장아찌 12,930원  ← 네이버최저가 21,100원(+8,170)
  [groq] 크리넥스 19,790원  ← 네이버최저가 17,520원(-2,270)
  [groq] 찰옥수수 2kg 10개 8,900원  ← 네이버최저가 8,900원(0)
  [groq] 블루베리퓨레 100 15포 x 3개 16,900원  ← 네이버최저가 11,810원(-5,090)
  [groq] 알리 iem,amp
  [groq] 스폰지밥: 비키니시 전쟁 150원
[board-auto] 완료: 발행 12건 / 재포장 8건 / 실패 0건
[board-auto] 시작 2026. 7. 10. 오전 6:00:01
[ingest] collected=118 inserted=2
[board-auto] 대기글 12건
  [groq] 코카콜라 60개 25,560원
  [groq] SMP 백수합체 가오갓 118,200원  ← 네이버최저가 117,150원(-1,050)
  [groq] 드래곤볼 제노버스2 2480원  ← 네이버최저가 19,900원(+17,420)
  [groq] 디올 어딕트 3개 86,250원
  [groq] The First Foreigner 무료
  [github] 얼라이브 맥스비타 트위스트샷 1+1 24,900원  ← 네이버최저가 18,900원(-6,000)
  [github] 타미힐피거 키즈 윈드브레이커 60,444원  ← 네이버최저가 55,960원(-4,484) | 카페반응 68건
  [github] 메가MGC커피 아이스 아메리카노 1,430원  ← 네이버최저가 1,690원(+190) | 카페반응 52건
  [openrouter] 루메나 무선 써큘레이터 44,900원  ← 네이버최저가 56,900원(+12,000)
  [github] 듀오링고 패밀리 슈퍼 1년 4,200원  ← 네이버최저가 7,400원(+3,200) | 카페반응 12건
  [github] [삼진어묵] 인기 모듬어묵세트 1호 9,270원  ← 네이버최저가 26,780원(+17,510)
  [github] KODAK 코닥 차메라 키체인 48,000원  ← 네이버최저가 59,000원(+11,000)
[board-auto] 완료: 발행 12건 / 재포장 4건 / 실패 0건
[board-auto] 시작 2026. 7. 10. 오후 12:00:01
[ingest] collected=118 inserted=6
[board-auto] 대기글 12건
  [skip] ppomppu-717702 — 각색 실패
  [skip] ppomppu-717701 — 각색 실패
  [skip] ppomppu-717699 — 각색 실패
  [skip] ppomppu-717700 — 각색 실패
  [skip] ppomppu-717715 — 각색 실패
  [skip] ppomppu-717713 — 각색 실패
  [skip] ppomppu-717719 — 각색 실패
  [skip] ppomppu-717717 — 각색 실패
  [skip] ppomppu-717716 — 각색 실패
  [skip] ppomppu-717718 — 각색 실패
  [skip] ppomppu-717735 — 각색 실패
  [skip] ppomppu-717734 — 각색 실패
[board-auto] 완료: 발행 0건 / 재포장 0건 / 실패 12건
[board-auto] 시작 2026. 7. 10. 오후 6:00:01
[ingest] collected=118 inserted=6
[board-auto] 대기글 12건
  [groq] 프로젝트엠 반바지 13,490원  ← 네이버최저가 14,530원(+1,040)
  [groq] 일화차시 호박팥차 14,210원  ← 네이버최저가 19,900원(+4,950)
  [groq] 토이스토리5 포토북 40% 할인
  [groq] 뼈관절연골엔 34,710원  ← 네이버최저가 41,900원(+7,190)
  [groq] 흰다리새우 18,860원  ← 네이버최저가 21,170원(+2,310) | 카페반응 777건
  [groq] 소화우유 13,520원  ← 네이버최저가 12,900원(-620)
  [groq] 팝핑 프리미엄 유산균 3,590원  ← 네이버최저가 22,000원(+18,410)
  [groq] 지마켓 16,200원 세척 사과 5kg  ← 네이버최저가 9,200원(-7,000) | 카페반응 49건
  [groq] 벨리에르 3중직 DI 냉감패드 19,900원  ← 네이버최저가 27,900원(+8,000)
  [groq] 갤럭시 s26u 256 1635630원
  [groq] 제주 은갈치 5마리 5팩 1kg 19,970원  ← 네이버최저가 15,290원(-4,680)
  [groq] 더 마데카크림 50ml 4개 26,397원  ← 카페반응 95건
[board-auto] 완료: 발행 12건 / 재포장 7건 / 실패 0건
[board-auto] 시작 2026. 7. 10. 오후 10:00:01
[ingest] collected=118 inserted=6
[board-auto] 대기글 12건
  [groq] 메가MGC커피 26% 할인
  [groq] 한돈 뒷고기 990원  ← 네이버최저가 990원(0)
  [groq] 제습제 24개 7,550원  ← 네이버최저가 19,500원(+11,950)
  [groq] 한돈 등갈비 1kg 14,440원  ← 네이버최저가 10,900원(-3,540)
  [groq] 카누 바닐라라떼 18,200원  ← 네이버최저가 21,950원(+3,750)
  [groq] 애사비 콤부차 15,770원  ← 네이버최저가 20,100원(+4,330)
  [groq] 동해 당일바리 초코오징어 16,470원  ← 네이버최저가 22,900원(+6,430)
  [groq] BENSIMON 여름팬츠 16,300원
  [groq] 스파이더 티셔츠 14,880원  ← 네이버최저가 43,470원(+28,590) | 카페반응 362건
  [groq] 통크 초코 45g 12개 9,900원  ← 네이버최저가 15,050원(+5,150)
  [groq] 갤럭시 아이폰 맥세이프 1+1 8720원  ← 네이버최저가 990원(-7,730)
  [groq] 네피 데일리 슬링백 22100원
[board-auto] 완료: 발행 12건 / 재포장 9건 / 실패 0건
[board-auto] 시작 2026. 7. 11. 오전 6:00:02
[ingest] collected=118 inserted=6
[board-auto] 대기글 12건
  [groq] 오트몬드 6900원  ← 네이버최저가 12,080원(+5,180)
  [groq] 리듬게임 80원  ← 네이버최저가 5,600원(+5,520) | 카페반응 64건
  [groq] 소니 인존 버즈 166,980원  ← 네이버최저가 204,000원(+37,020)
  [groq] 빙그레 더단백드링크 49,560원  ← 네이버최저가 29,100원(-20,460)
  [groq] 레드 데드 리뎀션2 18,250원  ← 네이버최저가 32,900원(+14,650)
  [groq] 콜오브듀티 8750원
  [groq] OLOy DDR5 32GB 5600MHz 51만
  [groq] 스위치2 12만  ← 카페반응 12건
  [groq] 도루코 페이스 스타터킷 13,800원  ← 네이버최저가 22,900원(+9,100)
  [groq] 원숭이 먹이 1,750원  ← 네이버최저가 10,850원(+9,100) | 카페반응 432건
  [groq] 루테인지아잔틴 16,500원  ← 네이버최저가 27,800원(+11,300)
  [groq] 구글플레이패스 1달
[board-auto] 완료: 발행 12건 / 재포장 4건 / 실패 0건
[board-auto] 시작 2026. 7. 11. 오후 12:00:02
[ingest] collected=118 inserted=6
[board-auto] 대기글 12건
  [groq] 도브 핸드워시 8,800원  ← 네이버최저가 11,000원(+2,200)
  [github] 스프린트 에너지 드링크 48캔 42,744원  ← 네이버최저가 17,400원(-25,344)
  [github] 샤브올데이 5만원권, 45,000원!  ← 네이버최저가 48,990원(+3,990) | 카페반응 32건
  [github] 미니 밤호박 로얄과 2kg, 7,900원  ← 네이버최저가 14,360원(+6,460) | 카페반응 459건
  [github] 제주 미니 밤호박 보우짱 로얄과 2kg, 8,010원  ← 네이버최저가 10,580원(+2,570) | 카페반응 25건
  [github] 오뚜기피자 등 네이버멤버십 쿠폰 10시, 18시
  [github] 하림 밥에 싸먹는 닭가슴살 햄 12봉 11,900원  ← 네이버최저가 16,310원(+4,410)
  [github] 한돈 1등급 삼겹살/목살/앞다리살 1kg 1.7만  ← 네이버최저가 18,500원(+540) | 카페반응 893건
  [github] 동아제약 가그린 820ml 3개 11,870원  ← 네이버최저가 12,000원(+130)
  [github] 하림 밥이보약 헤어볼 3.4kg, 30,070원  ← 네이버최저가 7,200원(-22,870) | 카페반응 361건
  [github] 미백케어 나이아신아마이드 토너 150ml 5,990원  ← 네이버최저가 8,900원(+2,910) | 카페반응 68건
  [github] 풀잎푸드 몽당간장게장 2kg 14,770원  ← 네이버최저가 27,900원(+13,130)
[board-auto] 완료: 발행 12건 / 재포장 7건 / 실패 0건
[board-auto] 시작 2026. 7. 11. 오후 6:00:02
[ingest] collected=118 inserted=6
[board-auto] 대기글 12건
  [groq] 갤럭시 S26 울트라 256GB 117.4만
  [groq] 록시땅 핸드크림/립밤 13,900원  ← 네이버최저가 23,590원(+9,690) | 카페반응 47건
  [groq] 상하목장 유기농 우유 26,560원  ← 네이버최저가 23,600원(-2,960)
  [groq] 일동후디스 우유 9,900원  ← 네이버최저가 17,480원(+7,580)
  [groq] 안동학가산 포기김치 7kg 38,900원  ← 네이버최저가 20,000원(-18,900)
  [groq] 네이버 1+1 엔코스 로션 13,800원  ← 네이버최저가 19,800원(+6,000)
  [groq] 피네로구르망 10,900원
  [groq] 제니스 프로 에어 드라이기 31,520원  ← 네이버최저가 33,950원(+2,430)
  [groq] CK 반팔 2장 39,960원  ← 네이버최저가 99,360원(+59,400)
  [groq] 신신안짜 13,320원  ← 네이버최저가 14,020원(+700)
  [groq] 레이저 바실리스크 V3 64,900원  ← 네이버최저가 79,000원(+14,100)
  [groq] 에어솔 스포츠 깔창 3개세트 7,900원  ← 네이버최저가 7,890원(-10)
[board-auto] 완료: 발행 12건 / 재포장 8건 / 실패 0건
[board-auto] 시작 2026. 7. 11. 오후 10:00:02
[ingest] collected=118 inserted=5
[board-auto] 대기글 12건
  [groq] 나랑드사이다 제로 9,827원  ← 네이버최저가 11,210원(+1,383)
  [groq] 새청무쌀 10kg 2.6만  ← 네이버최저가 26,900원(-1,092) | 카페반응 11건
  [groq] 5G 95GB 9,200원
  [groq] 동원참치 85g 1만원이상 2천원 할인
  [groq] PAT 라이크라 쿨모션 19,900원  ← 네이버최저가 19,890원(-10)
  [groq] 햇반 36개 2박스 49,039원
  [groq] 제주 미니밤호박 9,800원  ← 네이버최저가 9,800원(0)
  [groq] 더단백 18팩+18팩 42,748원  ← 네이버최저가 35,000원(-7,748)
  [groq] 완도 왕특대 활전복 1kg 20,900원  ← 네이버최저가 19,860원(-1,040) | 카페반응 209건
  [groq] 햇반 25,896원
  [groq] 쿨패치 2개입 8,900원  ← 네이버최저가 90원(-8,810)
  [groq] 아임닭 주먹밥 5팩 4,950원  ← 네이버최저가 1,700원(-3,250)
[board-auto] 완료: 발행 12건 / 재포장 8건 / 실패 0건
[board-auto] 시작 2026. 7. 12. 오전 6:00:02
[ingest] collected=118 inserted=0
[board-auto] 대기글 12건
  [groq] 테라 제로 43,680원  ← 네이버최저가 1,190원(-42,490)
  [groq] 스테비아 토마토 1만원대  ← 네이버최저가 11,900원(+1,320) | 카페반응 29건
  [groq] 비첸향 육포 미니이지 칠리 30,500원  ← 네이버최저가 27,140원(-3,360) | 카페반응 11건
  [groq] 네이버페이 카페 결제 500원 적립  ← 카페반응 56건
  [groq] 득근파티 스팀닭가슴살 18팩 22,610원
  [groq] 제주 삼다수 9484원  ← 네이버최저가 12,970원(+3,486)
  [groq] 알바레즈 올리브오일 3개 30,020원  ← 네이버최저가 34,400원(+4,380)
  [groq] 국산 차량용 방향제 3,900원  ← 네이버최저가 2,590원(-1,310)
  [groq] 메종마르지엘라 69,900원
  [groq] 하겐다스 바 9개 25,460원  ← 네이버최저가 35,400원(+9,940)
  [groq] 삼다수 2L 12병 9900원
  [groq] 지프 아이템 19,840원  ← 네이버최저가 17,150원(-2,690)
[board-auto] 완료: 발행 12건 / 재포장 6건 / 실패 0건
[board-auto] 시작 2026. 7. 12. 오후 12:00:02
[ingest] collected=118 inserted=6
[board-auto] 대기글 12건
  [groq] 스테비아토마토 500g 4팩 9013원  ← 네이버최저가 3,500원(-5,513)
  [groq] 크리넥스 3겹 24롤x2팩 24,900원  ← 네이버최저가 32,210원(+7,310)
  [groq] 원할머니 명품육개장 2400원  ← 네이버최저가 17,500원(-6,866)
  [groq] 와일드팬츠 1+1 22,410원
  [groq] 7GB 알뜰요금제 8개월무료
  [groq] 미백찰옥수수 15개 7,900원  ← 네이버최저가 8,700원(-200)
  [groq] 오뚜기 가뿐한끼 19,837원  ← 네이버최저가 23,900원(+4,063)
  [groq] 펩시 제로슈거 라임 60캔 22,870원  ← 네이버최저가 39,190원(+16,320)
  [groq] 휴비스 듀라론 57,400원  ← 네이버최저가 41,900원(-15,500)
  [groq] 에디션 쿨맥스 21,120원
  [groq] 스팸 5개 34,468원  ← 네이버최저가 16,640원(-17,828)
  [groq] 메가커피 20% 할인
[board-auto] 완료: 발행 12건 / 재포장 9건 / 실패 0건
[board-auto] 시작 2026. 7. 12. 오후 6:00:02
[ingest] collected=118 inserted=6
[board-auto] 대기글 12건
  [groq] 오뚜기 진비빔면 4,650원  ← 네이버최저가 7,280원(+2,630)
  [groq] 스위치2+NS2 게임+케이스 759,600원
  [groq] 에버데이 이온 11,920원
  [groq] 후레쉬베리 등 36P 12,130원
  [groq] 마이클 잭슨 문워크 104,000원
  [groq] 쟌슨빌 소시지 1670g 2종 22800원
  [groq] 조이 음성자유 5GB 1,190원
  [groq] 채선당 밀키트 6종 4인분 19,800원  ← 네이버최저가 27,450원(+7,650)
  [groq] 제주 초당옥수수 5개 5,850원  ← 네이버최저가 10,900원(+5,050)
  [groq] 항균 누빔 침대패드 8,930원
  [groq] 듀라맥스 쿨링패드 25,978원  ← 네이버최저가 30,060원(+4,082)
  [groq] 마니커 케이준치킨 2kg 17,980원  ← 네이버최저가 22,500원(+4,520)
[board-auto] 완료: 발행 12건 / 재포장 7건 / 실패 0건
[board-auto] 시작 2026. 7. 12. 오후 10:00:02
[ingest] collected=118 inserted=6
[board-auto] 대기글 12건
  [groq] 켈로그 저당 그래놀라 360g 2+1 11,420원  ← 네이버최저가 14,900원(+3,480)
  [groq] 서문시장 칼제비 400g 3봉 6,970원  ← 네이버최저가 10,500원(+3,530)
  [groq] 롯데온 우리 한돈 냉장 삼겹살 500g 11,720원  ← 네이버최저가 16,900원(+5,180) | 카페반응 121건
  [groq] 빕스 살치살 스테이크+폭립 19,820원  ← 네이버최저가 37,572원(+17,752)
  [groq] 코주부 징기스칸 23,800원  ← 네이버최저가 49,400원(+25,600)
  [groq] 롯데샌드 315g 4개 11,830원  ← 네이버최저가 3,040원(-8,790)
  [groq] G7 Pro 107,100원  ← 네이버최저가 169,000원(+61,900)
  [groq] SRC 스위트 망고스틱 36,900원  ← 네이버최저가 32,900원(-4,000)
  [groq] 국산 1등급 소고기 600g 23,075원  ← 네이버최저가 29,900원(+6,825) | 카페반응 2385건
  [groq] 로지텍 M340 19,900원  ← 네이버최저가 19,900원(0)
  [groq] 대석자두 4kg 17,970원  ← 네이버최저가 10,800원(-7,170) | 카페반응 48건
  [groq] 자체발열 다운펌 29,350원
[board-auto] 완료: 발행 12건 / 재포장 5건 / 실패 0건
[board-auto] 시작 2026. 7. 13. 오전 6:00:02
[ingest] collected=118 inserted=1
[board-auto] 대기글 12건
  [groq] 샤오미 핸디형 선풍기 43,900원  ← 네이버최저가 16,600원(-27,300)
  [groq] 엑스컴 2 3670원  ← 네이버최저가 3,280원(-390)
  [groq] 망고복숭아 2kg 11,500원  ← 네이버최저가 12,500원(+1,000)
  [groq] 햇썹 반건조 참가지미 15마리 27,670원  ← 네이버최저가 24,750원(-2,920)
  [groq] 메가MGC커피 20% 할인  ← 네이버최저가 2,640원(+240)
  [groq] 블랙야크 롱벤치다운 11만대  ← 네이버최저가 114,480원(-130)
  [groq] 쿨 비즈 17,400원  ← 네이버최저가 9,900원(-7,500)
  [groq] 전복1kg 15,240원  ← 네이버최저가 27,900원(+12,660) | 카페반응 42875건
  [groq] 우렁이 쌀 청주 14도 500ml x2병 25% 할인
  [groq] 후디스 그릭요거트 3개 10,750원  ← 네이버최저가 12,280원(+1,530)
  [groq] 미백찰옥수수 9,200원  ← 네이버최저가 10,500원(+1,300)
  [groq] 잘풀리는집 키친타올 11,133원  ← 네이버최저가 9,220원(-1,913) | 카페반응 14건
[board-auto] 완료: 발행 12건 / 재포장 8건 / 실패 0건
[board-auto] 시작 2026. 7. 13. 오후 12:00:02
[ingest] collected=118 inserted=6
[board-auto] 대기글 12건
  [groq] 포스트 그래놀라 3개+씨리얼 14,690원  ← 네이버최저가 14,230원(-460)
  [groq] 알뜰 무제한 100GB+5 11000원
  [groq] 애플워치용 앤커 파워뱅크 25000mAh 165w 4만9천원
  [groq] 사조참치 20,420원  ← 네이버최저가 1,120원(-19,300) | 카페반응 19건
  [groq] 포카리스웨트 340ml 48캔 23,300원  ← 네이버최저가 30,600원(+7,300)
  [groq] 씨게이트 외장SSD 1TB 219,000원  ← 네이버최저가 259,000원(+40,000)
  [groq] Silence 무료
  [groq] 산타바바라 폴로 7,150원  ← 네이버최저가 9,350원(+2,200)
  [groq] 저온압착 참기름 2개 12,920원  ← 네이버최저가 8,900원(-4,020) | 카페반응 50건
  [groq] 맘스럽 물티슈 7990원
  [groq] 팬톤 25W 듀얼포트 4,900원  ← 네이버최저가 6,000원(+1,100)
  [groq] 대림바스 직수 비데 160,500원  ← 네이버최저가 201,100원(+59,550)
[board-auto] 완료: 발행 12건 / 재포장 6건 / 실패 0건
[board-auto] 시작 2026. 7. 13. 오후 6:00:02
[ingest] collected=118 inserted=5
[board-auto] 대기글 12건
  [groq] QCY C30S 39,557원  ← 네이버최저가 39,429원(-128)
  [groq] 아이패드 노트북 충전기 14,450원  ← 네이버최저가 14,250원(-200)
  [groq] 보위 MC2 4.7만
  [groq] POLVCDG 수영 이어폰 45,696원  ← 네이버최저가 49,870원(+4,174)
  [groq] Shipadoo 게이밍 키보드 마우스 세트 16,898원  ← 네이버최저가 18,800원(+1,902)
  [groq] 태블릿 키보드 15,750원  ← 네이버최저가 15,280원(-470)
  [groq] 호두나무 LED 펜던트 31만  ← 네이버최저가 100,220원(-213,380)
  [groq] 로지텍 무선 마우스 키보드 USB 수신기 15,500원  ← 네이버최저가 13,250원(-2,250)
  [groq] QCY C50 41,049원  ← 네이버최저가 33,600원(-7,449)
  [groq] QCY 크로스키 C30 28,071원  ← 네이버최저가 27,151원(-920)
  [groq] 네온 사인 LED 42,600원  ← 네이버최저가 42,100원(-500)
  [groq] SHARGE 140W GaN 충전기 80,200원  ← 네이버최저가 75,600원(-4,600)
[board-auto] 완료: 발행 12건 / 재포장 12건 / 실패 0건
[board-auto] 시작 2026. 7. 13. 오후 10:00:02
[ingest] collected=118 inserted=5
[board-auto] 대기글 12건
  [groq] 네이처하이크 텐트 144,582원
  [groq] 실리콘 주걱 8,530원
  [groq] Sonuto 캠핑 텐트 49,082원  ← 네이버최저가 49,182원(+100)
  [groq] 쿠디 에어 텐트 3,594,600원  ← 네이버최저가 1,679,000원(-1,915,600)
  [groq] 샤오미 스마트워치 27,250원  ← 네이버최저가 29,600원(+2,350)
  [groq] 럭셔리 글램핑 텐트 226만6천6백원  ← 네이버최저가 1,502,130원(-764,470)
  [groq] 샤오미 밴드10 114,917원  ← 네이버최저가 105,760원(-9,157)
  [groq] 4G 스마트 워치 68,900원  ← 네이버최저가 21,300원(-47,600)
  [groq] HAYLOU Solar Ultra 70,920원
  [groq] 야외 캠핑 텐트 30,772원  ← 네이버최저가 33,200원(+2,428) | 카페반응 34건
  [groq] G.L 웨어 신형 스마트 워치 14,800원
  [groq] 정통 우한 오일덤플링 9,160원  ← 네이버최저가 15,220원(+6,060)
[board-auto] 완료: 발행 12건 / 재포장 12건 / 실패 0건
[board-auto] 시작 2026. 7. 14. 오전 6:00:02
[ingest] collected=118 inserted=5
[board-auto] 대기글 12건
  [groq] GEOID CC600/CC700 73,700원  ← 네이버최저가 72,700원(-1,000)
  [groq] 고양이 강아지 스웨터 5,870원  ← 네이버최저가 5,770원(-100) | 카페반응 22건
  [groq] PJT 초경량 헬멧 12,075원  ← 네이버최저가 12,450원(+375)
  [groq] XOSS G2 Plus 36,000원  ← 네이버최저가 46,530원(+10,530)
  [groq] Toptrek 자전거 커버 12,949원  ← 네이버최저가 13,950원(+1,001)
  [groq] 성견의류 22,250원
  [groq] SAMOLLA 낚시 도구 3,900원  ← 네이버최저가 10,800원(+6,900)
  [groq] 실리콘 주방 조리기구 15개 14,126원  ← 네이버최저가 13,420원(-706)
  [groq] 실리콘 주방용품 11,200원  ← 네이버최저가 11,050원(-150)
  [groq] 산악 자전거 헬멧 58,500원  ← 네이버최저가 57,800원(-700)
  [groq] 논스틱 마이판 12종 세트 18,550원  ← 네이버최저가 17,300원(-1,250)
  [groq] 4,140원 애완동물 장화  ← 네이버최저가 10,700원(+6,560)
[board-auto] 완료: 발행 12건 / 재포장 12건 / 실패 0건
[board-auto] 시작 2026. 7. 14. 오후 12:00:02
[ingest] collected=118 inserted=6
[board-auto] 대기글 12건
  [openrouter] 하림펫푸드 밥이보약 고양이 사료 3.4kg+하루양갱 7개 31,  ← 네이버최저가 22,840원(-8,490)
  [openrouter] 오븐에 구운 도넛 10개입 x2박스 9,900원  ← 네이버최저가 9,500원(-400)
  [openrouter] 아이러브베베 아이보리 아기물티슈 72매 10팩+10팩 13,80  ← 네이버최저가 14,870원(+1,070)
  [openrouter] 베베앙 시그니처 아기물티슈 캡형 100매 10캡 14,500원  ← 네이버최저가 14,900원(+400)
  [groq] 배럴 서퍼 아쿠아 슈즈 31,810원  ← 네이버최저가 35,190원(+3,380)
  [openrouter] 캘빈클라인 남자 팬티 3개 세트 2.9만원대  ← 네이버최저가 23,800원(-6,000)
  [openrouter] NEW 카스제로 0.00 350ml 24캔 15,800원  ← 네이버최저가 20,700원(+4,900)
  [openrouter] 금 한 돈 부터 최소 메가커피쿠폰 100% 당첨!
  [openrouter] 옷장 옷걸이형 습기제거제 250g 10개입 9,900원  ← 네이버최저가 12,900원(+3,000) | 카페반응 181건
  [openrouter] 화이트울프 다회용 EVA 우비 5,800원  ← 네이버최저가 5,900원(+100)
  [openrouter] 큐펠 초고농축 캡슐세제 딥클린 100개입 에이프릴향 10,360  ← 네이버최저가 13,950원(+3,590)
  [openrouter] MSI322URQD-OLED4K240HZ32인치모니터1,346,  ← 네이버최저가 1,468,470원(+121,680)
[board-auto] 완료: 발행 12건 / 재포장 6건 / 실패 0건
[board-auto] 시작 2026. 7. 14. 오후 6:00:02
[ingest] collected=118 inserted=6
[board-auto] 대기글 12건
  [groq] 볶음김치 1kg 7360원  ← 네이버최저가 1,570원(-5,790)
  [groq] 제스프리 골드키위 3kg 20,640원  ← 네이버최저가 7,900원(-12,740) | 카페반응 79건
  [groq] 황도복숭아 4kg 13,900원  ← 네이버최저가 9,900원(-4,000)
  [groq] 미즈노 쿨토시 3팩 11,900원  ← 네이버최저가 16,590원(+4,690)
  [groq] 서울멸균우유 1000ml 16,400원  ← 네이버최저가 11,600원(-4,800)
  [groq] 남성 쿨 드로즈 3매 세트 15,840원  ← 네이버최저가 1,300원(-14,540)
  [groq] 매일두유 고단백 190ml 24팩 14,320원  ← 네이버최저가 12,460원(-1,860)
  [groq] 오리온 미니스낵박스 17,200원  ← 네이버최저가 14,400원(-2,800)
  [groq] AGVAKLD 아이폰17프로 맥세이프 8,800원  ← 네이버최저가 10,800원(+2,000)
  [groq] 샹떼클레어 1140ml 12,390원  ← 네이버최저가 9,970원(-2,420)
  [groq] 스팀 세키로 GOTY 27,700원  ← 네이버최저가 22,700원(-5,000)
  [groq] 헤지스 반팔 54원  ← 네이버최저가 61,300원(+61,246) | 카페반응 168건
[board-auto] 완료: 발행 12건 / 재포장 8건 / 실패 0건
[board-auto] 시작 2026. 7. 14. 오후 10:00:02
[ingest] collected=118 inserted=6
[board-auto] 대기글 12건
  [groq] 보랄 선풍기 69,660원  ← 네이버최저가 89,800원(+20,140)
  [groq] 멜라토닌 5mg 30정 9,800원  ← 네이버최저가 9,900원(+100)
  [groq] 풀무원 하루귀리 1.5L 12병 5,990원
  [groq] 육식토끼 32,900원  ← 네이버최저가 960원(-31,940) | 카페반응 18건
  [groq] 아그로수퍼 고원돈 벽돌삼겹살 1kg 16,960원  ← 네이버최저가 21,980원(+5,020)
  [groq] 지오다노 체크셔츠 25,800원  ← 네이버최저가 27,370원(+1,570)
  [groq] 밥이보약 3.4kg+하루양갱 32,300원  ← 카페반응 28건
  [groq] 쿤달 4종 500ml 4개 25,200원  ← 네이버최저가 29,400원(+4,200)
  [groq] 대구 서문시장 칼국수 5,900원  ← 네이버최저가 16,900원(+11,000)
  [groq] 탑텐키즈 88종 1,710원
  [groq] 르꼬끄 백팩 23L / 27L 48,420원  ← 네이버최저가 31,980원(-16,440)
  [groq] 복숭아 4kg 21,620원  ← 네이버최저가 20,320원(-1,300)
[board-auto] 완료: 발행 12건 / 재포장 5건 / 실패 0건
[board-auto] 시작 2026. 7. 15. 오후 12:00:01
[ingest] collected=118 inserted=6
[board-auto] 대기글 12건
  [groq] 오뚜기밥 690원대  ← 네이버최저가 23,900원(-1,176)
  [groq] PAT 쿨핏 냉감 면스판 치노 20,800원  ← 네이버최저가 20,800원(0)
  [groq] 에이모바일 20GB 110원
  [groq] 질레트 면도날 12입 30,269원
  [groq] 도브 바디워시 3개 15,770원  ← 네이버최저가 14,060원(-1,710) | 카페반응 142건
  [groq] KC인증 1+1 9,440원  ← 네이버최저가 4,890원(-4,550)
  [groq] 나랑드사이다 345ml x 24개 8,707원  ← 네이버최저가 16,800원(+8,093)
  [groq] 오뚜기 파스타소스 13,027원  ← 네이버최저가 18,110원(+5,083)
  [groq] 산파트리지오 올리브유 2개 17,900원  ← 네이버최저가 13,310원(-4,590)
  [groq] 모션 센서 LED 조명 3,800원  ← 네이버최저가 3,780원(-20)
  [groq] 로지텍 무선 키보드 마우스 49,498원  ← 네이버최저가 13,150원(-36,348)
  [groq] 스마트워치 9,830원  ← 네이버최저가 179,000원(+169,170)
[board-auto] 완료: 발행 12건 / 재포장 9건 / 실패 0건
[board-auto] 시작 2026. 7. 15. 오후 6:00:01
[ingest] collected=118 inserted=6
[board-auto] 대기글 12건
  [groq] COEX 아쿠아리움 18,500원  ← 네이버최저가 27,000원(+8,500) | 카페반응 32건
  [groq] 버뮤다랩 핸디선풍기 1+1 25,475원  ← 네이버최저가 29,520원(+4,045)
  [groq] Portal 2 2,200원  ← 네이버최저가 11,400원(+9,200)
  [groq] 슈가데일베이컨 2개 13,700원  ← 네이버최저가 6,300원(-7,400)
  [groq] 에버레디 AA 20개 7,800원  ← 네이버최저가 7,900원(+100)
  [groq] 네이처하이크 텐트 262,000원  ← 네이버최저가 233,750원(-28,250)
  [groq] 실리콘 조리 도구 세트 16,300원  ← 네이버최저가 85,500원(+69,200)
  [groq] LEIBOO 공기압축기 15,906원  ← 네이버최저가 22,440원(+6,534)
  [groq] 미홀 스마트 쓰레기통 15L 79,000원  ← 네이버최저가 29,400원(-49,600)
  [groq] 니트릴장갑 200매 13,900원  ← 네이버최저가 4,500원(-9,400)
  [groq] LG 휘센 189원  ← 네이버최저가 1,500,000원(+1,499,811)
  [groq] 너즈 구미 4+4입 21,750원  ← 네이버최저가 11,070원(-10,680)
[board-auto] 완료: 발행 12건 / 재포장 4건 / 실패 0건
[board-auto] 시작 2026. 7. 15. 오후 10:00:01
[ingest] collected=118 inserted=4
[board-auto] 대기글 12건
  [groq] 테슬라 반바지 15,510원  ← 네이버최저가 11,800원(-3,710)
  [groq] 코인육수 130정 12,400원  ← 네이버최저가 13,890원(+1,490)
  [groq] 1+한우암소 8330원  ← 네이버최저가 16,500원(+8,170) | 카페반응 522건
  [groq] 백찰옥수수 10개 10,900원  ← 네이버최저가 10,900원(0)
  [groq] 기정떡 2종 택1 9,970원  ← 네이버최저가 13,480원(+3,510)
  [groq] 서울우유 1L 10개 16,400원  ← 네이버최저가 19,900원(+3,500)
  [groq] 티트리트 푸룬 24,700원  ← 네이버최저가 19,490원(-5,210)
  [groq] 햇당근 쥬스용 10kg 6970원  ← 네이버최저가 7,900원(+930)
  [groq] 도루코 페이스6 21,180원  ← 네이버최저가 25,770원(+1,790)
  [groq] 25년 햇사과즙 120ml 30봉 14,560원  ← 네이버최저가 15,370원(+810)
  [groq] 파워에이드 600ml 20+900ml 12입  ← 네이버최저가 18,870원(-7,971)
  [groq] 레인OK 발수와이퍼 2대분 19,000원
[board-auto] 완료: 발행 12건 / 재포장 6건 / 실패 0건
[board-auto] 시작 2026. 7. 16. 오전 6:00:01
[ingest] collected=118 inserted=2
[board-auto] 대기글 12건
  [groq] 대패삼겹살 1kg 15,210원  ← 네이버최저가 12,690원(-2,520) | 카페반응 82건
  [groq] 싱크대 물막이 9,800원  ← 네이버최저가 12,000원(+2,200)
  [groq] 수비드 마스터 통 족발 13,800원  ← 네이버최저가 15,950원(+2,150)
  [groq] 모둠 잡채 500g 2팩 12,890원  ← 네이버최저가 11,500원(-1,390)
  [groq] 강화섬쌀 20kg 1포 69,210원  ← 네이버최저가 25,590원(-43,620)
  [groq] 리얼통살 새우까스 15,900원  ← 네이버최저가 8,800원(-7,100)
  [groq] 투움바빠네파스타 2인분 8,400원  ← 네이버최저가 9,800원(+1,400)
  [groq] 스마일 바디워시 3개 10,700원  ← 네이버최저가 17,600원(+6,900)
  [groq] 미니밤호박 특품 3kg 9,820원  ← 네이버최저가 8,100원(-1,720) | 카페반응 80건
  [groq] 폴햄 반바지 12,140원  ← 네이버최저가 6,440원(-5,700)
  [groq] 1+1 11,750원 반팔티  ← 네이버최저가 18,900원(-4,600) | 카페반응 12건
  [groq] 포에버21 드로즈 1,500원  ← 네이버최저가 9,400원(+7,900)
[board-auto] 완료: 발행 12건 / 재포장 6건 / 실패 0건
[board-auto] 시작 2026. 7. 16. 오후 12:00:01
[ingest] collected=118 inserted=6
[board-auto] 대기글 12건
  [groq] 믈레폴 와치아테 1L 12개 18,500원  ← 네이버최저가 34,100원(+15,600)
  [groq] 그레이트 카무트 22,900원
  [groq] 스낵면 40입 18,790원
  [groq] 고밀도 메모리폼 42,930원  ← 네이버최저가 29,050원(-13,880)
  [groq] 파이널판타지 택틱스 59,800원  ← 네이버최저가 59,800원(0) | 카페반응 12건
  [groq] 질레트랩스 37,740원
  [groq] 냉장 흑돼지 구이살 250g 1,490원  ← 네이버최저가 1,490원(0) | 카페반응 1729건
  [groq] 열무김치 5kg 17,940원  ← 네이버최저가 18,900원(+960)
  [groq] 렉사 512GB 13만
  [groq] HTC NE20 23,600원  ← 네이버최저가 37,000원(+13,400)
  [groq] 쿠나처리 에어펌프 20,603원  ← 네이버최저가 20,472원(-131)
  [groq] Tattoo Tycoon 0원
[board-auto] 완료: 발행 12건 / 재포장 7건 / 실패 0건
[board-auto] 시작 2026. 7. 16. 오후 6:00:02
[ingest] collected=118 inserted=6
[board-auto] 대기글 12건
  [groq] 홀리닭 한돈한우 함박스테이크 1kg 9,990원  ← 네이버최저가 11,240원(+1,250)
  [groq] KBO 기념 우표 25,390원
  [groq] 에코사인 제습기 17L 119,000원  ← 네이버최저가 173,120원(+54,120)
  [openrouter] MSI MP242A E2 IPS 120 모니터 99,930원  ← 네이버최저가 129,000원(+29,070)
  [openrouter] 한성기업 매콤 불고기맛 후랑크 80g 10개 x 2세트 10,8  ← 네이버최저가 16,400원(+5,600)
  [openrouter] 미니언즈 메가박스 예매권 28,000원  ← 네이버최저가 7,900원(-20,100)
  [openrouter] 본죽 냉장 통 닭다리 백숙 죽 600g 5팩 28,440원  ← 네이버최저가 16,190원(-12,250)
  [openrouter] 농심 신라면 120g*4개 27,850원  ← 네이버최저가 2,950원(-24,900)
  [openrouter] 산사춘 375ml 6입 18,770원 할인!  ← 네이버최저가 23,310원(+3,560)
  [openrouter] 바베큐용 통삼겹살 2KG 19,800원  ← 네이버최저가 8,900원(-10,900)
  [openrouter] [HD 화면 자막] HTC 이어폰 V6 26,050원  ← 네이버최저가 21,450원(-4,600)
  [openrouter] Ipad 노트북용 GaN 충전기 65W 15,100원  ← 네이버최저가 14,150원(-950)
[board-auto] 완료: 발행 12건 / 재포장 8건 / 실패 0건
[board-auto] 시작 2026. 7. 16. 오후 10:00:01
[ingest] collected=118 inserted=6
[board-auto] 대기글 12건
  [groq] 큐피드 우양산+장우산 1+1 39,800원
  [groq] 사조대림 어묵바 20개 13,900원  ← 네이버최저가 15,790원(+1,890)
  [groq] 서울 멸균우유 14,400원
  [groq] 맥심 모카골드 40,590원  ← 네이버최저가 52,840원(+12,250)
  [groq] 액츠 실내건조 3L 3개+200ml 2개 27,810원  ← 네이버최저가 13,205원(-14,605)
  [groq] 탐진강 새청무쌀 10kg 29,340원  ← 네이버최저가 31,950원(+2,610)
  [groq] LG 2in1에어컨 1,547,000원  ← 네이버최저가 1,489,000원(-58,000)
  [groq] 순수원물브러쉬 50P 17,950원  ← 네이버최저가 24,000원(+5,100)
  [skip] ppomppu-719205 — 각색 실패
  [skip] ppomppu-719202 — 각색 실패
  [skip] ppomppu-719201 — 각색 실패
  [skip] ppomppu-719200 — 각색 실패
[board-auto] 완료: 발행 8건 / 재포장 3건 / 실패 4건
[board-auto] 시작 2026. 7. 17. 오전 6:00:01
[ingest] collected=118 inserted=2
[board-auto] 대기글 12건
  [groq] 지오지아 스트레치 27,720원  ← 네이버최저가 30,270원(+2,550)
  [groq] 남녀공용 카고팬츠 10,900원  ← 네이버최저가 14,800원(+3,900)
  [groq] 빕스 3종 세트 32,457원  ← 카페반응 14건
  [groq] 현대큐밍 1등급 18L 제습기 234,270원  ← 네이버최저가 269,000원(+34,730)
  [groq] 열무김치 1kg 7,100원
  [groq] 맥세이프 BLDC 손 선풍기 16,900원  ← 네이버최저가 19,900원(+3,000)
  [groq] 국산 자연산 반건조 참돔 17,800원  ← 네이버최저가 19,960원(+2,160) | 카페반응 7061건
  [groq] LG 오브제칼렉션 1,691,500원  ← 네이버최저가 1,990,000원(+298,500)
  [groq] 더치커피 1L 9900원  ← 네이버최저가 5,500원(-4,400)
  [groq] 문어 해신탕 23,900원  ← 네이버최저가 23,900원(0) | 카페반응 52건
  [groq] 블랙야크 기능성 티셔츠 3Pack 32,830원  ← 네이버최저가 49,000원(+16,170)
  [groq] 문경 오미자 닭갈비 13000원  ← 네이버최저가 24,980원(+11,980)
[board-auto] 완료: 발행 12건 / 재포장 5건 / 실패 0건
[board-auto] 시작 2026. 7. 17. 오후 12:00:02
[ingest] collected=118 inserted=6
[board-auto] 대기글 12건
  [groq] 덴비 24개 39.9만  ← 네이버최저가 74,100원(-324,900)
  [groq] 갈비명가 영양갈비탕 1kg x 4팩 42,000원  ← 네이버최저가 44,000원(+2,000) | 카페반응 15건
  [groq] 마니커 냉장 생닭 1,050g x2봉 10,960원  ← 네이버최저가 6,400원(-4,560)
  [openrouter] 맥심 T.O.P 캔커피 275ml 24캔 택1 21,540원  ← 네이버최저가 40,690원(+19,150)
  [groq] 온더고 15종세트 34,862원
  [skip] ppomppu-719311 — 각색 실패
  [openrouter] 활 고등어회 필렛 270g 21,900원  ← 네이버최저가 21,900원(0) | 카페반응 139건
  [openrouter] 하우스 수박 7~8kg 11,089원  ← 네이버최저가 10,900원(-189)
  [openrouter] 락토바이오틱스맥스 4개월분 22,900원  ← 네이버최저가 16,830원(-6,070)
  [openrouter] 대극천 반납작 복숭아 2kg 9,563원  ← 네이버최저가 8,900원(-663)
  [openrouter] 쿠디 패밀리아 17.2 에어 텐트 4,216,600원  ← 네이버최저가 4,166,800원(-49,800)
  [openrouter] 1000LM 자전거 LED 전조등 2,603원  ← 네이버최저가 9,630원(+7,027)
[board-auto] 완료: 발행 11건 / 재포장 8건 / 실패 1건
[board-auto] 시작 2026. 7. 17. 오후 6:00:01
[ingest] collected=118 inserted=6
[board-auto] 대기글 12건
  [groq] 르꼬끄 백팩 46,320원  ← 네이버최저가 49,780원(+3,460)
  [groq] 서울카페쇼 12,900원
  [groq] 아이깨끗해 핸드워시 4.5L 22,410원  ← 네이버최저가 22,100원(-310)
  [groq] 3초 떡볶이 7팩 9,900원  ← 네이버최저가 10,790원(+890)
  [groq] 앙블랑 물티슈 20팩 20,100원  ← 네이버최저가 25,000원(+4,900)
  [groq] 다우니 실내건조 19,890원  ← 네이버최저가 32,000원(+12,110)
  [groq] 밀레 시그니처 S2 32,160원  ← 네이버최저가 47,100원(+14,940)
  [groq] 육즙교자만두 16,560원  ← 네이버최저가 23,230원(+6,670)
  [groq] 인천 파라다이스시티 풀파티 67,270원  ← 네이버최저가 25,500원(-41,770)
  [groq] 250g 통닭다리 10팩 24,640원  ← 네이버최저가 12,480원(-12,160)
  [groq] 듀라셀 AA/AAA 17,080원  ← 네이버최저가 13,670원(-3,930)
  [groq] 하이언더바 양말 10켤레 7,400원  ← 네이버최저가 6,930원(-470)
[board-auto] 완료: 발행 12건 / 재포장 11건 / 실패 0건
[board-auto] 시작 2026. 7. 17. 오후 10:00:02
[ingest] collected=118 inserted=6
[board-auto] 대기글 12건
  [groq] AULA F108 pro 52,500원  ← 네이버최저가 63,900원(+11,400)
  [groq] 레몬즙 14포 4900원  ← 네이버최저가 11,400원(+6,500)
  [groq] 댕기머리 허벌티트리 10,500원  ← 네이버최저가 11,350원(+850)
  [groq] 망고복숭아 1.5kg 9,800원  ← 카페반응 48건
  [groq] 오리온 통크 초코 13,460원  ← 네이버최저가 5,200원(-8,260)
  [groq] 쿡솜씨 알고니탕 4,880원  ← 네이버최저가 10,350원(+5,470)
  [groq] 아이스큐브 쿨링 아이 마스크 4900원  ← 네이버최저가 4,900원(0) | 카페반응 18건
  [groq] 트라이 에어로쿨 5매세트 11,990원  ← 네이버최저가 16,050원(+4,060)
  [groq] 폴햄 조거/팬츠 13,490원  ← 네이버최저가 15,230원(+1,740)
  [groq] 영양 혼합잡곡 10곡 4kg 7,990원  ← 네이버최저가 4,470원(-3,520) | 카페반응 74건
  [groq] 국산 오이소박이 1kg 9,800원  ← 네이버최저가 9,400원(-400)
  [groq] 초코룹스 1+1 21,900원  ← 네이버최저가 16,900원(-5,000)
[board-auto] 완료: 발행 12건 / 재포장 6건 / 실패 0건
[board-auto] 시작 2026. 7. 18. 오전 6:00:02
[ingest] collected=118 inserted=2
[board-auto] 대기글 12건
  [groq] 박카스 얼박 12,010원  ← 네이버최저가 13,210원(+1,200)
  [groq] 털복숭아 1.5kg 11,250원  ← 네이버최저가 13,900원(+2,650) | 카페반응 13건
  [groq] 스테비아 방울 토마토 7,720원  ← 네이버최저가 9,700원(+1,980) | 카페반응 107건
  [groq] 닥터가 비타도스C1000 2,180원  ← 네이버최저가 3,900원(+1,720)
  [groq] K2 워킹화 45,780원  ← 네이버최저가 134,100원(+88,320)
  [groq] 스케쳐스키즈 55,070원
  [groq] 컨셉원 시어서커 반바지 19,900원  ← 네이버최저가 21,600원(+1,700)
  [groq] 한돈 냉장 토시살 400g 3760원  ← 네이버최저가 7,080원(+3,320) | 카페반응 13건
  [groq] 휠라 트렉슬러 36,650원  ← 네이버최저가 49,000원(+12,350)
  [groq] JMW 항공모터 드라이기 47,200원  ← 네이버최저가 62,980원(+15,780)
  [groq] 광동 옥수수수염차 14,900원  ← 네이버최저가 22,400원(+7,500)
  [groq] 게이머즈 7월호 16,670원
[board-auto] 완료: 발행 12건 / 재포장 9건 / 실패 0건
[board-auto] 시작 2026. 7. 18. 오후 12:00:02
[ingest] collected=118 inserted=6
[board-auto] 대기글 12건
  [groq] 냉각 손선풍기 9,800원  ← 네이버최저가 18,800원(+9,000)
  [groq] 펩시 제로슈거 220원대  ← 네이버최저가 34,440원(+7,600)
  [groq] 생물 오징어 15,900원  ← 네이버최저가 16,060원(+160) | 카페반응 11054건
  [groq] 저소음 선풍기 31,365원  ← 네이버최저가 39,900원(+8,535) | 카페반응 47건
  [groq] 활전복 15,600원  ← 네이버최저가 19,300원(+3,700) | 카페반응 1320건
  [groq] 광천김 김자반 4,490원  ← 네이버최저가 9,560원(+5,070)
  [groq] 도톰한 3겹 화장지 20,780원  ← 네이버최저가 13,390원(-7,390)
  [groq] 얼갈이김치+열무김치 5kg 13,900원  ← 네이버최저가 11,930원(-1,970)
  [groq] 짜왕 12개 10200원
  [groq] PAT 에어테일러 17,900원  ← 네이버최저가 17,890원(-10)
  [groq] 백설 파스타소스 4병 15,490원
  [groq] 오리온 베스트쿠키팩 20,158원  ← 네이버최저가 25,500원(+5,342)
[board-auto] 완료: 발행 12건 / 재포장 11건 / 실패 0건
[board-auto] 시작 2026. 7. 19. 오전 10:30:27
[ingest] collected=118 inserted=6
[board-auto] 대기글 12건
  [groq] 매일두유 539원  ← 네이버최저가 12,460원(-13,440)
  [groq] 토마토 2kg 6,810원  ← 네이버최저가 8,900원(+2,090) | 카페반응 40건
  [groq] 네파 아르테 네오 267,330원  ← 네이버최저가 220,430원(-46,900) | 카페반응 126건
  [groq] 저온압축 참기름 1+1 12,800원  ← 네이버최저가 13,000원(+200)
  [groq] 트레이닝 반바지 23,500원  ← 네이버최저가 42,400원(+18,900)
  [groq] 호정가 흑임자약과 1+1 17,180원  ← 네이버최저가 13,900원(-3,280)
  [groq] 과일 모찌 6개입 6종 12,000원  ← 네이버최저가 21,510원(+9,510)
  [groq] 더주부랩 무소음 자이로볼 8,850원  ← 네이버최저가 4,884원(-3,966)
  [groq] 신비복숭아 1kg 10,000원  ← 네이버최저가 18,900원(+8,900) | 카페반응 12건
  [groq] 고체탈취제 29,800원  ← 네이버최저가 18,000원(-11,800)
  [groq] 방울토마토 2kg 6,900원  ← 네이버최저가 6,900원(0)
  [groq] 듀라론 베개커버 2장 11,800원  ← 네이버최저가 13,800원(+2,000)
[board-auto] 완료: 발행 12건 / 재포장 6건 / 실패 0건
[board-auto] 시작 2026. 7. 19. 오전 10:36:12
[ingest] collected=118 inserted=6
[board-auto] 대기글 12건
  [groq] 멜라토닌 5mg 30정 9,800원  ← 네이버최저가 16,300원(+6,500)
  [groq] 썸머킹 사과 3kg 16,900원  ← 네이버최저가 11,840원(-5,060)
  [groq] 쇠고기집 VIP 28,800원  ← 네이버최저가 39,800원(+11,000)
  [groq] 국산 참다랑어 300g 19,800원  ← 네이버최저가 18,900원(-900)
  [groq] 국산 배추김치 10kg 23,770원  ← 네이버최저가 9,900원(-13,870) | 카페반응 8756건
  [groq] SEALIFE COEX 18,300원
  [groq] 올반 삼계탕 28,900원  ← 네이버최저가 18,630원(-10,270)
  [groq] 이롬 56% 할인
  [groq] 애플워치 스트랩 8,420원  ← 네이버최저가 5,900원(-2,520)
  [groq] 뉴트리션메이트 비타민c 5,590원  ← 네이버최저가 16,900원(+11,310)
  [groq] 캐치 티니핑 10,960원  ← 네이버최저가 4,460원(-6,500)
  [groq] 춘천그린식품냉장 닭다리 2kg 24,470원  ← 네이버최저가 10,500원(-13,970)
[board-auto] 완료: 발행 12건 / 재포장 6건 / 실패 0건
[board-auto] 시작 2026. 7. 19. 오후 12:00:01
[ingest] collected=118 inserted=6
[board-auto] 대기글 12건
  [groq] 레노버 온열 마사지패드 32,700원  ← 네이버최저가 25,690원(-7,010)
  [groq] 쿨 프리미엄 TR 19,200원  ← 네이버최저가 23,200원(+4,000)
  [groq] 모유 유산균 13,900원  ← 네이버최저가 7,500원(-6,400)
  [groq] 아이더 캠팩 30,550원  ← 네이버최저가 39,000원(+8,450)
  [groq] 블랙야크 반팔티 19,720원  ← 네이버최저가 21,310원(+1,590)
  [groq] 육즙교자만두 2,550원  ← 네이버최저가 28,100원(+12,000)
  [groq] 손목보호대 3,800원  ← 네이버최저가 11,700원(+7,900) | 카페반응 397건
  [groq] 피쉬 콜라겐 4,900원  ← 네이버최저가 10,500원(+5,600)
  [groq] 자연산 민어 5마리 1.4kg 22,540원  ← 카페반응 152건
  [groq] 장인의 정통 메밀소바 6인분 세트 6,620원  ← 네이버최저가 8,800원(+2,180)
  [groq] 왕타 쇼티 칫솔 12개 8,800원  ← 네이버최저가 7,505원(-1,295)
  [groq] JONR 로봇청소기 $129
[board-auto] 완료: 발행 12건 / 재포장 8건 / 실패 0건
[board-auto] 시작 2026. 7. 19. 오후 6:00:02
[ingest] collected=118 inserted=6
[board-auto] 대기글 12건
  [groq] 1:14 람보르기니 시안 25,500원  ← 네이버최저가 25,500원(0)
  [groq] 오징어 1kg 16,930원  ← 네이버최저가 16,920원(-10) | 카페반응 19건
  [groq] 크리스피 닭가슴살 100원  ← 네이버최저가 19,800원(+19,700) | 카페반응 110건
  [groq] 코카콜라 30캔 8,900원  ← 네이버최저가 8,000원(-900)
  [groq] 가정식 열무물김치 3kg 9,900원  ← 네이버최저가 9,660원(-240)
  [groq] 켈로그 오곡 첵스 9,520원  ← 네이버최저가 11,900원(+2,380)
  [groq] KeepUp Survival 무료
  [groq] 루테인지아잔틴 6박스 12,300원
  [groq] 냉동삼겹살 1+1  ← 네이버최저가 7,900원(-9,090)
  [groq] 스위치2 포켓몬 레전드 55,614원  ← 네이버최저가 55,610원(-4)
  [groq] 반건조박대 대왕10미 21,960원  ← 네이버최저가 30,900원(+8,940)
  [groq] 포코피아 번들 854600원
[board-auto] 완료: 발행 12건 / 재포장 7건 / 실패 0건
[board-auto] 시작 2026. 7. 20. 오전 8:33:42
node:internal/modules/run_main:107
    triggerUncaughtException(
    ^

[TypeError: fetch failed] {
  [cause]: Error: getaddrinfo ENOTFOUND wkkboqsbigvmtaagxcew.supabase.co
      at GetAddrInfoReqWrap.onlookupall [as oncomplete] (node:dns:122:26) {
    errno: -3008,
    code: 'ENOTFOUND',
    syscall: 'getaddrinfo',
    hostname: 'wkkboqsbigvmtaagxcew.supabase.co'
  }
}

Node.js v24.16.0
[board-auto] 시작 2026. 7. 20. 오전 8:39:37
[ingest] collected=118 inserted=1
[board-auto] 대기글 12건
  [groq] 수박팥빙수 3400원  ← 네이버최저가 7,770원(+4,370) | 카페반응 77건
  [groq] 수제돼지갈비 11,990원  ← 네이버최저가 15,900원(+3,910) | 카페반응 1032건
  [groq] 비빔면 8봉 6천원  ← 네이버최저가 6,000원(0)
  [groq] 갤럭시 버즈4 프로 232,000원  ← 네이버최저가 232,000원(0)
  [groq] 서리태가루 500g 7,640원  ← 네이버최저가 8,000원(+360)
  [groq] 에르고바디 허리보호대 29,000원  ← 네이버최저가 33,000원(+4,000)
  [groq] 필립스 라떼클래식 34만
  [groq] 이츠웰 냉동 애플망고 1kg 4,200원  ← 네이버최저가 14,190원(+9,990)
  [groq] 깨끗한나라 캡슐세제 1,000원  ← 네이버최저가 4,900원(+3,900)
  [groq] 포카칩 20,680원  ← 네이버최저가 14,750원(-5,930)
  [groq] 유그린 ANC무선 55,930원
  [groq] QCY HT19 3만원대  ← 네이버최저가 43,410원(+3,510)
[board-auto] 완료: 발행 12건 / 재포장 7건 / 실패 0건
[board-auto] 시작 2026. 7. 20. 오후 12:00:01
[ingest] collected=118 inserted=6
[board-auto] 대기글 12건
  [groq] 팸퍼스 8팩 92,270원  ← 네이버최저가 94,410원(+2,140)
  [groq] 수박 6KG 11,800원  ← 네이버최저가 15,110원(+3,310)
  [groq] 은나노스텝 올인원 12,850원  ← 네이버최저가 12,850원(0)
  [groq] 대추방울토마토 2kg 7,360원  ← 네이버최저가 3,900원(-3,460) | 카페반응 29건
  [groq] 리드볼트 쿼디 28인치 28만  ← 네이버최저가 48,900원(-231,600)
  [groq] 컬럼비아 반바지 30,150원  ← 네이버최저가 18,150원(-12,000) | 카페반응 68건
  [groq] 흑찰옥수수 10개 8,890원  ← 네이버최저가 13,320원(+4,430)
  [groq] 냉장 삼겹살 1.2kg 21,090원
  [groq] 몬스터 에너지 43,610원  ← 네이버최저가 53,170원(+9,560)
  [groq] 삼겹살 1.2kg 20,360원  ← 네이버최저가 9,500원(-10,860)
  [groq] 아이더 구스 롱패딩 171,870원
  [groq] 흰다리새우 900g+고기산적 1kg  ← 네이버최저가 11,000원(-7,500) | 카페반응 1129건
[board-auto] 완료: 발행 12건 / 재포장 8건 / 실패 0건
[board-auto] 시작 2026. 7. 20. 오후 6:00:02
[ingest] collected=118 inserted=6
[board-auto] 대기글 12건
  [groq] 오닐 비치타올 7430원  ← 네이버최저가 6,840원(-590)
  [groq] 투게더 3+2개 18,540원  ← 네이버최저가 22,990원(+4,450)
  [groq] 락토페린 5900원  ← 네이버최저가 23,790원(+17,890)
  [groq] 락토핏 코어 49,658원
  [groq] 삼다수 2L 24개 18,920원  ← 네이버최저가 12,320원(-6,600)
  [groq] 백도 복숭아 4kg 15,200원  ← 네이버최저가 14,900원(-300) | 카페반응 44건
  [groq] 포스트 아몬드후레이크 4봉 13,780원
  [groq] 알뜰요금제 100GB+5mbps 4개월 1100원
  [groq] 참맛나 참기름 2병 13,490원  ← 네이버최저가 13,990원(+500)
  [groq] 멕시카나 닭강정 4팩 22,250원  ← 네이버최저가 8,990원(-13,260) | 카페반응 2061건
  [groq] 왕문어 해신탕 4인분 29,840원  ← 네이버최저가 28,900원(-940)
  [groq] 카스 제로 350ml 24개 19,000원  ← 네이버최저가 20,700원(+1,700)
[board-auto] 완료: 발행 12건 / 재포장 7건 / 실패 0건
[board-auto] 시작 2026. 7. 20. 오후 10:00:03
[ingest] collected=118 inserted=6
[board-auto] 대기글 12건
  [groq] 탑트렉 자전거 커버 14,400원  ← 네이버최저가 22,300원(+7,900)
  [groq] Metal Soldiers 4 Pro 무료
  [groq] 파낙스엔 인지코어 229,000원  ← 네이버최저가 236,550원(+7,550)
  [groq] 카멜마운트 86인치 91923원
  [groq] ASUS ROG 1207만원
  [groq] 펩시 제로슈거 라임 26,580원
  [groq] 홈플러스 임시 휴업  ← 카페반응 389건
  [groq] 조지아 오리지널 11,930원  ← 네이버최저가 9,800원(-2,130)
  [groq] NS2 소닉 프론티어 54,800원  ← 네이버최저가 54,800원(0)
  [groq] 알리 이어폰 57회 언급  ← 카페반응 57건
  [groq] 이사금 10kg 29,890원  ← 네이버최저가 36,900원(+7,010)
  [groq] 산타바바라폴로 남성 드로즈 12,580원  ← 네이버최저가 5,760원(-6,820)
[board-auto] 완료: 발행 12건 / 재포장 9건 / 실패 0건
[board-auto] 시작 2026. 7. 21. 오전 6:00:01
[ingest] collected=118 inserted=2
[board-auto] 대기글 12건
  [groq] S.H.몬스터아츠 에반게리온 19.2만  ← 네이버최저가 152,500원(-39,500)
  [groq] 도루코 웨이브온 팬 2종 39,750원
  [groq] 닭다리 후라이드6+핫숯불바베큐6 13,750원  ← 네이버최저가 8,600원(-5,150)
  [groq] 스위치 2 본체 + 젤다 73만  ← 네이버최저가 439,060원(-293,740) | 카페반응 11건
  [groq] 몬스터 에너지 33,600원  ← 네이버최저가 28,800원(-4,800)
  [groq] 칸타타파우치 20팩 8580원  ← 네이버최저가 600원(-7,980)
  [groq] 포카칩 20봉 20,680원  ← 네이버최저가 15,360원(-5,320)
  [groq] 생활공작소 옷걸이형 제습제 11,600원  ← 네이버최저가 19,228원(+7,628)
  [groq] 떡미당 4종 9,980원
  [groq] 드빈치 아기치즈 8개+체다치즈 증정 25,020원  ← 네이버최저가 13,800원(-11,220)
  [groq] 플로라 듀라론 57,900원  ← 네이버최저가 63,900원(+6,000)
  [groq] 맥주효모 12,900원  ← 네이버최저가 19,900원(+7,000)
[board-auto] 완료: 발행 12건 / 재포장 8건 / 실패 0건
[board-auto] 시작 2026. 7. 21. 오후 12:00:01
[ingest] collected=118 inserted=6
[board-auto] 대기글 12건
  [groq] 소프트99 글라코 2종세트 26,790원  ← 네이버최저가 33,120원(+6,330)
  [groq] 토종 민물장어 1kg 21,060원  ← 네이버최저가 15,760원(-5,300) | 카페반응 38건
  [groq] 태안 생새우 1kg 27,920원  ← 네이버최저가 18,000원(-9,920)
  [groq] 버거킹 7850원
  [groq] 미홀 3세대 C77S AIR 99,000원  ← 네이버최저가 117,110원(+18,110)
  [groq] 분다버그 12입 25,900원  ← 네이버최저가 20,800원(-5,100)
  [groq] 미즈노 쿨토시 10,800원  ← 네이버최저가 13,860원(+3,060)
  [groq] 지오다노 반팔티 9,900원  ← 네이버최저가 5,990원(-3,910)
  [groq] 오므론 혈압계 69,500원  ← 네이버최저가 74,900원(+5,400)
  [groq] 손상모 케어 컨디셔너 6,900원  ← 네이버최저가 3,720원(-3,180)
  [groq] 라마즈 핑크선물세트 61,110원  ← 네이버최저가 54,900원(-6,200)
  [groq] 퀵실버 래쉬가드 19,890원  ← 네이버최저가 31,120원(+11,230)
[board-auto] 완료: 발행 12건 / 재포장 6건 / 실패 0건
[board-auto] 시작 2026. 7. 21. 오후 6:00:01
[ingest] collected=118 inserted=6
[board-auto] 대기글 12건
  [groq] 체리자두 1kg 12,900원  ← 네이버최저가 13,900원(+1,000)
  [groq] 세미 와이드 하프팬츠 10,115원  ← 네이버최저가 9,490원(-625)
  [groq] 철원오대쌀 10kg 3.9만
  [groq] 26년 햇 감자 10kg 11,030원  ← 네이버최저가 5,160원(-5,870) | 카페반응 25건
  [groq] 국산멀티탭 1+1 9,900원  ← 네이버최저가 17,800원(+7,900)
  [groq] 만토바 이탈리안 골든 16,980원  ← 네이버최저가 23,800원(+6,820)
  [groq] 10L 스마트 휴지통 14,900원  ← 네이버최저가 13,940원(-960)
  [groq] 전동 제모기 3,000원  ← 네이버최저가 14,450원(+11,450)
  [groq] 폴햄 쿨링 셔츠 9,930원  ← 네이버최저가 21,170원(+11,240) | 카페반응 20건
  [groq] 츄어블 캔디 21,800원  ← 네이버최저가 9,900원(-11,900)
  [groq] LG 2026 그램 1,539,300원  ← 네이버최저가 1,579,000원(+39,700)
  [groq] 지프 반팔티 23,000원  ← 네이버최저가 18,100원(-4,900)
[board-auto] 완료: 발행 12건 / 재포장 8건 / 실패 0건
[board-auto] 시작 2026. 7. 21. 오후 10:00:02
[ingest] collected=118 inserted=6
[board-auto] 대기글 12건
  [groq] 흑수박 7~8kg 18,900원  ← 네이버최저가 18,900원(0)
  [groq] 국산 참다랑어 필렛 300g 19,800원  ← 네이버최저가 18,330원(-1,470)
  [groq] 키친타월 5,900원  ← 네이버최저가 10,000원(+4,100)
  [groq] LG 트롬 24kg 88만  ← 네이버최저가 24,900원(-859,158) | 카페반응 3740건
  [groq] 르젠 선풍기 39,000원  ← 네이버최저가 64,700원(+25,700)
  [groq] 맥시카나치킨 15,900원
  [groq] 유가네 닭갈비 볶음밥 25,500원  ← 네이버최저가 18,700원(-6,800) | 카페반응 24건
  [groq] 10개세트 신발정리함 14,450원  ← 네이버최저가 12,650원(-1,800)
  [groq] 욕실매트 3개세트 11,480원
  [groq] 마니커 치킨텐더 2kg 17,980원  ← 네이버최저가 22,500원(+4,520)
  [groq] 네파 휘슬라이저 73,700원  ← 네이버최저가 74,250원(+550)
  [groq] 딱딱이복숭아 2kg 10900원  ← 네이버최저가 13,900원(+3,000)
[board-auto] 완료: 발행 12건 / 재포장 7건 / 실패 0건
[board-auto] 시작 2026. 7. 22. 오전 6:00:02
[ingest] collected=118 inserted=2
[board-auto] 대기글 12건
  [groq] 에버데이 이온 1.5Lml X 12pet 10,720원
  [groq] 오뚜기 든든쌀밥 25,130원  ← 네이버최저가 38,980원(+13,850)
  [groq] 듀록 꽃삼겹살 4100원  ← 네이버최저가 6,900원(+6,300)
  [groq] 퓨어그라운드 톤업 선크림 4500원대  ← 네이버최저가 12,900원(+12,850)
  [groq] 박대 10미 19710원  ← 네이버최저가 21,770원(+2,060)
  [groq] 아오리사과 2kg 8,290원  ← 네이버최저가 8,900원(+610)
  [groq] 해신탕 1세트 29,900원  ← 네이버최저가 19,800원(-10,100)
  [groq] 한돈 토마호크 5,390원  ← 네이버최저가 7,110원(+1,720)
  [groq] 국산 목살 1kg 15,240원  ← 네이버최저가 4,500원(-10,740)
  [groq] 신라면 20개 11,950원  ← 네이버최저가 1,590원(-10,360)
  [groq] 국산 순살족발 300g 5,490원  ← 네이버최저가 7,900원(+2,410)
  [groq] 안전멀티탭 1+1 9,000원  ← 네이버최저가 9,500원(+500)
[board-auto] 완료: 발행 12건 / 재포장 6건 / 실패 0건
[board-auto] 시작 2026. 7. 22. 오후 12:00:02
[ingest] collected=118 inserted=6
[board-auto] 대기글 12건
  [groq] 밀라네제 마스크팩 20개 10,900원  ← 네이버최저가 12,920원(+2,020)
  [groq] 제주 하우스 감귤 1.5kg 6,955원  ← 네이버최저가 9,180원(+2,225) | 카페반응 7396건
  [groq] 10분러시 낙지젓 1kg 15,990원  ← 네이버최저가 15,120원(-870)
  [groq] 슈퍼딥큐 제습제 15,990원  ← 네이버최저가 15,990원(0)
  [groq] 아디다스 에어로레디 5SET 32,900원  ← 네이버최저가 44,000원(+11,100)
  [groq] 불스원 시그니처 500ML 23,310원  ← 네이버최저가 22,990원(-320)
  [groq] S99Pro 3 모드 키보드 마우스 세트 78,200원  ← 네이버최저가 69,990원(-8,210)
  [groq] 베이스어스 이어클립 28,061원  ← 네이버최저가 28,503원(+442)
  [groq] LG 휘센 제습기 20L 35만
  [groq] 삼양 짜르르 15,260원  ← 네이버최저가 9,750원(-5,510)
  [groq] 베키아에누보 39,900원  ← 네이버최저가 57,200원(+17,300)
  [groq] 아레나 코리아 75% 할인
[board-auto] 완료: 발행 12건 / 재포장 9건 / 실패 0건
[board-auto] 시작 2026. 7. 22. 오후 6:00:03
[ingest] collected=118 inserted=6
[board-auto] 대기글 12건
  [groq] 비비고 말차호떡 6개 6,000원  ← 네이버최저가 31,900원(+25,900)
  [groq] 돈시몬 100% NFC 2L 2+1 20,900원  ← 네이버최저가 8,900원(-12,000)
  [groq] 엘라스틴 샴푸 2개 13,370원  ← 네이버최저가 13,490원(+120)
  [groq] 또또떡볶이 200g x 6봉+떡볶이소스 6봉 9,828원
  [groq] 오늘의돼지 양념 목살 2.4kg 16,610원  ← 네이버최저가 10,580원(-6,030)
  [groq] 하누소 갈비탕 3팩 22,830원  ← 네이버최저가 8,230원(-14,600)
  [groq] 오리온 고소미+샌드나 8800원  ← 네이버최저가 10,170원(+1,370)
  [groq] 병어 2마리 17,930원  ← 네이버최저가 15,900원(-2,030)
  [groq] 일리 캡슐 495원
  [groq] bhc 뿌링클+콜라1.25L 19,510원  ← 네이버최저가 20,050원(+540) | 카페반응 296건
  [groq] 샥즈 오픈핏2+ 26.9만원
  [groq] 노스페이스 쇼츠 38,310원  ← 네이버최저가 41,800원(+3,490)
[board-auto] 완료: 발행 12건 / 재포장 7건 / 실패 0건
[board-auto] 시작 2026. 7. 22. 오후 10:00:02
[ingest] collected=118 inserted=6
[board-auto] 대기글 12건
  [groq] 딱딱이 복숭아 1.5kg 9,292원  ← 네이버최저가 20,820원(+11,528) | 카페반응 80건
  [groq] 삼백치킨 2마리 12,790원  ← 네이버최저가 16,510원(+3,720)
  [groq] LG 프라엘 371,640원  ← 네이버최저가 422,330원(+50,690)
  [groq] 오레오 1kg 8,460원  ← 네이버최저가 1,400원(-7,060)
  [groq] 6년근 홍삼정 18,900원  ← 네이버최저가 21,900원(+3,000)
  [groq] 담미채 김치 3kg 18,900원  ← 네이버최저가 19,900원(+1,000)
  [groq] 하이퍼쉘 X Pro S 1,990,000원  ← 네이버최저가 1,990,000원(0)
  [groq] 키즈 아쿠아슈즈 8,415원  ← 네이버최저가 36,050원(+27,635)
  [groq] 저온압착 참기름 1+1 11,900원  ← 네이버최저가 9,000원(-2,900) | 카페반응 21건
  [groq] 포슈아 담백 소고기 쌀국수 12,900원
  [groq] 국산 직화 불닭발 4팩 17,200원  ← 네이버최저가 5,400원(-11,800) | 카페반응 37건
  [groq] 오닐 비치타올 6,840원  ← 네이버최저가 7,530원(+690)
[board-auto] 완료: 발행 12건 / 재포장 4건 / 실패 0건
[board-auto] 시작 2026. 7. 23. 오전 6:00:02
[ingest] collected=118 inserted=2
[board-auto] 대기글 12건
  [groq] 스카트 변기 청소티슈 6팩+습기제거제
  [groq] 스테비아 방울토마토 2kg 10,500원  ← 네이버최저가 3,500원(-7,000)
  [groq] 밤호박 보우짱 10kg 16,900원  ← 네이버최저가 15,900원(-1,000) | 카페반응 92건
  [groq] 위스카스 습식 파우치 29,920원  ← 네이버최저가 35,620원(+5,700)
  [groq] 프로베스트 캣 14.5kg 23,470원  ← 네이버최저가 14,400원(-9,070)
  [groq] 햇썹 갈치 1kg 19,800원  ← 네이버최저가 12,540원(-7,260)
  [groq] 고당도 산지직송 경북 대석자두 2kg 12,900원  ← 네이버최저가 10,000원(-2,900)
  [groq] 아삭 복숭아 4kg 14,960원  ← 네이버최저가 14,960원(0)
  [groq] 스플래툰 레이더스 73,000원  ← 네이버최저가 70,680원(-2,320)
  [groq] 에픽게임즈 무료
  [groq] 프루틴 쉐이크 2개 59,040원  ← 네이버최저가 109,800원(+50,760)
  [groq] 락토핏 코어 49,658원  ← 네이버최저가 79,900원(+30,242)
[board-auto] 완료: 발행 12건 / 재포장 5건 / 실패 0건
[board-auto] 시작 2026. 7. 23. 오후 12:00:02
[ingest] collected=118 inserted=6
[board-auto] 대기글 12건
  [groq] 이나즈마 일레븐 영웅[54,460]
  [groq] 로션 1+1 12,900원
  [groq] 브라더 토너세이브 359,000원  ← 네이버최저가 359,000원(0)
  [groq] 갈치살어묵 2.4kg 16,300원
  [groq] Escape Line 50% 할인
  [groq] 프레시웰 생수 500ml 80개 13,900원  ← 네이버최저가 7,620원(-6,280)
  [groq] 사세 매콤 점보 닭다리 1.3kg 12,500원  ← 네이버최저가 14,540원(+2,040)
  [groq] 슈퍼 비타민C 3000 100포 x 3박스 23,900원  ← 네이버최저가 23,900원(0) | 카페반응 28건
  [groq] 한돈 뒷고기 990원  ← 네이버최저가 990원(0)
  [groq] 애완견 침대 9,430원  ← 네이버최저가 92,660원(+83,230)
  [groq] 사계절 강아지 집 10,226원  ← 네이버최저가 13,980원(+3,754)
  [groq] 스위치 겟피x 44,000원  ← 네이버최저가 44,000원(0)
[board-auto] 완료: 발행 12건 / 재포장 5건 / 실패 0건
[board-auto] 시작 2026. 7. 23. 오후 6:00:03
[ingest] collected=118 inserted=6
[board-auto] 대기글 12건
  [groq] PS5 겟피x 85,800원
  [groq] 밀폐용기 5종 7P+집게1P 10,900원
  [groq] 락앤락 밥용기 16,900원
  [groq] 셜록 홈즈 4,990원  ← 네이버최저가 20,320원(+15,330)
  [groq] 닭갈비 피자 불닯 저당떡바 15팩 25,060원  ← 네이버최저가 23,960원(-1,100)
  [groq] 엘지디오스 식기세척기 742,140원  ← 네이버최저가 41,700원(-700,440)
  [groq] 달달망고 10,580원
  [groq] 과일 주스 13,900원  ← 네이버최저가 15,360원(+1,460)
  [groq] 목우촌 주부9단 로스구이 250g 4개 8,500원  ← 네이버최저가 15,970원(+7,470)
  [groq] 뉴트리플라이 효소 8,860원  ← 네이버최저가 17,900원(+9,040)
  [groq] 락바이 자전거 후미등 27,033원  ← 네이버최저가 26,702원(-331)
  [groq] 베트남 바나나 4kg 10,210원  ← 네이버최저가 8,200원(-2,010)
[board-auto] 완료: 발행 12건 / 재포장 6건 / 실패 0건
[board-auto] 시작 2026. 7. 23. 오후 10:00:02
[ingest] collected=118 inserted=6
[board-auto] 대기글 12건
  [groq] 동인동찜갈비 19,740원  ← 네이버최저가 12,900원(-6,840) | 카페반응 50건
  [groq] 썸머킹 사과 2kg 7,920원  ← 네이버최저가 9,900원(+1,980)
  [groq] 푸마 스피드캣 66,220원  ← 네이버최저가 79,050원(+12,830)
  [groq] 크리넥스 화장지 32,910원  ← 네이버최저가 19,970원(-12,940)
  [groq] 강원도식 명태회무침 1kg 12,500원  ← 네이버최저가 10,140원(-3,740) | 카페반응 1058건
  [groq] AGE20S 멜라닌샷 83,600원  ← 네이버최저가 9,810원(-78,190)
  [groq] 무동치미 5kg 10,900원  ← 네이버최저가 5,000원(-5,900)
  [groq] 육식토끼 소시지 20팩 16,480원  ← 네이버최저가 950원(-15,530) | 카페반응 44건
  [groq] 냉동 삼겹살 1kg 9900원  ← 네이버최저가 7,900원(-2,000)
  [groq] 26SS 기능성 나일론 팬츠 4장 27,480원  ← 네이버최저가 32,320원(+4,840)
  [groq] 구운란 60구 17,310원  ← 네이버최저가 20,700원(+3,390)
  [groq] 데카트론 런닝캡 15,210원  ← 네이버최저가 16,900원(+1,690)
[board-auto] 완료: 발행 12건 / 재포장 4건 / 실패 0건
[board-auto] 시작 2026. 7. 24. 오전 6:00:02
[ingest] collected=118 inserted=4
[board-auto] 대기글 12건
  [groq] 샐리 그린캔디 30정 5,020원  ← 네이버최저가 5,870원(+850)
  [groq] 어묵탕 6봉 11,990원  ← 네이버최저가 17,500원(+5,510)
  [groq] 듀라텍스 냉감 쿨매트 20,900원  ← 네이버최저가 18,900원(-2,000)
  [groq] 레노마 정장 6종 택1 68,500원
  [groq] 농심 포스틱+새우깡 16,440원  ← 네이버최저가 16,430원(-10)
  [groq] 제주 미니 단호박 5kg 9,970원  ← 네이버최저가 9,950원(-20) | 카페반응 278건
  [groq] 미니 밤호박 2kg 5,900원  ← 네이버최저가 8,900원(+3,000) | 카페반응 1339건
  [groq] 보령농협 쌀 10kg 31,950원  ← 네이버최저가 31,950원(0)
  [groq] 아이깨끗해 핸드워시 10,490원  ← 네이버최저가 9,900원(-590) | 카페반응 17건
  [groq] 아디다스 갤럭시7 36,650원  ← 네이버최저가 43,000원(+6,350)
  [groq] 달다 황도복숭아 4kg 16,460원  ← 네이버최저가 15,900원(-560) | 카페반응 18건
  [groq] 라치나타 클래식 500ml 21,390원  ← 네이버최저가 11,000원(-10,390)
[board-auto] 완료: 발행 12건 / 재포장 9건 / 실패 0건
[board-auto] 시작 2026. 7. 24. 오후 12:00:02
[ingest] collected=118 inserted=6
[board-auto] 대기글 12건
  [groq] 그레인바운더리 30% 할인
  [groq] 미국산 소고기 1kg 25,750원  ← 네이버최저가 26,970원(+1,220)
  [groq] 엘보 밴드 6,350원  ← 네이버최저가 3,830원(-2,520)
  [groq] 모모스커피 1kg 37,590원
  [groq] 스케쳐스키즈 50,550원  ← 네이버최저가 89,000원(+38,450)
  [groq] 유니콘 오버로드 50% 할인 34,900원
  [groq] 스카트 수세미 2+2 13,590원  ← 네이버최저가 8,300원(-5,290)
  [groq] Echo Generation: Midnight Edition 0  ← 카페반응 12건
  [groq] 오하루 견과4종믹스 17,000원  ← 네이버최저가 16,150원(-850)
  [groq] 크리넥스 25,700원  ← 네이버최저가 14,900원(-10,800)
  [groq] 가마솥 육개장 5봉+생면 20,900원  ← 네이버최저가 24,210원(+3,310)
  [groq] 햇밤호박 10kg 17,080원  ← 네이버최저가 6,920원(-10,160)
[board-auto] 완료: 발행 12건 / 재포장 5건 / 실패 0건
[board-auto] 시작 2026. 7. 24. 오후 6:00:02
[ingest] collected=118 inserted=6
[board-auto] 대기글 12건
  [groq] 포맨 스킨/에멀전 4,930원  ← 네이버최저가 4,950원(+20)
  [groq] 바세린 립밤 6,800원  ← 네이버최저가 10,900원(+4,100)
  [groq] 아마타임 사과 주스 17,900원  ← 네이버최저가 38,500원(+20,600)
  [groq] 모나리자 미용티슈 13,360원  ← 네이버최저가 13,910원(+550)
  [groq] 오리코 맥세이프 15,800원  ← 네이버최저가 16,200원(+400)
  [groq] 사가미 0.02 6개입 12,510원  ← 네이버최저가 12,770원(+260)
  [groq] 서리태 순수두유 23,360원  ← 네이버최저가 11,900원(-11,460)
  [groq] 빙그레 더단백 42팩 4만9천9백10원  ← 네이버최저가 29,100원(-20,810)
  [groq] 목전지 2kg+족발 300g 16,520원  ← 네이버최저가 16,910원(+390)
  [groq] 신대장떡볶이 360g4팩 /8000원
  [groq] 에코 제너레이션: 미드나이트 에디션 0원
  [groq] 블루투스 키보드 마우스 세트 38,800원  ← 네이버최저가 38,200원(-600)
[board-auto] 완료: 발행 12건 / 재포장 8건 / 실패 0건
[board-auto] 시작 2026. 7. 24. 오후 10:00:02
[ingest] collected=118 inserted=6
[board-auto] 대기글 12건
  [groq] KOF15 75% 할인 7,850원
  [groq] 생어거스틴 6만원권 34,200원
  [groq] 지센 립넥 7부 니트 19,600원  ← 네이버최저가 21,060원(+1,460)
  [groq] 산과들에 하루견과 61,164원  ← 네이버최저가 68,140원(+6,976)
  [groq] 카카오프렌즈 랜덤박스 19,900원  ← 네이버최저가 19,110원(-790)
  [groq] 하림 생닭 13호 9620원  ← 네이버최저가 13,980원(+4,360)
  [groq] 테팔 인덕션 스텐 프라이팬 21,500원  ← 네이버최저가 39,900원(+18,400)
  [groq] 킬커버 쿠션 2세트 30,960원  ← 네이버최저가 23,260원(-7,700)
  [groq] 밀크앤허니 파운드케이크 2종 세트 13,900원  ← 네이버최저가 15,890원(+1,990)
  [groq] 셀렉스 프로핏 12,900원  ← 네이버최저가 20,300원(+7,400)
  [groq] 포도씨유 3개 13,990원
  [groq] 입큰 12.5 퍼퓸 파우더  ← 카페반응 24건
[board-auto] 완료: 발행 12건 / 재포장 5건 / 실패 0건
[board-auto] 시작 2026. 7. 25. 오전 6:00:02
[ingest] collected=118 inserted=3
[board-auto] 대기글 12건
  [groq] 브라더 레이저프린터 21만이하  ← 네이버최저가 279,000원(+40,000)
  [groq] 제주 한돈 왕구이 1kg 18,380원  ← 네이버최저가 9,900원(-8,480)
  [groq] 듀록 꽃삼겹살 500g 4팩 20,898원  ← 네이버최저가 6,900원(-13,998)
  [groq] 동원샘물 2Lx6개 1,650원  ← 네이버최저가 4,200원(+2,550) | 카페반응 50건
  [groq] PAT 쿨핏 20,800원  ← 네이버최저가 20,520원(-280)
  [groq] 고농축 세탁세제 3.05L 3개 15,760원  ← 네이버최저가 8,900원(-6,860)
  [groq] wpi 드링크 24팩 39,040원  ← 네이버최저가 25,340원(-13,700)
  [groq] 스팸 클래식 200g 9개 19,130원  ← 네이버최저가 23,670원(+4,540)
  [groq] 슈어메디 이문샷 21,940원  ← 네이버최저가 12,850원(-9,090)
  [groq] 푸마 밀레니오 34,900원  ← 네이버최저가 43,610원(+8,710)
  [groq] 무선 침구청소기 18,800원  ← 네이버최저가 69,800원(+51,000) | 카페반응 69건
  [groq] 시에르 파르베 수저세트 6,900원  ← 네이버최저가 6,900원(0)
[board-auto] 완료: 발행 12건 / 재포장 5건 / 실패 0건
[board-auto] 시작 2026. 7. 25. 오후 12:00:02
[ingest] collected=118 inserted=6
[board-auto] 대기글 12건
  [groq] 네파 구스다운 21만5천원대  ← 네이버최저가 301,800원(+85,993)
  [groq] 닥스 셔츠 3.5만원  ← 네이버최저가 76,380원(+41,100)
  [groq] 농협선별 제주 감귤 2kg 12,990원  ← 네이버최저가 12,500원(-490) | 카페반응 200건
  [groq] 애슐리 주먹밥 15개입 18,480원  ← 네이버최저가 22,700원(+4,220)
  [groq] 다이나핏 프リーズ 6.3만
  [groq] 맥콜 제로 7600원
  [groq] 브로슈낭 올리브오일 2병 15,900원  ← 네이버최저가 23,000원(+7,100)
  [groq] 리복 하이페리엄 42,020원  ← 네이버최저가 23,500원(-18,520)
  [groq] 올반 찰핫도그 24,950원  ← 네이버최저가 26,340원(+1,390)
  [groq] 오울트리 바나나칩 14,900원  ← 네이버최저가 15,750원(+850)
  [groq] 널담 마카롱 8구 11,100원  ← 네이버최저가 13,020원(+1,920)
  [groq] 시리얼 프로틴 13,860원  ← 네이버최저가 13,970원(+110)
[board-auto] 완료: 발행 12건 / 재포장 9건 / 실패 0건
[board-auto] 시작 2026. 7. 25. 오후 6:00:03
[ingest] collected=118 inserted=6
[board-auto] 대기글 12건
  [groq] 하림 3종 세트 11,480원  ← 네이버최저가 19,760원(+8,280)
  [groq] 아이더 퀀덤 에어로 74,770원  ← 네이버최저가 58,390원(-16,380)
  [groq] 후무사 자두 3kg 19,900원  ← 네이버최저가 9,500원(-10,400)
  [groq] 시그니앙75 16,920원  ← 네이버최저가 14,410원(-2,510)
  [groq] 몽크로스 리커버리8 63,200원  ← 네이버최저가 79,000원(+15,800)
  [groq] 메디앤서 콜라겐 겔마스크 12,700원  ← 네이버최저가 17,180원(+4,480)
  [groq] 펩시 제로슈거 라임 11,880원  ← 네이버최저가 12,770원(+890)
  [groq] 크리넥스 3겹 33M 24롤2팩 34,920원  ← 네이버최저가 22,100원(-12,820)
  [groq] 강화 순무김치 1kg 9,340원  ← 네이버최저가 18,000원(+8,660)
  [groq] 네파 트레킹화 73,700원  ← 네이버최저가 140,250원(+66,550) | 카페반응 16건
  [groq] 100% 토마토주스 1L4팩 15,900원  ← 네이버최저가 8,900원(-7,000) | 카페반응 278건
  [groq] 암막 3단 우산 1+1 8,900원  ← 네이버최저가 9,900원(+1,000)
[board-auto] 완료: 발행 12건 / 재포장 10건 / 실패 0건
[board-auto] 시작 2026. 7. 25. 오후 10:00:02
[ingest] collected=118 inserted=6
[board-auto] 대기글 12건
  [groq] 락토바이오틱스맥스 22,900원  ← 네이버최저가 24,380원(+1,480)
  [groq] 산림방사 달걀 27,900원  ← 네이버최저가 14,400원(-13,500)
  [groq] 유미아의 아틀리에 25% 할인
  [groq] 브란테 경의 삶과 고난 0원
  [groq] 하림 치킨너겟 1kg 2봉+팝콘 17,200원  ← 네이버최저가 15,600원(-1,600)
  [groq] 펩시제로 26,820원  ← 네이버최저가 31,400원(+4,580)
  [groq] 나랑드 사이다 24,800원  ← 네이버최저가 53,260원(+28,460)
  [groq] 컬드셉트 스위치2에디션 126,800원
  [groq] 츄파춥스 18,900원  ← 네이버최저가 28,140원(+9,240)
  [groq] 스팸 클래식 200g 9개 19,130원
  [groq] 네온사인 21,950원  ← 네이버최저가 21,100원(-850)
  [groq] GaN 충전기 6-IN-1 43,809원  ← 네이버최저가 77,300원(+33,491)
[board-auto] 완료: 발행 12건 / 재포장 8건 / 실패 0건
[board-auto] 시작 2026. 7. 26. 오전 6:00:02
[ingest] collected=118 inserted=2
[board-auto] 대기글 12건
  [groq] PS5 타이틀 50% 할인
  [groq] 상하목장 유기농 우유 200ml 48팩 33,930원  ← 네이버최저가 19,200원(-14,730) | 카페반응 19건
  [groq] 퓨어스트 라이트 4,700원  ← 네이버최저가 8,880원(+4,180)
  [groq] 꼬치어묵 4팩 9,900원  ← 네이버최저가 12,900원(+3,000)
  [groq] 테이크핏 맥스 24,200원  ← 네이버최저가 27,200원(+3,000)
  [groq] 망고 990원  ← 네이버최저가 4,900원(+3,910)
  [groq] 콘&바 35개 24,570원
  [groq] 깨끗한나라 키친타월 15,900원  ← 네이버최저가 13,900원(-2,000)
  [groq] 한우선물세트 80,170원  ← 네이버최저가 9,900원(-70,270) | 카페반응 307건
  [groq] 헤드앤숄더 23,810원  ← 네이버최저가 29,300원(+5,490) | 카페반응 27건
  [groq] 듀라웰 냉감 매트리스커버 24,675원  ← 네이버최저가 23,850원(-825)
  [groq] 타미진스 90S 39,717원  ← 네이버최저가 45,010원(+5,293)
[board-auto] 완료: 발행 12건 / 재포장 6건 / 실패 0건
[board-auto] 시작 2026. 7. 26. 오후 12:00:02
[ingest] collected=118 inserted=6
[board-auto] 대기글 12건
  [groq] 네파 린넨 하프 팬츠 30,150원  ← 네이버최저가 30,150원(0) | 카페반응 15건
  [groq] 훈제 통닭다리 2,464원  ← 네이버최저가 12,480원(-12,160)
  [groq] 라라스윗 저당 카라멜 팝콘 10개입 12,900원  ← 네이버최저가 8,300원(-4,600)
  [groq] EDIFIER Comfo Flex 49,000원  ← 네이버최저가 71,200원(+22,200)
  [groq] 반반함흥냉면 10인분 8,800원  ← 네이버최저가 4,000원(-4,800)
  [groq] 맨시티 등 4,300원  ← 네이버최저가 89,000원(+84,700)
  [groq] 트렉스타머렐코몽트 8,180원
  [groq] 만토바 올리브 오일 14,980원  ← 네이버최저가 13,900원(-1,080)
  [groq] 원할머니 명품육개장 2,944원  ← 네이버최저가 18,890원(-10,550)
  [groq] 본죽 소갈비찜 24,920원  ← 네이버최저가 56,380원(+31,460)
  [groq] 팸퍼스 2박스+신세계 1만원권 123,500원
  [groq] 프로틴 쿠키 2종 10봉 9,900원  ← 네이버최저가 13,500원(+3,600)
[board-auto] 완료: 발행 12건 / 재포장 6건 / 실패 0건
[board-auto] 시작 2026. 7. 26. 오후 6:00:03
[ingest] collected=118 inserted=6
[board-auto] 대기글 12건
  [groq] 생오리 로스 2.5kg 5,980원  ← 네이버최저가 5,880원(-24,020)
  [groq] 포차우동 7,300원  ← 네이버최저가 10,900원(+3,600)
  [groq] 지리산물하나 2L 24병 9,900원  ← 네이버최저가 7,980원(-1,920)
  [groq] 애플워치 메탈 스트랩 3,510원  ← 네이버최저가 9,900원(+6,390)
  [groq] 리복 로드 스트라이더 46,850원  ← 네이버최저가 65,420원(+18,570)
  [groq] 아기 물약 4,980원  ← 네이버최저가 5,800원(+820)
  [groq] 이베리코 삼겹살 300g 8,840원  ← 네이버최저가 5,950원(-2,890) | 카페반응 29건
  [groq] 쿤달 마카다미아 헤어세럼 1+1 9,900원  ← 네이버최저가 7,900원(-2,000)
  [groq] 네스카페 돌체구스토 60,990원  ← 네이버최저가 73,000원(+12,010)
  [groq] 커버낫 쿨 코튼 티셔츠 2팩 28,400원  ← 네이버최저가 21,650원(-6,750) | 카페반응 14건
  [groq] 아오리 사과 2kg 8,900원  ← 네이버최저가 9,900원(+1,000)
  [groq] 호올스 블루베리 20개 6720원  ← 네이버최저가 10,900원(+4,180)
[board-auto] 완료: 발행 12건 / 재포장 6건 / 실패 0건
[board-auto] 시작 2026. 7. 26. 오후 10:00:02
[ingest] collected=118 inserted=6
[board-auto] 대기글 12건
  [groq] 맥심 카누 100T 30,300원  ← 네이버최저가 47,970원(+17,670)
  [groq] 요맘때/부라보콘+아이스크림 24,570원  ← 네이버최저가 28,390원(+3,820)
  [groq] 하림펫푸드 27,582원
  [groq] 붕어싸만코 20개+엑셀런트 3박스 31630원  ← 네이버최저가 35,430원(+3,800)
  [groq] 마데카크림 50ml 6개+증정 30ml 32,128원
  [groq] 베지밀 두유 64팩 29,900원  ← 네이버최저가 13,300원(-16,600)
  [groq] 백도 딱딱이 복숭아 15,810원  ← 네이버최저가 20,510원(+4,700)
  [groq] 에어핏 면스판 히든밴딩 슬랙스 21,600원  ← 네이버최저가 20,520원(-1,080)
  [groq] 반건조 민어 21원  ← 카페반응 169건
  [groq] 썸머 바캉스 샌들 4,930원  ← 네이버최저가 20,900원(+15,970)
  [groq] 롯데웰푸드 아이스크림 35입 14,900원  ← 네이버최저가 24,750원(+9,850)
  [groq] 후무사 자두 1kg 8,900원  ← 네이버최저가 11,900원(+3,000)
[board-auto] 완료: 발행 12건 / 재포장 9건 / 실패 0건
[board-auto] 시작 2026. 7. 27. 오전 6:00:02
[ingest] collected=118 inserted=0
[board-auto] 대기글 12건
  [groq] 매일두유 25,930원  ← 네이버최저가 10,500원(-15,430) | 카페반응 1044건
  [groq] 피크닉 제로 사과 200ml 24개 8,900원  ← 네이버최저가 5,500원(-3,400)
  [groq] 밀키스 제로 500ml 18펫 14,400원
  [groq] 인기과자 14봉세트 10,990원
  [groq] 온더고 15종세트 34,862원
  [groq] 산과들에 T 순수다움100낱봉 40,740원  ← 네이버최저가 49,300원(+8,560)
  [groq] 이롬 라이프밀 8박스+흔들컵2개+발효건강식3박스 277,140원  ← 네이버최저가 220,520원(-77,480)
  [groq] ps5 레슬레리아나 마리의 아틀리에 37300원
  [groq] PS5 페르소나5 13,960원
  [groq] 상하농원 난각번호2번 유정란 15구 11,840원  ← 네이버최저가 9,990원(-1,850)
  [groq] 상하목장 유기농 우유 26,450원  ← 네이버최저가 19,200원(-7,250) | 카페반응 19건
  [groq] 매일두유 48팩 25,930원  ← 네이버최저가 14,600원(-11,330) | 카페반응 977건
[board-auto] 완료: 발행 12건 / 재포장 9건 / 실패 0건
[board-auto] 시작 2026. 7. 27. 오후 12:00:02
[ingest] collected=118 inserted=6
[board-auto] 대기글 12건
  [groq] 푸마 퓨쳐 59,880원  ← 네이버최저가 79,600원(+19,720)
  [groq] 대극천복숭아 1kg 9,950원  ← 네이버최저가 8,920원(-1,030)
  [groq] 컬쳐랜드 5만권 46500원  ← 네이버최저가 46,790원(+290) | 카페반응 4662건
  [groq] NEWBOLER 전기 스쿠터 가방 9,086원  ← 네이버최저가 9,405원(+319)
  [groq] 초슬림 보조배터리 5000mAh 120,300원  ← 네이버최저가 29,800원(-90,500)
  [groq] 빙탄복 7도 370ml x3병 13,980원
  [groq] LG 휘센 제습기 340,711원  ← 네이버최저가 355,900원(+15,189)
  [groq] 보드레잠 소프트 구름 베개솜 1+1 8568원  ← 네이버최저가 9,600원(+1,032)
  [groq] 대천김 캔김 19,550원  ← 네이버최저가 23,750원(+4,200)
  [groq] 펩시제로 라임 22,800원  ← 네이버최저가 13,500원(-9,300)
  [groq] 맥콜 제로250ml 30개 7,600원  ← 네이버최저가 12,500원(+4,900)
  [groq] 코마사 반팔티 3장 9,400원  ← 네이버최저가 11,820원(+2,420)
[board-auto] 완료: 발행 12건 / 재포장 7건 / 실패 0건
[board-auto] 시작 2026. 7. 27. 오후 6:00:03
[ingest] collected=118 inserted=6
[board-auto] 대기글 12건
  [groq] 수박 5kg 12,440원  ← 네이버최저가 13,900원(+1,460)
  [groq] 매직캔 히포크롬2 27L 58900원  ← 네이버최저가 76,400원(+17,500)
  [groq] 양말 모음전 9,900원
  [groq] 그리니즈 티니 42,940원
  [groq] 투데이즈 반팔티 5,200원  ← 네이버최저가 6,772원(+1,572)
  [groq] 퍼니트 여주정 1+1 12,900원
  [groq] 블루나 아이스브리즈 9,800원  ← 네이버최저가 9,900원(+100)
  [groq] 롯데온 프로젝트M 덕다운 점퍼 2종택1 38,000원
  [groq] 비브르 무선 청소기 85,560원  ← 네이버최저가 96,000원(+10,440)
  [groq] 대형 58L 보스턴백 16,890원  ← 네이버최저가 12,340원(-4,550)
  [groq] 백도 딱딱이 복숭아 2kg 9,730원  ← 네이버최저가 13,700원(+3,970) | 카페반응 45건
  [groq] 질레트 프로글라이드 젤 22,900원  ← 네이버최저가 26,400원(+3,500)
[board-auto] 완료: 발행 12건 / 재포장 3건 / 실패 0건
[board-auto] 시작 2026. 7. 27. 오후 10:00:02
[ingest] collected=118 inserted=6
[board-auto] 대기글 12건
  [groq] 제이베럴즈 미세모 칫솔 16개 8,800원  ← 네이버최저가 9,800원(+1,000)
  [groq] 어성초 수분 크림 5,990원  ← 네이버최저가 8,720원(+2,730) | 카페반응 1227건
  [groq] 아이더 롱구스 다운 패딩 171,870원  ← 네이버최저가 47,480원(-124,390)
  [groq] 아임닭 볶음밥 32,900원  ← 네이버최저가 5,890원(-27,010)
  [groq] 제스프리 썸 골드키위 31원  ← 네이버최저가 46,900원(+46,869)
  [groq] 비트 딥클린 3L+리필2L 3개 17,720원  ← 네이버최저가 19,990원(+2,270)
  [groq] 저분자 히알루론산 6,900원  ← 네이버최저가 2,500원(-4,400)
  [groq] 액상 글루콘산 마그네슘 8,490원  ← 네이버최저가 13,500원(+5,010)
  [groq] 흰다리새우살 900g+닭갈비+치즈찰떡 19,900원  ← 네이버최저가 11,000원(-8,900) | 카페반응 1129건
  [groq] 콘푸로스트 2개+컵+미니시리얼 10,900원
  [groq] 블랙야크 반팔티 3장 32,820원  ← 네이버최저가 49,000원(+16,180)
  [groq] 라이프익스텐션 48,279원  ← 네이버최저가 19,900원(-28,379)
[board-auto] 완료: 발행 12건 / 재포장 3건 / 실패 0건
[board-auto] 시작 2026. 7. 28. 오전 6:00:02
[ingest] collected=118 inserted=3
[board-auto] 대기글 12건
  [groq] 흙당근 1.5kg 2,590원  ← 네이버최저가 4,900원(+2,310) | 카페반응 4789건
  [groq] 흔한남매 13,610원  ← 카페반응 320건
  [groq] 냉동 삶은 찰옥수수 20개세트 13,500원  ← 네이버최저가 13,500원(0)
  [groq] 티니핑 마그네틱 뱃지 10,640원  ← 네이버최저가 4,460원(-6,180)
  [groq] 함흥물냉면 10인분세트 8,900원  ← 네이버최저가 8,900원(0) | 카페반응 13건
  [groq] 귀리곤약밥 10개 14,900원  ← 네이버최저가 17,400원(+2,500) | 카페반응 35건
  [groq] 더 마데카크림 50ml 6개+증정 30ml 32128원
  [groq] 아이앤어스 캡슐세제 7,900원  ← 네이버최저가 8,900원(+1,000)
  [groq] 에어라이트 썸머 밴딩 데님팬츠 16,800원  ← 네이버최저가 15,960원(-840)
  [groq] 쿨 비즈 카라티 15,900원  ← 네이버최저가 9,900원(-6,000)
  [groq] 고당도 백도 복숭아 2kg 17,015원  ← 네이버최저가 23,110원(+6,095) | 카페반응 31건
  [groq] 파워에이드 900ml 12개 10,540원  ← 네이버최저가 8,020원(-2,520)
[board-auto] 완료: 발행 12건 / 재포장 6건 / 실패 0건
[board-auto] 시작 2026. 7. 28. 오후 12:00:03
[ingest] collected=118 inserted=6
[board-auto] 대기글 12건
  [groq] 매일야채 125ml 24개 11,950원  ← 네이버최저가 14,030원(+2,080)
  [groq] 평생 990원  ← 카페반응 14건
  [groq] 코카콜라 제로 15,940원  ← 네이버최저가 48,100원(+32,160)
  [groq] 필립스 1200 시리즈 299,000원
  [groq] 천도복숭아 2kg 10,900원  ← 네이버최저가 15,900원(+5,000) | 카페반응 45건
  [groq] 딱딱이 복숭아 2kg 9,780원  ← 네이버최저가 12,600원(+2,810)
  [groq] 실비김치 2kg 8,900원  ← 네이버최저가 13,200원(+4,300)
  [groq] 려원담 홍삼점 19,800원
  [groq] 메가커피 20원
  [groq] 국산 경북 부사 사과 2kg 9670원  ← 네이버최저가 6,720원(-2,950) | 카페반응 736건
  [groq] 스위치2 젤다야숨 744,570원
  [groq] 아몬드브리즈 24팩 12,690원  ← 네이버최저가 18,900원(+6,210) | 카페반응 100건
[board-auto] 완료: 발행 12건 / 재포장 5건 / 실패 0건
[board-auto] 시작 2026. 7. 28. 오후 6:00:02
[ingest] collected=118 inserted=6
[board-auto] 대기글 12건
  [groq] 보디가드 드로즈 4종세트 16,900원  ← 네이버최저가 21,900원(+5,000)
  [groq] 고궁 통참깨 참기름 3개 9,900원  ← 네이버최저가 13,700원(+3,800)
  [groq] BF1 라이트 41,989원
  [groq] 현대에이치티 도어락 96,900원  ← 네이버최저가 9,000원(-87,900)
  [groq] 남해안 돌문어 1kg 14,776원  ← 네이버최저가 10,000원(-4,776)
  [groq] 백도 복숭아 2kg 8,784원  ← 네이버최저가 19,900원(+11,116)
  [groq] SAPPHIRE RX 9060 XT 589,000원  ← 네이버최저가 844,870원(+255,870)
  [groq] 파워클론 올클린 32만원대  ← 네이버최저가 368,900원(+29,900)
  [groq] 에브리봇 Q7 Plus 40만원대  ← 네이버최저가 548,000원(+49,000)
  [groq] 비비고 생선구이 8팩 30,990원  ← 네이버최저가 32,840원(+1,850)
  [groq] 아산맑은쌀 20kg 58,710원  ← 네이버최저가 35,900원(-22,810)
  [groq] 롯데모바일교환권 5만원권 4% 할인  ← 네이버최저가 29,400원(-18,600) | 카페반응 11건
[board-auto] 완료: 발행 12건 / 재포장 3건 / 실패 0건
[board-auto] 시작 2026. 7. 28. 오후 10:00:02
[ingest] collected=118 inserted=6
[board-auto] 대기글 12건
  [groq] LG 스탠바이미2 MAX 1,122,300원  ← 네이버최저가 1,290,000원(+167,700)
  [groq] 제주 밤호박 1kg 6900원  ← 네이버최저가 6,900원(0) | 카페반응 35건
  [groq] 강원평창수 2L 12개 6960원  ← 네이버최저가 4,740원(-2,220)
  [groq] 유황 오리슬라이스 1kg 11,880원  ← 네이버최저가 14,000원(+2,120) | 카페반응 35건
  [groq] 삼양라면 20입 9,900원  ← 네이버최저가 11,500원(+1,600)
  [groq] 마츠야마 3일 자유여행 21.9만  ← 네이버최저가 1,019,000원(+799,880)
  [groq] 액츠 파워젤 4.2L+2L 11,900원  ← 네이버최저가 7,630원(-4,270)
  [groq] 아이스노이에 훗카이도 아이스크림 21,780원  ← 네이버최저가 17,670원(-4,110)
  [groq] BBQ 스모크 치킨 12개 26,412원  ← 네이버최저가 151,470원(+125,058)
  [groq] 옥구촌 묵은지 통김치찜 10팩 22,880원  ← 네이버최저가 19,920원(-2,960)
  [groq] 뿌셔뿌셔 바베큐 11,950원  ← 네이버최저가 16,120원(+4,170)
  [groq] 오징어채 9,800원  ← 네이버최저가 4,470원(-5,330)
[board-auto] 완료: 발행 12건 / 재포장 8건 / 실패 0건
[board-auto] 시작 2026. 7. 29. 오전 6:00:02
[ingest] collected=118 inserted=2
[board-auto] 대기글 12건
  [groq] 짜슐랭 5봉 3,300원  ← 네이버최저가 6,430원(+3,130)
  [groq] 1+암소한우 꽃등심 29,970원  ← 네이버최저가 9,900원(-18,722) | 카페반응 1016건
  [groq] 복숭아 4kg 14,030원  ← 네이버최저가 20,610원(+6,580) | 카페반응 30건
  [groq] 코카-콜라 제로 15,460원  ← 네이버최저가 15,900원(+440)
  [groq] 사과즙 100포 20,320원
  [groq] 아이칸 TPE 카매트 52,000원  ← 네이버최저가 52,000원(0)
  [groq] 써모스 2~3만원대
  [groq] 동치미냉면 9,900원  ← 네이버최저가 9,200원(-700)
  [groq] 스타벅스 캡슐커피 35,280원  ← 네이버최저가 44,100원(+8,820)
  [groq] 푸마 스니커즈 42,580원  ← 네이버최저가 43,920원(+1,340)
  [groq] 티포 미니 우유맛 5,900원  ← 네이버최저가 5,220원(-680)
  [groq] 삼겹살 2KG 14,900원  ← 네이버최저가 5,000원(-9,900) | 카페반응 139건
[board-auto] 완료: 발행 12건 / 재포장 7건 / 실패 0건
[board-auto] 시작 2026. 7. 29. 오후 12:00:02
[ingest] collected=118 inserted=6
[board-auto] 대기글 12건
  [groq] 통영 순살갈치 1kg 19,800원  ← 네이버최저가 20,120원(+320)
  [groq] 맥심 화이트골드 25,990원  ← 네이버최저가 25,900원(-90)
  [groq] 콘푸로스트 3팩 11,820원  ← 네이버최저가 9,900원(-1,920)
  [groq] 립톤 아이스티 19,890원  ← 네이버최저가 7,400원(-12,490) | 카페반응 583건
  [groq] 폴바셋 20% 할인
  [groq] 호주산 통마카다미아 200g 5봉+마카다미아 오일 35,000원
  [groq] 액츠 9L 17,928원  ← 네이버최저가 12,650원(-5,278)
  [groq] 강화 순무김치 1kg 9,340원  ← 네이버최저가 18,000원(+8,660)
  [groq] 노블물티슈 17,900원  ← 네이버최저가 11,110원(-6,790)
  [groq] 노르웨이 연어 36,900원  ← 네이버최저가 23,710원(-13,190) | 카페반응 169건
  [groq] 플루 오리지널 바디스크럽 14,500원  ← 네이버최저가 18,800원(+4,300)
  [groq] 쿨 슈퍼스트레치 슬랙스 18,900원  ← 네이버최저가 23,200원(+4,300)
[board-auto] 완료: 발행 12건 / 재포장 7건 / 실패 0건
[board-auto] 시작 2026. 7. 30. 오전 8:17:48
[ingest] collected=118 inserted=1
[board-auto] 대기글 12건
  [groq] 칭따오 논알콜 맥주 16,830원  ← 네이버최저가 26,800원(+9,970)
  [groq] 초정탄산수 6,900원  ← 네이버최저가 7,800원(+900)
  [groq] 무설탕 건살구 11,110원  ← 네이버최저가 2,000원(-9,110)
  [groq] 이츠웰 냉동 블루베리 1kg 3봉 23,760원
  [groq] 도넛 10개입 x2박스 10,800원  ← 네이버최저가 9,500원(-1,300)
  [groq] 완숙토마토2kg 5400원  ← 네이버최저가 5,900원(+500) | 카페반응 48건
  [groq] 무신사 스탠다드 크롭 슬랙스 22,990원  ← 네이버최저가 18,700원(-4,290) | 카페반응 19건
  [groq] 오뚜기 로제열라면+열라면 9,980원  ← 네이버최저가 870원(-9,110)
  [groq] 푸마 써머 드로즈 6PACK 29,950원  ← 네이버최저가 25,800원(-4,150)
  [groq] LG 디오스 4795만  ← 네이버최저가 3,206,200원(-1,589,100)
  [groq] 국산 삶은 배추 우거지 2kg 6,660원  ← 네이버최저가 2,990원(-3,670) | 카페반응 383건
  [groq] 생체리 1키로 14,240원  ← 네이버최저가 12,650원(-4,100)
[board-auto] 완료: 발행 12건 / 재포장 8건 / 실패 0건
[board-auto] 시작 2026. 7. 30. 오전 8:23:29
[ingest] collected=118 inserted=1
[board-auto] 대기글 12건
  [groq] 프로쉬 식기세척기세제 27,500원  ← 네이버최저가 33,900원(+6,400)
  [groq] 도브 바디워시 1L 2개 11,900원  ← 네이버최저가 7,690원(-4,210) | 카페반응 228건
  [groq] 1+1 레이븐pro 자동우산 17,900원  ← 네이버최저가 17,000원(-900)
  [groq] 3초 떡볶이 9,900원  ← 네이버최저가 8,700원(-1,200)
  [groq] 아머올 에탄올 워셔액 8,900원  ← 네이버최저가 12,760원(+3,860)
  [groq] 광동 헛개차 1.5L 12개 15,900원  ← 네이버최저가 16,030원(+130)
  [groq] 쫀득 뚱카롱 8개 8,330원
  [groq] 아임에코 2L x 18병 8,720원  ← 네이버최저가 12,200원(+3,480)
  [groq] 브리츠 이어폰 29,900원  ← 네이버최저가 34,900원(+5,000)
  [groq] 해태 포키 6,280원  ← 네이버최저가 4,790원(-1,490)
  [groq] 광천 김자반 10봉 10,900원  ← 네이버최저가 12,520원(+1,620)
  [groq] 국산 겉절이 2kg 9,990원  ← 네이버최저가 9,900원(-90)
[board-auto] 완료: 발행 12건 / 재포장 7건 / 실패 0건
[board-auto] 시작 2026. 7. 30. 오후 12:00:02
[ingest] collected=118 inserted=6
[board-auto] 대기글 12건
  [groq] 미에로화이바 4900원  ← 네이버최저가 4,900원(0)
  [groq] 뽀로로 음료수 8종 30개 17,980원  ← 네이버최저가 27,290원(+9,310) | 카페반응 19건
  [groq] 국산 국물 무뼈 닭발 3팩 14,500원  ← 네이버최저가 5,900원(-8,600) | 카페반응 81건
  [groq] i5-14400F RTX 5060 1,175,486원  ← 네이버최저가 1,475,000원(+299,514)
  [groq] 핸디 냉각 선풍기 64,900원  ← 네이버최저가 14,900원(-50,000)
  [groq] 국산 돼지 머릿고기 4,900원  ← 네이버최저가 7,000원(+2,100) | 카페반응 51건
  [groq] 미닉스 에어드라이 35만원대  ← 네이버최저가 369,000원(+9,648)
  [groq] 바리스타 익스프레스 114만  ← 네이버최저가 1,300,000원(+60,000)
  [groq] 일산비빔국수 8인분 16,630원  ← 네이버최저가 16,800원(+170) | 카페반응 11건
  [groq] 25년 햅쌀 10kg 30,900원  ← 네이버최저가 28,890원(-2,010)
  [groq] 제주삼다수 500ml 60병 19,900원  ← 네이버최저가 25,800원(+5,900)
  [groq] 갤럭시 핏3 49,900원  ← 네이버최저가 56,900원(+7,000)
[board-auto] 완료: 발행 12건 / 재포장 7건 / 실패 0건
[board-auto] 시작 2026. 7. 30. 오후 6:00:01
[ingest] collected=118 inserted=6
[board-auto] 대기글 12건
  [groq] 네파 구스다운 206,460원  ← 네이버최저가 199,750원(-6,710)
  [groq] 미트플렉스 한돈 2kg 29,900원  ← 카페반응 454건
  [groq] 두부과자 16,940원  ← 네이버최저가 17,900원(+960)
  [groq] 1+1 피그먼트 베개커버 9,920원  ← 네이버최저가 12,400원(+2,480)
  [groq] 마늘바게트 12,890원  ← 네이버최저가 16,580원(+3,690)
  [groq] 시크릿데이 입는오버나이트 25,580원  ← 네이버최저가 21,200원(-4,380)
  [groq] 생연어 1kg 34,960원  ← 네이버최저가 19,020원(-15,940)
  [groq] 물걸레청소포 6,900원  ← 네이버최저가 11,900원(+5,000)
  [groq] 이마트 500원 이머니
  [groq] 곡성 백도 마도카 복숭아 4kg 34,000원  ← 네이버최저가 15,800원(-18,200)
  [groq] 더미식 비빔면 8개 3,539원  ← 네이버최저가 16,740원(+9,700)
  [groq] 나랑드사이다 제로 9,927원  ← 네이버최저가 14,900원(+4,973)
[board-auto] 완료: 발행 12건 / 재포장 7건 / 실패 0건
[board-auto] 시작 2026. 7. 30. 오후 10:00:02
[ingest] collected=118 inserted=6
[board-auto] 대기글 12건
  [groq] 카누 미니 마일드 40,920원  ← 네이버최저가 37,200원(-3,720)
  [groq] 블랙야크 고어텍스 다운 139,620원  ← 네이버최저가 154,740원(+15,120)
  [groq] 이뮨 알로에 젤리 27,460원  ← 네이버최저가 25,520원(-1,940)
  [groq] 베지밀 에이 7,810원  ← 네이버최저가 19,940원(+12,130) | 카페반응 13건
  [groq] 킨더 부에노 미니 72개 13,816원
  [groq] 아이러브베베 물티슈 8800원  ← 네이버최저가 4,900원(-3,900)
  [groq] 마운트 피크 텐트 194,600원  ← 네이버최저가 179,600원(-15,000)
  [groq] 마운틴하이커 캠핑 텐트 256,000원  ← 네이버최저가 246,680원(-9,320)
  [groq] KEBIDUMEI 듀얼 마우스 키보드 10,450원
  [groq] 말랑이 백도복숭아 4kg 15,790원  ← 네이버최저가 11,500원(-4,290)
  [groq] 사세 매콤 점보 순살치킨 4,900원  ← 네이버최저가 5,900원(+1,000)
  [groq] 컬쳐랜드 5만원 7% 할인  ← 카페반응 32건
[board-auto] 완료: 발행 12건 / 재포장 7건 / 실패 0건
[board-auto] 시작 2026. 7. 31. 오전 10:44:04
[ingest] collected=118 inserted=6
[board-auto] 대기글 12건
  [groq] 동원참치 24캔 23,900원  ← 네이버최저가 69,590원(+45,690)
  [groq] 서울스카이 22,350원  ← 카페반응 54건
  [groq] 쌍계명차X루피 15,930원  ← 네이버최저가 15,950원(+20)
  [groq] 남여 반팔 카라티 26,290원  ← 네이버최저가 25,780원(-510)
  [groq] 켈로그 에너지바 3종 세트 13,500원  ← 네이버최저가 12,860원(-640)
  [groq] 명륜진사갈비 18715원  ← 네이버최저가 37,320원(+17,620)
  [groq] 맘스안심팬티 32P+견본4P 22,940원
  [groq] 유비푸드 부산 돼지국밥 15,200원  ← 네이버최저가 2,400원(-12,800) | 카페반응 74건
  [groq] 백탄 참숯 50g 3개 4,900원  ← 네이버최저가 5,400원(+500) | 카페반응 25건
  [groq] 삼양주 19,550원  ← 네이버최저가 39,610원(+20,060)
  [groq] 모노카라 새치염색약 30g 2개 3,000원  ← 네이버최저가 18,900원(+15,900)
  [groq] 걸어쓰는 숨 행잉 키친타올 11,900원  ← 네이버최저가 13,900원(+2,000)
[board-auto] 완료: 발행 12건 / 재포장 7건 / 실패 0건
[board-auto] 시작 2026. 7. 31. 오후 12:00:02
[ingest] collected=118 inserted=5
[board-auto] 대기글 12건
  [groq] 티젠 콤부차 16,900원  ← 네이버최저가 15,500원(-1,400)
  [groq] 프로스펙스 40~70% 할인  ← 카페반응 117건
  [groq] 5단 샤워기 6,900원  ← 네이버최저가 2,500원(-4,400)
  [groq] 센토 치약 120g 4개 8,940원  ← 네이버최저가 12,900원(+3,960)
  [groq] 삼성 AI Q9000 1,109,000원  ← 네이버최저가 950,000원(-159,000)
  [groq] 목우촌 우슬삼계탕 1kg 7팩 49220원  ← 네이버최저가 9,900원(-39,320)
  [groq] 프랭크버거 번+패티 8개 11,820원
  [groq] 스테비아 방울 토마토 2KG 10,500원  ← 네이버최저가 9,590원(-910) | 카페반응 44건
  [groq] 롯데웰푸드 빠삐코 20,880원  ← 네이버최저가 850원(-20,030)
  [groq] 태디베어 인견100% 홈웨어팬츠 3장 28,850원
  [groq] 숨 순수 소프트 3겹 15,610원  ← 네이버최저가 9,300원(-6,310)
  [groq] 민물장어 1kg 21,300원  ← 네이버최저가 25,500원(+4,200) | 카페반응 444건
[board-auto] 완료: 발행 12건 / 재포장 9건 / 실패 0건
[board-auto] 시작 2026. 7. 31. 오후 6:00:01
[ingest] collected=118 inserted=6
[board-auto] 대기글 12건
  [groq] 비레디 로션 40ml+20ml 26,900원
  [groq] 칵테일새우 900g+산적구이 1kg 18,500원  ← 카페반응 172건
  [groq] 접이식 가죽 트렁크 정리함 11,800원  ← 카페반응 54건
  [groq] 한우 등심 500g 24,950원  ← 카페반응 2967건
  [groq] 프레시웰 500ml 80개 13,490원
  [groq] 홈앤미 크레마 9,900원
  [groq] 한돈 1+ 삼겹살 1kg 18,900원  ← 카페반응 1465건
  [groq] 여성 에코 브리즈 스커트 29,250원
  [groq] 프로즌 마라탕 2팩 12,900원
  [groq] 사조 어묵바 13개 10,590원
  [groq] 26년 국내산 햇양파 1.5kg 1,490원
  [groq] 하이뮨 프로틴 20,180원
[board-auto] 완료: 발행 12건 / 재포장 5건 / 실패 0건
[board-auto] 시작 2026. 7. 31. 오후 10:00:01
[ingest] collected=118 inserted=6
[board-auto] 대기글 12건
  [groq] 강아지노즈워크 11,800원
  [groq] 스테비아 토마토 500gx4팩 10920원
  [groq] 밀크씨슬 330 8,090원
  [groq] 국산 미꾸라지 남원추어탕 500g 5팩 12,000원  ← 카페반응 901건
  [groq] 맘스터치 2만원권 17,000원
  [groq] 카누 더블샷 라떼 30,520원
  [groq] 하이 코엔자임Q10 맥스 6개월분 19,900원
  [groq] 100억유산균 꾸미 24,340원
  [groq] 스파클 스파클링 500ml 40병 12,740원
  [groq] 카누 캡슐 40개 16,760원
  [groq] 쪽파 1kg 7,900원
  [groq] 제주 삼다수 2L 24개 18,620원
[board-auto] 완료: 발행 12건 / 재포장 8건 / 실패 0건
[board-auto] 시작 2026. 8. 1. 오전 6:00:01
[ingest] collected=118 inserted=0
[board-auto] 대기글 12건
  [groq] 할리스 24병 25990원
  [groq] 스모크 바베큐 치킨 12개입 26,142원
  [groq] 한돈고기교자 24,900원
  [groq] 맘스터치 2만원권 15% 할인
  [groq] 풀무원 평양왕만두 1.4kg X 2개 10,240원
  [groq] 반건조 민어 5마리 19,480원  ← 카페반응 690건
  [groq] 무료 공개  ← 카페반응 1065건
  [groq] 돼지바 30입 14,040원
  [groq] 알리 이어폰 1만5천원대
  [groq] 제블레이즈 스트라토스 4 71,823원
  [groq] 포시즌스 에어캠핑텐트 1,453,600원
  [groq] XOSS 200-3000 Lm 13,694원
[board-auto] 완료: 발행 12건 / 재포장 8건 / 실패 0건
[board-auto] 시작 2026. 8. 1. 오후 12:00:01
[ingest] collected=118 inserted=6
[board-auto] 대기글 12건
  [groq] 스너글 섬유유연제 2L+탈취제 14,900원
  [groq] 자농의뜨락 밀양 딸기크림 찹쌀떡 9,800원
  [groq] 코카콜라 제로 20,060원
  [groq] 한양식품 꽃보다오징어 2개 33,615원  ← 카페반응 174건
  [groq] 층간소음매트 17,900원  ← 카페반응 92건
  [groq] 신세계푸드 올반 팬피자 4판 16,530원
  [groq] 배달의민족 5만원권 46,500원
  [groq] 인견 홈웨어 8,980원
  [groq] 코너스위트 브라탑 1+1 18,900원
  [groq] 레노마 셔츠 19,900원
  [groq] 온더고 통큰 15종세트 36,256원
  [groq] 프로데스크 2 79만9천원
[board-auto] 완료: 발행 12건 / 재포장 6건 / 실패 0건
[board-auto] 시작 2026. 8. 1. 오후 6:00:02
[ingest] collected=118 inserted=6
[board-auto] 대기글 12건
  [groq] 종근당건강 프로메가 5개월분+코어30포 45,200원
  [groq] 불스원 와이퍼 10,230원
  [groq] 래핑카우 세모포션 14,900원
  [groq] 링티 3박스 48,980원
  [groq] 한우 1++등급 800g 45,500원
  [groq] 진품경기미 햅쌀 10kg 3만
  [groq] 안동학가산김치 7kg 38,900원
  [groq] 얼라이브 비타민C 30정 3개 24,900원
  [groq] 필립스 에스프레소 449,100원
  [groq] 한우국거리 600g 19,920원  ← 카페반응 841건
  [groq] 미미네 국물떡볶이 8인분 15,470원
  [groq] 바쏘 올리브오일 1L 2병 28,400원
[board-auto] 완료: 발행 12건 / 재포장 4건 / 실패 0건
[board-auto] 시작 2026. 8. 1. 오후 10:00:01
[ingest] collected=118 inserted=6
[board-auto] 대기글 12건
  [groq] 박카스 얼박 13,900원
  [groq] 미소 냉동차돌박이 400g 8900원
  [groq] 나드리 쫄면 11,070원
  [groq] 리 바디웨어 11,300원  ← 카페반응 34건
  [groq] 폴햄 크링클팬츠 10,650원
  [groq] 푸마 반팔 8,910원
  [groq] 폴햄 반바지 4종택1 10,110원
  [groq] LGU 4.5GB +무제한 10원
  [groq] 진한 국산콩두유 33,150원
  [groq] 1996스탠다드 양말 10켤레 8,900원
  [groq] 5G 티플러스 150GB 25,900원
  [groq] 아이린 섬유유연제 6,900원  ← 카페반응 27건
[board-auto] 완료: 발행 12건 / 재포장 4건 / 실패 0건
[board-auto] 시작 2026. 8. 2. 오전 6:00:01
[ingest] collected=118 inserted=0
[board-auto] 대기글 12건
  [groq] 자이글 블룸 28cm 15,900원
  [groq] 앤드지 여름용 바지 13,490원
  [groq] 노르웨이 연어회 1kg 34,920원  ← 카페반응 169건
  [groq] 스카이락 밀폐용기 10종 세트 19,500원
  [groq] Yet Another Zombie Defense HD 1,480
  [groq] 볶은현미 닭다리 삼계탕 5팩 18,900원  ← 카페반응 103건
  [groq] 수압상승 스테인리스 샤워기 5,600원
  [groq] 북캉스 추천도서 3,900원
  [groq] 제주 미니 단호박 5kg 12,150원
  [groq] 타미힐피거 카드홀더 20,650원
  [groq] 프로메가 오메가3 53,688원
  [groq] 레고스토어 7.24~7.26 클리어런스  ← 카페반응 16건
[board-auto] 완료: 발행 12건 / 재포장 7건 / 실패 0건
[board-auto] 시작 2026. 8. 2. 오후 12:00:02
[ingest] collected=118 inserted=6
[board-auto] 대기글 12건
  [groq] 킨사이다+맥스 30캔 15,310원
  [groq] 스위치2 653,300원  ← 카페반응 24건
  [groq] 오리온 스낵세트 16,860원
  [groq] JW 옥타코사놀 52,300원
  [groq] 하이뮨 프로틴 19,900원
  [groq] 동원 테이크얼라이브 13,140원
  [groq] KUNKUN 1360원
  [groq] PS5 귀무자 79,800원
  [groq] 신라면+짜왕+배홍동비빔면 10,990원
  [groq] Toocki 툭키 60W 1m 6개 15,900원
  [groq] 한돈고기교자 22,140원
  [groq] 쿠진아트 에어프라이어 199,000원
[board-auto] 완료: 발행 12건 / 재포장 6건 / 실패 0건
[board-auto] 시작 2026. 8. 2. 오후 6:00:02
[ingest] collected=118 inserted=6
[board-auto] 대기글 12건
  [groq] 참치 6종 20,000원
  [groq] 페퍼론치노 6,670원  ← 카페반응 13건
  [groq] 철제 와이어 바구니 27,965원  ← 카페반응 20건
  [groq] 제습제 250g 9265원
  [groq] 라인프렌즈 섬유유연제 1L 3개입 7900원
  [groq] 김해 가야뜰 쌀 10kg 26,500원
  [groq] 고릴라왁싱 19,900원
  [groq] 해피콜 믹서기 109,900원
  [groq] LG 통돌이 17kg 44.9만
  [groq] 히알루론산 3종세트 10,990원  ← 카페반응 87건
  [groq] 유플러스 알뜰요금제 25,900원
  [groq] 스윗넛츠 플러스 100봉 26,980원
[board-auto] 완료: 발행 12건 / 재포장 4건 / 실패 0건
[board-auto] 시작 2026. 8. 2. 오후 10:00:02
[ingest] collected=118 inserted=6
[board-auto] 대기글 12건
  [groq] 아워홈 치킨가라아게 3개 22,320원
  [groq] 컬럼비아 반바지 30,030원
  [groq] 펩시콜라+칠성사이다 60캔 22,900원
  [groq] 제주 하우스 감귤 2kg 14,240원  ← 카페반응 272건
  [groq] 다우니 1L 6개 31,170원
  [groq] 히포 27L+10롤 68,560원
  [groq] 메타 AI 글라스 655,500원
  [groq] 범표어묵 13,900원
  [groq] KODAK 차메라 47,381원
  [groq] 고당도 샤인머스켓 2kg 14,370원  ← 카페반응 87건
  [groq] LG 코드제로 A5 351,120원
  [groq] 피엘라벤 카이팩 38L 118,180원
[board-auto] 완료: 발행 12건 / 재포장 9건 / 실패 0건
[board-auto] 시작 2026. 8. 3. 오전 6:00:02
[ingest] collected=118 inserted=1
[board-auto] 대기글 12건
  [groq] 프레시웰 2L 24개 9900원
  [groq] 미백 찰 옥수수 30개 21700원
  [groq] 스케쳐스키즈 고런 슬립인스 59,400원
  [groq] 25년 햅쌀 10kg 2.9만대
  [groq] 나이키 키즈 21,370원  ← 카페반응 13건
  [groq] NEPA 아르테 럭스 316,560원
  [groq] 국산손질꽃게 6,900원
  [groq] 로얄라이프 3겹 9,900원
  [groq] 푸마 스노우배 21,740원
  [groq] 한돈 삼겹살 1kg 18,900원
  [groq] 힐링실드 폴드8 필름 7,180원
  [groq] 무스텔라 젠틀 클렌징 젤500ml 3개 36,000원
[board-auto] 완료: 발행 12건 / 재포장 6건 / 실패 0건
[board-auto] 시작 2026. 8. 3. 오후 12:00:02
[ingest] collected=118 inserted=6
[board-auto] 대기글 12건
  [groq] 제임스딘 면 40수 15,900원
  [groq] 더 마데카크림 50ml 5개+증정 10ml 23,355원
  [groq] 아이깨끗해 핸드워시 9,540원  ← 카페반응 17건
  [groq] 파닭꼬치 20개 17,490원
  [groq] 하늘보리 1.5L 12개 11,950원
  [groq] 베지밀 두유 64팩 29,900원
  [groq] 난각번호 1번 유정란 20구 15,900원
  [groq] 최현석셰프 돈까스 2종 7팩 19,480원
  [groq] 고양이 방수 침대 17,000원
  [groq] 매직 크리스탈 램프 18,050원
  [groq] 델포유 오븐 파운드 50개 27,770원
  [groq] 하늘보리 1.5L 12개 11,950원  ← 카페반응 3394건
[board-auto] 완료: 발행 12건 / 재포장 7건 / 실패 0건
[board-auto] 시작 2026. 8. 3. 오후 6:00:02
[ingest] collected=118 inserted=6
[board-auto] 대기글 12건
  [groq] 로열라면 12개 9,520원
  [groq] 아이러브베베 물티슈 20팩 16,920원
  [groq] 마이핏 멀티비타민 60,837원
  [groq] 초록매실 제로 1.5L 12페트 17,750원
  [groq] 빙그레 아이스크림 40개 25,900원
  [groq] 최강로보 49.8만
  [groq] 한예지 가든 11,900원
  [groq] BHC 치킨+콜라 1.25L 19,900원  ← 카페반응 634건
  [groq] 스파클 500ml x 80펫 7840원
  [groq] 자이언트 통다리 9390원
  [groq] 아산 스파비스x오니오니맘 30,800원
  [groq] INDUS BLDC 49,900원
[board-auto] 완료: 발행 12건 / 재포장 7건 / 실패 0건
[board-auto] 시작 2026. 8. 3. 오후 10:00:02
[ingest] collected=118 inserted=6
[board-auto] 대기글 12건
  [groq] 냉동밥 보관용기 890원
  [groq] 닥스 소가죽 카드지갑 26,350원  ← 카페반응 11건
  [groq] 포스파티딜세린 19,900원
  [groq] 올센느 향수 1,900원
  [groq] 병풀 시카 100ml 2개 8,400원  ← 카페반응 12건
  [groq] 박카스 얼박 13,900원
  [groq] 생블루베리 310g 2팩 15,980원
  [groq] 부케가르니 샴푸/트리트먼트 4개 26,172원
  [groq] 육개장 400g 3900원
  [groq] 왕타 바이올렛 54,800원
  [groq] 락토핏 100억 25,000원
  [groq] 샤인머스켓 2kg 13,460원  ← 카페반응 11건
[board-auto] 완료: 발행 12건 / 재포장 6건 / 실패 0건
[board-auto] 시작 2026. 8. 4. 오전 6:00:02
[ingest] collected=118 inserted=3
[board-auto] 대기글 12건
  [groq] 데체코 올리브오일 2개+토마토홀 10,950원
  [groq] 마레 코지그레이IH 2개 27,900원
  [groq] Aula 독거미 F87 프로 v2 59,520원
  [groq] 치킨치즈블럭 3팩 18,800원
  [groq] 농협안심한돈 19,890원  ← 카페반응 11건
  [groq] 즉석밥 48개 33,850원
  [groq] 김재식헬스 리얼블루베리 50ml 20팩 2박스 29,900원
  [groq] 제이와이비마켓 아이스 타올 10매 9900원
  [groq] 파워에이드 10,640원
  [groq] 한우 육회+육사시미 19,400원  ← 카페반응 62건
  [groq] 백설 파스타소스 4개 15,390원
  [groq] 쭈꾸미310g 7,900원
[board-auto] 완료: 발행 12건 / 재포장 5건 / 실패 0건
[board-auto] 시작 2026. 8. 4. 오후 12:00:02
[ingest] collected=118 inserted=6
[board-auto] 대기글 12건
  [groq] 카스텔린 인덕션 14cm 14만
  [groq] 프리미엄 유정란 40구 1만3천4백60원
  [groq] 쿨 프리미엄 TR 18,900원
  [groq] 씨 적은 수박 6kg 11브릭스 14,570원  ← 카페반응 28건
  [groq] 코큐텐 Q10 46,900원
  [groq] 슈퍼우먼쌀 10kg 33,270원
  [groq] 에디션 쿨소재 반팔 12,010원
  [groq] 예스ブラ+팬티 세트 15,440원  ← 카페반응 28건
  [groq] 밥알 살아있는 백미밥 19,130원  ← 카페반응 15건
  [groq] 한우 1++ 200g 17,610원  ← 카페반응 11건
  [groq] 모던 슬림핏 정장 3.5만
  [groq] 삼립 포켓몬 띠부씰빵 9봉 10,170원
[board-auto] 완료: 발행 12건 / 재포장 9건 / 실패 0건
[board-auto] 시작 2026. 8. 4. 오후 6:00:02
[ingest] collected=118 inserted=6
[board-auto] 대기글 12건
  [groq] 올리 베이비파우더 2.5L 4개입 4400원
  [groq] 디펜스존 HD 1, 2, 3 무료  ← 카페반응 56건
  [groq] 열무김치 3kg 12,900원
  [groq] 프로젝트엠 반바지 10,170원
  [groq] 후아유 스파오 7,900원
  [groq] 고양이간식 40g x 9개 6,970원
  [groq] 메밀국수 1.5kg+모밀소스 10봉 11,470원
  [groq] 파파네정육점 한입 삼겹살 4개 20,898원
  [groq] 네슬레 프루팁스 젤리 11,500원
  [groq] 멀티비타민 이뮨에너지샷 60,837원
  [groq] 프로젝트엠 쿨팬츠/데님쇼츠 10,310원
  [groq] RASTAR GR010 39,700원
[board-auto] 완료: 발행 12건 / 재포장 6건 / 실패 0건
[board-auto] 시작 2026. 8. 4. 오후 10:00:02
[ingest] collected=118 inserted=6
[board-auto] 대기글 12건
  [groq] 초록매실 스파클링제로 10,950원
  [groq] 카이로 여름 번들 9,090원
  [groq] 프로쉬 32,900원
  [groq] 빙그레 붕어싸만코 25,900원
  [groq] 비비고 삼계탕 6개 39,900원
  [groq] 드리미 포켓 119,000원
  [groq] 복숭아 2kg 8,900원
  [groq] 갤럭시 버즈 코어 49,210원
  [groq] 아이들&amp;데스크탑 11원
  [groq] 킨더 부에노 14,080원
  [groq] 강철부대 쿨러백 15,000원
  [groq] 닥터지 블랙 스네일 크림 50ml 2개 23,100원  ← 카페반응 22건
[board-auto] 완료: 발행 12건 / 재포장 5건 / 실패 0건
[board-auto] 시작 2026. 8. 5. 오전 6:00:02
[ingest] collected=118 inserted=3
[board-auto] 대기글 12건
  [groq] 케이미트 삼겹살 1kg 9,910원
  [groq] 네온 사인 20,550원  ← 카페반응 22건
  [groq] 쿠디 텐트 3-5인용 3458만원
  [groq] 타미힐피거 93,203원
  [groq] 아큘레틱 아쿠아슈즈 7,920원
  [groq] 푸마 트리코트 7부 숏팬츠 23,600원
  [groq] 푸마 양말 10켤레 12,900원
  [groq] BBQ 닭다리 3팩 27,342원
  [groq] 곡성 흑찰옥수수 10개 11,900원
  [groq] 맘스터치 2만원권 16,900원
  [groq] 일본식 채담카레 12팩 11,990원
  [groq] 국산 햇감자 5kg 8,900원
[board-auto] 완료: 발행 12건 / 재포장 6건 / 실패 0건
[board-auto] 시작 2026. 8. 5. 오후 12:00:02
[ingest] collected=118 inserted=6
[board-auto] 대기글 12건
  [groq] EVA 보호패드 9,790원
  [groq] 산파트리지오 올리브유 2개 21,900원
  [groq] 24L 위닉스 제습기 47원
  [groq] 피스테크 선풍기 20,900원
  [groq] 머스크메론 17,600원
  [groq] 한끼통살 30팩 43,617원
  [groq] 욕실 코너선반 10,900원  ← 카페반응 148건
  [groq] 곡물마켓 잡곡 500g 1900원
  [groq] 금강 육개장 630g 5봉 18,510원
  [groq] 아이더 장원영 구스 롱다운자켓 14만대  ← 카페반응 80건
  [groq] CQR 쿨링 반팔 7,890원
  [groq] 원터치 샤워기 7,550원
[board-auto] 완료: 발행 12건 / 재포장 4건 / 실패 0건
[board-auto] 시작 2026. 8. 5. 오후 11:21:03
[ingest] collected=118 inserted=6
[board-auto] 대기글 12건
  [groq] 천하장사 3종 48개 13,500원
  [groq] 영암 무화과 400g 9,000원
  [groq] 꿀사과 2kg 9,900원
  [groq] 카레여왕 즉석 10개 12,750원  ← 카페반응 11건
  [groq] 대추방울토마토 2kg 8,720원  ← 카페반응 1547건
  [groq] 베라 4ZERO 10,790원
  [groq] 컨셉원 여름용 반팔니트 19,000원  ← 카페반응 29건
  [groq] 라플란 제빙기 10kg 94,050원
  [groq] 쭈꾸미 불라쓰 300g 4팩 28,640원
  [groq] 리르 EGF 펩링크 아이크림 15ml 3,000원
  [groq] 루테인 골드 10,800원
  [groq] 뷰카 센트 클래식 510ml 3개 18,900원
[board-auto] 완료: 발행 12건 / 재포장 3건 / 실패 0건
[board-auto] 시작 2026. 8. 5. 오후 11:26:39
[ingest] collected=118 inserted=6
[board-auto] 대기글 12건
  [groq] 애슐리 볶음밥 3종 세트 14,490원
  [groq] 명품육개장 600g 10팩 24,360원
  [groq] 테슬라 래쉬가드 10,310원
  [groq] 이클립스 캔디 8개입+달력 13,350원
  [groq] 제스프리 골드키위 3.4kg 20,450원  ← 카페반응 11건
  [groq] 포카리스웨트 340ml 24입 12,440원
  [groq] 육식토끼 소시지/비엔나 40팩 33,900원
  [groq] 파닭꼬치 1+1 17,940원
  [groq] 페레로 킨더 부에노 72개 14,080원
  [groq] 마니커 오곡품 22,900원
  [groq] 펩시 제로슈거 라임 500ml 20개 14,000원
  [groq] 아산맑은쌀 10kg 27,310원
[board-auto] 완료: 발행 12건 / 재포장 6건 / 실패 0건
[board-auto] 시작 2026. 8. 6. 오전 6:00:02
[ingest] collected=118 inserted=3
[board-auto] 대기글 12건
  [groq] 파김치 1kg 9,900원
  [groq] 포카리스웨트 340ml 24개 12,440원
  [groq] 4개월 1,100원 알뜰폰  ← 카페반응 33건
  [groq] A급 자숙 문어 25,560원  ← 카페반응 24건
  [groq] CGV 스파이더맨 2D 7900원
  [groq] 네이버 27원  ← 카페반응 36건
  [groq] USB 모션 센서 LED 4,660원  ← 카페반응 67건
  [groq] 라인바싸 500ml 11,880원
  [groq] 탄산수 11,880원
  [groq] 해운대암소갈비집 4팩 35,200원
  [groq] 빙그레 아이스크림 5개 22,634원
  [groq] 1등급 한우 불고기 21,890원  ← 카페반응 52건
[board-auto] 완료: 발행 12건 / 재포장 8건 / 실패 0건
[board-auto] 시작 2026. 8. 6. 오후 12:00:03
[ingest] collected=118 inserted=6
[board-auto] 대기글 12건
  [groq] 백도 복숭아 4kg 11,470원  ← 카페반응 108건
  [groq] 퀜처 1.18L 35,550원
  [groq] 나랑드사이다 9,070원
  [groq] 蒙당 간장게장 2kg 3미 19,980원
  [groq] 전라도 총각김치 3kg 9900원
  [groq] 토마토 5kg 9,920원
  [groq] 듀오덤 3,800원
  [groq] HACCP 구운계란 60구 16,900원
  [groq] 더말 데일리 50매 13,920원
  [groq] 나랑드사이다 24캔 10,120원
  [groq] 포카칩 20개 21,760원
  [groq] 사미힌 한끼 갈비탕 4팩 27,000원
[board-auto] 완료: 발행 12건 / 재포장 7건 / 실패 0건
[board-auto] 시작 2026. 8. 6. 오후 6:00:01
[ingest] collected=118 inserted=6
[board-auto] 대기글 12건
  [groq] 천일식품 매콤달달라볶이 8900원
  [groq] 허쉬 쿠키 20개 9,990원
  [groq] 풀무원 워터루틴 12,900원
  [groq] 다니엘크레뮤 하프 슬리브 3종세트 9900원
  [groq] 맥반석 구운란 30구 9600원
  [groq] 백미밥 24개 21,150원  ← 카페반응 14건
  [groq] 썸머킹 5kg 11,490원
  [groq] 어앤더 애플워치 가죽 스트랩 39,000원
  [groq] SEALIFE 1인 입장권 19,500원
  [groq] 오리 고추장 불고기 19,710원  ← 카페반응 1393건
  [groq] 라꽁비에뜨 35,000원
  [groq] 레노마 반소매 23,750원
[board-auto] 완료: 발행 12건 / 재포장 6건 / 실패 0건
[board-auto] 시작 2026. 8. 6. 오후 10:00:02
[ingest] collected=118 inserted=6
[board-auto] 대기글 12건
  [groq] 백도 딱딱이 복숭아 4kg 12~14과 24,720원  ← 카페반응 23건
  [groq] 오븐 초벌 돼지막창 2kg 22,480원  ← 카페반응 22건
  [groq] 갤럭시 폴드8 199만
  [groq] 국산 돌산갓김치 1.5kg 8720원  ← 카페반응 2140건
  [groq] 입오버 8p 4팩 21,290원
  [groq] 갤럭시폴드8 2268만
  [groq] A급 자숙 문어 1kg 25,560원
  [groq] 시그니앙 골드퍼플 8,900원
  [groq] 뿌링클+치즈볼+코카-콜라제로 21,000원
  [groq] 에브리워터 4400원
  [groq] SKT 100GB 2,900원
  [groq] 롯데웰푸드 시원캠퍼스 19,900원
[board-auto] 완료: 발행 12건 / 재포장 5건 / 실패 0건
[board-auto] 시작 2026. 8. 7. 오전 6:00:02
[ingest] collected=118 inserted=6
[board-auto] 대기글 12건
  [groq] AULA 키보드 56,900원
  [groq] 갤럭시 z폴드8 256gb 2278100원
  [groq] 영암 꿀 무화과 500g 10,900원
  [groq] 마그레브 LED 조명 33,200원  ← 카페반응 16건
  [groq] 갤럭시 Z 폴드8, Z플립8 예판  ← 카페반응 348건
  [groq] 롯데 빠삐코 2,860원
  [groq] 생메밀소바 10,900원
  [groq] 풀무원 평양왕만두 3봉 25,120원
  [groq] 스위치2 648,000원
  [groq] 부르르 밀크소다제로 13,590원
  [groq] 청정원 초고추장 7,900원
  [groq] 양파 5kg 3720원
[board-auto] 완료: 발행 12건 / 재포장 7건 / 실패 0건
[board-auto] 시작 2026. 8. 7. 오후 12:00:02
[ingest] collected=118 inserted=6
[board-auto] 대기글 12건
  [groq] 1++ 한우 200g 11,900원
  [groq] 한토래 10kg 42,600원
  [groq] 호주산 소갈비살 1kg
  [groq] 포레스트큐브 쉐이드텐트 66,900원
  [groq] 딱딱이 백도복숭아 4kg 23,013원
  [groq] 담양 한돈 1kg 16,570원  ← 카페반응 22건
  [groq] 삼성 55인치 TV 30% 할인
  [groq] 차량용 디퓨저 2개 9,600원
  [groq] 갤럭시 플립8 256G 85요금제 773,000원
  [groq] PIANER 쿨 스판 팬츠 2팩 26,955원
  [groq] 맛선생 참치액 950g 1+1개 7,900원
  [groq] 뉴트리션메이트 비타민c 1000mg 26,390원
[board-auto] 완료: 발행 12건 / 재포장 4건 / 실패 0건
[board-auto] 시작 2026. 8. 7. 오후 6:00:02
[ingest] collected=118 inserted=6
[board-auto] 대기글 12건
  [groq] 애슐리x자연별곡 볶음밥 19,710원
  [groq] 쟌슨빌 핫도그 7팩 8,550원
  [groq] 챕터엑스 오버핏 18,620원
  [groq] 쉐프의 치킨스톡 3개 10800원
  [groq] 캐치웰 CX PRO 249,000원
  [groq] 샤인머스켓 2kg 13,460원
  [groq] 허닭 함박스테이크 18팩 26,510원
  [groq] 후숙 아보카도 8개 9620원
  [groq] z폴드8 256gb→512gb
  [groq] 앱코 WEM60/PRO 21,900원
  [groq] 목우촌 살코기햄 1kgx2+로스구이 250g 17,580원
  [groq] 초벌 소곱창 200g + 특제소스 30g 5,190원  ← 카페반응 129건
[board-auto] 완료: 발행 12건 / 재포장 4건 / 실패 0건
[board-auto] 시작 2026. 8. 7. 오후 10:00:02
[ingest] collected=118 inserted=6
[board-auto] 대기글 12건
  [groq] 아망떼 물티슈 6,940원
  [groq] 전복 1kg 6미 16,800원
  [groq] 드빈치 치즈 5팩+5팩 30,560원
  [groq] 슈퍼 비타민C 3000 100포 x 3박스 21,900원  ← 카페반응 28건
  [groq] 포스트 시리얼 4봉 14,130원
  [groq] 뉴트원 비오틴 3900원
  [groq] 스테비아 대추방울토마토 4팩 11,970원  ← 카페반응 47건
  [groq] 마포 끄티집 왕돼지구이 1.2kg 2팩 14,900원
  [groq] 폴햄 면 반팔티 4장 15,530원
  [groq] 머렐 하이드로 64,860원
  [groq] SK알뜰망 100기가+5mps 1,100원
  [groq] 도톰한 3겹 퀼팅 20,780원
[board-auto] 완료: 발행 12건 / 재포장 8건 / 실패 0건
[board-auto] 시작 2026. 8. 8. 오전 6:00:02
[ingest] collected=118 inserted=1
[board-auto] 대기글 12건
  [groq] AW3926QW 169만
  [groq] 반려동물 미끄럼 방지 양말 2,080원
  [groq] 양말 8,760원
  [groq] LG HBS900 21,450원
  [groq] 애거사 크리스티 13,650원
  [groq] 발더스 게이트3 45,360원
  [groq] 아이깨끗해 490ml 6개 12,840원
  [groq] theHunter: Call of the Wild 4300원
  [groq] 펩시 제로 60캔 22,140원
  [groq] 국산 순살 삼치밥상 1+1 27,900원
  [groq] Dome: Become Thyself 무료
  [groq] 디어스킨 생리대 9570원
[board-auto] 완료: 발행 12건 / 재포장 7건 / 실패 0건
[board-auto] 시작 2026. 8. 8. 오후 12:00:02
[ingest] collected=118 inserted=6
[board-auto] 대기글 12건
  [groq] 프로베스트 캣 29.5kg 55,100원
  [groq] 보성홍차 아이스티 제로 15,900원
  [groq] RAZER BlackWidow V3 TKL 49,900원
  [groq] 휘슬러 웨딩 키친툴 11.5만
  [groq] 블랙앵거스 400g 1팩 15130원
  [groq] 장인의 정통 메밀소바 6인분 세트 6,970원
  [groq] 맥반석 구운계란 8,800원
  [groq] 네스퀵 프로틴 4900원
  [groq] 셀렉스 프로핏 50,048원
  [groq] 프리미엄 유정란 40구 15,820원  ← 카페반응 102건
  [groq] 네파 심리스 드로즈 3종세트 9,080원
  [groq] 갤럭시 Z폴드8 512GB 2278만
[board-auto] 완료: 발행 12건 / 재포장 4건 / 실패 0건
[board-auto] 시작 2026. 8. 8. 오후 6:00:02
[ingest] collected=118 inserted=6
[board-auto] 대기글 12건
  [groq] UTUNE 소프트핏 11,500원
  [groq] 종로식 닭볶음탕 1.1kg 7,500원
  [groq] 한돈 삼겹살 18,900원  ← 카페반응 1005건
  [groq] 쿡솜씨 깻잎매콤순대볶음 5,890원
  [groq] 에브리워터 500ml 40개 4400원
  [groq] 거반도 납작 복숭아 14,790원
  [groq] 돌김자반 10봉 10,900원
  [groq] 연세우유 고칼슘 180ml 16팩 6,500원
  [groq] 헤이필드 그릭요거트 6개 17,910원
  [groq] 전복선물세트 12,780원  ← 카페반응 25건
  [groq] 루테인지아잔틴 15,830원
  [groq] 폰 스트랩 9,900원  ← 카페반응 25건
[board-auto] 완료: 발행 12건 / 재포장 6건 / 실패 0건
[board-auto] 시작 2026. 8. 8. 오후 10:00:02
[ingest] collected=118 inserted=6
[board-auto] 대기글 12건
  [groq] 포크밸리 한돈 1kg 17,540원
  [groq] 래핑카우 벨큐브 19,670원
  [groq] Dome: Become Thyself 10,900원
  [groq] 풀무원 고기만두 9,980원
  [groq] 나의 히어로 아카데미아 41원
  [groq] 따옴바 40개 25,010원
  [groq] 스키피땅콩버터 2종 8,900원
  [groq] 얄피꽉찬 물만두 1kg 2봉 10,980원
  [groq] 레인코드 Plus 27,800원
  [groq] PS5 더 블러드 오브 던워커 338,000원
  [groq] 마인크래프트 70% 할인
  [groq] PRO X2 SUPERSTRIKE 259,000원
[board-auto] 완료: 발행 12건 / 재포장 5건 / 실패 0건
[board-auto] 시작 2026. 8. 9. 오전 6:00:02
[ingest] collected=118 inserted=0
[board-auto] 대기글 12건
  [groq] 꿀수박 6kg 11,870원  ← 카페반응 2395건
  [groq] 3D 밤 LED 조명 31,900원
  [groq] 블루투스 키보드 마우스 21,903원
  [groq] 침실등 3,140원
  [groq] RnnTuu Led 일몰 램프 3220원
  [groq] 태블릿 키보드 13,700원
  [groq] 대량 개 두건 18,950원
  [groq] 스위치2 본체+포켓몬 71.78만
  [groq] 반구형 텐트 44,400원
  [groq] HP Poly Studio R30 4K 920,000원
  [groq] 쉬림프바질오일파스타 7,450원
  [groq] 크리넥스 마이비데 10,500원
[board-auto] 완료: 발행 12건 / 재포장 8건 / 실패 0건
[board-auto] 시작 2026. 8. 9. 오후 12:00:02
[ingest] collected=118 inserted=6
[board-auto] 대기글 12건
  [groq] 뚜레쥬르 1만원권 8300원  ← 카페반응 495건
  [groq] 블랙야크 반팔티 3장 32,820원
  [groq] 헉슬리 퍼퓸 세트 28,710원
  [skip] ppomppu-723642 — 각색 실패
  [skip] ppomppu-723650 — 각색 실패
  [skip] ppomppu-723651 — 각색 실패
  [skip] ppomppu-723641 — 각색 실패
  [skip] ppomppu-723649 — 각색 실패
  [skip] ppomppu-723640 — 각색 실패
  [skip] ppomppu-723671 — 각색 실패
  [skip] ppomppu-723677 — 각색 실패
  [skip] ppomppu-723673 — 각색 실패
[board-auto] 완료: 발행 3건 / 재포장 1건 / 실패 9건
[board-auto] 시작 2026. 8. 9. 오후 6:00:03
[ingest] collected=118 inserted=6
[board-auto] 대기글 12건
  [groq] 서울우유 무가당 블랙9곡 두유 19,260원
  [groq] 천연사이다 제로 11,790원
  [groq] 월미 국산 김치 10kg 24,800원
  [groq] 올인원 캡슐 식기세척기 12,850원
  [groq] 완도 활전복 1kg 9-10미 15,970원  ← 카페반응 4849건
  [groq] 티젠 제로슈가 15,900원
  [groq] 북캉스 S급 중고도서 3,900원
  [groq] 발더스게이트3 46,200원
  [groq] 수비드 닭가슴살 20팩 36,000원
  [groq] 샤인머스캣 1.5kg 10,970원  ← 카페반응 11건
  [groq] 부드러운 반건조 오징어 16,860원  ← 카페반응 1817건
  [groq] 미국산 소갈비살 26,900원
[board-auto] 완료: 발행 12건 / 재포장 8건 / 실패 0건
[board-auto] 시작 2026. 8. 9. 오후 10:00:03
[ingest] collected=118 inserted=6
[board-auto] 대기글 12건
  [groq] 모다모다 갈변샴푸 17,410원
  [groq] 비즈 드라이 반팔 15,700원
  [groq] 냉감 베개커버 1+1 9,900원
  [groq] 난각번호1번 유정란 7440원  ← 카페반응 36건
  [groq] 딥 퍼퓸 바디워시 1L 4개 15,900원  ← 카페반응 20건
  [groq] 민물장어 1kg 17,670원  ← 카페반응 19건
  [groq] 쟌슨빌 소시지 28,240원
  [groq] 발더스 게이트3 46,200원
  [groq] Mutazione 0원
  [groq] 젤다무쌍 60,650원
  [groq] 얄피꽉찬 고기만두 9,980원
  [groq] 물티슈 20팩 16,920원
[board-auto] 완료: 발행 12건 / 재포장 6건 / 실패 0건
[board-auto] 시작 2026. 8. 10. 오전 6:00:02
[ingest] collected=118 inserted=0
[board-auto] 대기글 12건
  [groq] VGN F2 마우스 48,230원
  [groq] Gears 5 GOTY 85% 할인 6,730원
  [groq] 멕시카나 1989오리진후라이드 14,800원
  [groq] 외갓집 진심 육개장 8,490원
  [groq] Split Fiction 36,400원
  [groq] 스파클 2L 24펫 7200원
  [groq] 국산 손질오징어 1kg 11,940원  ← 카페반응 69건
  [groq] 크라운제과 15종 11,900원
  [groq] 하겐다즈 6개 43,920원
  [groq] 추억 과자 2kg 11,430원
  [groq] 로투스 비스코프 20,600원
  [groq] 신세계푸드 밀크앤허니 호두파이 14,930원
[board-auto] 완료: 발행 12건 / 재포장 4건 / 실패 0건
[board-auto] 시작 2026. 8. 10. 오후 12:00:02
[ingest] collected=118 inserted=6
[board-auto] 대기글 12건
  [groq] 아이러브베베 물티슈 10팩 8,800원
  [groq] 동태탕 밀키트 480g 5,000원
  [groq] 남성 사각 드로즈팬티 3장 5,900원  ← 카페반응 34건
  [groq] 스카이락 오이지장아찌용기 1+1 8160원
  [groq] 토너패드 25,900원
  [groq] 블루베리 프리미엄 90팩 101,000원
  [groq] 표고버섯 1kg 7720원
  [groq] 냉동 목살 500g 2팩 12,900원
  [groq] 모나리자 23,900원
  [groq] 서리태 두유 19,470원
  [groq] 쿨매트+베개커버 24,900원
  [groq] 청정미인 9500원
[board-auto] 완료: 발행 12건 / 재포장 4건 / 실패 0건
[board-auto] 시작 2026. 8. 10. 오후 6:00:02
[ingest] collected=118 inserted=6
[board-auto] 대기글 12건
  [groq] 테라바디 40% 할인
  [groq] 폴햄 쿨스킨 6,775원
  [groq] 쿨 슬랙스 23,200원
  [groq] 사마귀냉동치료기 19,900원
  [groq] 머거본 안주세트 12,900원
  [groq] 영암 노지 햇 무화과 1kg 12,810원
  [groq] 오리로스 500g 8,600원
  [groq] 딱딱이 백도 복숭아 2kg 12,900원  ← 카페반응 56건
  [groq] 폴햄 크링클 팬츠 10,650원
  [groq] 지오다노 티셔츠 6100원
  [groq] Sol Cesto 무료
  [groq] 나이키 P-6000 71,590원
[board-auto] 완료: 발행 12건 / 재포장 3건 / 실패 0건
[board-auto] 시작 2026. 8. 10. 오후 10:00:02
[ingest] collected=118 inserted=6
[board-auto] 대기글 12건
  [groq] 동원참치 20캔 22,600원
  [groq] 복숭아 대과 4kg 19,900원  ← 카페반응 56건
  [groq] 신라면 40개 23,639원
  [groq] 난각번호 1번 유정란 27,900원  ← 카페반응 113건
  [groq] 복숭아 딱딱이 4KG 14,520원  ← 카페반응 19건
  [groq] AULA F108 PRO 48,510원
  [groq] 스파이더맨 21,120원
  [groq] 옥토패스 14,940원
  [groq] 락토핏 골드 360포 52,288원
  [groq] SK엔무브 지크 X10 0W-20 4L 26640원
  [groq] 그린핑거 쿨링 선스프레이 12410원
  [groq] Seagate 2TB 외장SSD 295,360원
[board-auto] 완료: 발행 12건 / 재포장 4건 / 실패 0건
[board-auto] 시작 2026. 8. 11. 오전 6:00:02
[ingest] collected=118 inserted=2
[board-auto] 대기글 12건
  [groq] CJ프레시웨이 냉동블루베리 1kg x 3개 24,320원
  [groq] 황금홀릭 240g 4개 12,843원
  [groq] 딤섬/개성만두 6봉 20170원
  [groq] 깻잎찰순대 4,900원
  [groq] 오리고기 500g 7,890원
  [groq] 사이버펑크2077 19,800원
  [groq] 동서 애사비 콤부차 30T 2개 13,220원
  [groq] 5kg 장아찌용 4760원
  [groq] 순면프레쉬 3팩 11,910원
  [groq] 츄파춥스 18,900원
  [groq] 데카트론 카본 러닝화 10만원
  [groq] 헤드앤숄더 800ml x3+미니2  ← 카페반응 33건
[board-auto] 완료: 발행 12건 / 재포장 7건 / 실패 0건
[board-auto] 시작 2026. 8. 11. 오후 12:00:02
[ingest] collected=118 inserted=6
[board-auto] 대기글 12건
  [groq] 엑스솔 X-33 9,900원
  [groq] 로메인청상추 1kg 9520원
  [groq] 르꼬끄 비아리츠 Z 31,251원
  [groq] 앙블랑 물티슈 23,330원
  [groq] A2R 쿨링 반팔티 2매 세트 9730원
  [groq] 갤Z폴드8 512GB 227만원대  ← 카페반응 38건
  [groq] 콩앤콩 인기두유 16,630원
  [groq] 카스 제로 500ml 24캔 22,040원
  [groq] 미국산 등갈비 2kg 19,800원
  [groq] 낫소 쿠션 샌들 9,050원
  [groq] 로얄플러스 물티슈 20팩 761원
  [groq] 백도 복숭아 4kg 15,990원
[board-auto] 완료: 발행 12건 / 재포장 9건 / 실패 0건
[board-auto] 시작 2026. 8. 11. 오후 6:00:02
[ingest] collected=118 inserted=6
[board-auto] 대기글 12건
  [groq] 카이로 여름 번들 8,640원
  [groq] 삼양라면 5,420원
  [groq] 샤인머스켓 2kg 12,701원
  [groq] 동원 아기치즈 3종 27,450원
  [groq] 허니듀멜론 2개 16,710원
  [groq] 타미힐피거 폴로셔츠 59,880원
  [groq] 동원 양반 냉면 4봉 18,600원  ← 카페반응 15건
  [groq] 프로메가 오메가3 52,968원
  [groq] 아이더 구스 롱다운자켓 149,550원
  [groq] 에디션 워셔블 니트 4종 31,430원
  [groq] 여수 돌산갓김치 1kg 6,560원
  [groq] 파스타소스 4개+면증정 16,060원
[board-auto] 완료: 발행 12건 / 재포장 9건 / 실패 0건
[board-auto] 시작 2026. 8. 11. 오후 10:00:03
[ingest] collected=118 inserted=6
[board-auto] 대기글 12건
  [groq] 매일 플러스 2900원  ← 카페반응 863건
  [groq] 상하목장 유기농우유 25,940원  ← 카페반응 19건
  [groq] 탄산워싱소다 6kg+베이킹소다 3kg 9770원
  [groq] RTG 오메가3 1,100mg 19,990원
  [groq] 삼다수 2L 24개 18,920원
  [groq] 케라시스 샴푸 4900원
  [groq] 서울스카이 20,740원  ← 카페반응 51건
  [groq] 딥큐 캡슐세제 200개 13,720원
  [groq] 빅토리아 탄산수 13,210원
  [groq] 진미채 1kg 2만원대
  [groq] 헤지스 반팔티 75,140원  ← 카페반응 689건
  [groq] 듀록 꽃삼겹살 4mm 500g 4개 20,898원
[board-auto] 완료: 발행 12건 / 재포장 9건 / 실패 0건
[board-auto] 시작 2026. 8. 12. 오전 6:00:03
[ingest] collected=118 inserted=0
[board-auto] 대기글 12건
  [groq] 오라덴스 치실 60개 2,000원
  [groq] 쿨 침대 패드 15,760원
  [groq] 남성 드로즈 3장 5,500원
  [groq] 뉴케어 영양한잔 440원
  [groq] 앤커 사운드코어 C50i 44,910원
  [groq] 하림 치즈인더컵 9,900원
  [groq] 이뮨 알로에 젤리스틱 29,900원
  [groq] 원양산 통오징어 5팩 18,240원
  [groq] 타미진스 오버 셔츠 50,461원
  [groq] 필립스 클립스탠드 19,600원
  [groq] 습기제로 275g 24개입 15,800원
  [groq] 메가MGC커피 3520원
[board-auto] 완료: 발행 12건 / 재포장 7건 / 실패 0건
[board-auto] 시작 2026. 8. 12. 오후 12:00:02
[ingest] collected=118 inserted=6
[board-auto] 대기글 12건
  [groq] 영양쌀 25년산 20kg 57,640원  ← 카페반응 892건
  [groq] 네파키즈 트레이닝세트 28,570원
  [groq] 트라이 순면 트렁크 5장세트 10,940원
  [groq] 올인원 멀티비타민팩 23,900원  ← 카페반응 178건
  [groq] 의정부식 부대찌개 7,900원
  [groq] 캣츠비 2kg 18,700원
  [groq] 토마토 5kg 12,600원
  [groq] 샤인머스켓 2kg 16,500원  ← 카페반응 11건
  [groq] 자노탁트 맥주효모 6개 세트 39,780원
  [groq] 롯데 아이스크림 30개 13,570원
  [groq] 비빔냉면 10인분 9900원
  [groq] 리커버리 운동화 15,900원
[board-auto] 완료: 발행 12건 / 재포장 7건 / 실패 0건
[board-auto] 시작 2026. 8. 12. 오후 10:08:32
[ingest] collected=118 inserted=6
[board-auto] 대기글 12건
  [groq] 켈로그 오곡 첵스초코 570g 1+1  ← 카페반응 50건
  [groq] 왕타 쇼티 12P 11,500원
  [groq] 도브 바디워시 200ml x 3개 6,500원
  [groq] 활전복 1kg 13,720원  ← 카페반응 1456건
  [groq] 후디스 그릭요거트 2개 7,400원
  [groq] 올리브녹차 도시락김 32봉 8500원
  [groq] 오뚜기피자 외 11% 할인  ← 카페반응 11건
  [groq] 네이버멤버십 오레오 50% 할인
  [groq] 알뜰 100gb 5mbps 2900원
  [groq] 칭따오 논알콜릭 맥주 616원
  [groq] 신라면 20입 8,900원
  [groq] 천연사이다 제로 60캔 21,970원
[board-auto] 완료: 발행 12건 / 재포장 3건 / 실패 0건
[board-auto] 시작 2026. 8. 13. 오전 1:27:40
[ingest] collected=118 inserted=6
[board-auto] 대기글 12건
  [groq] 버거킹 불고기와퍼주니어 5450원
  [groq] 펩시제로 25,770원
  [groq] 매일두유 13,520원
  [groq] RTX5080 2,009,730원
  [groq] 고기듬뿍 감자탕 16,350원
  [groq] 포카칩 19,280원
  [groq] CJ 스틱돈까스 200gX2개 5,988원
  [groq] 우삼겹 2kg 21,910원
  [groq] 토레타 1,000원
  [groq] 허니듀멜론 17,960원
  [groq] 아이깨끗해 포차코 4.5L+공용기 22,320원
  [groq] 풀무원생수 13,520원
[board-auto] 완료: 발행 12건 / 재포장 9건 / 실패 0건
[board-auto] 시작 2026. 8. 13. 오전 6:00:02
[ingest] collected=118 inserted=2
[board-auto] 대기글 12건
  [groq] 김치찌개김치찜 10개 18,770원
  [groq] 고단백 베이글 6,800원
  [groq] 외장하드 1TB 124,720원
  [groq] 하인즈 데미 함박 스테이크 19,960원
  [groq] 피죤 무균무때 10,900원
  [groq] 부르르 제로탄산 60캔 19,900원
  [groq] 한돈 목살 1kg 15,830원  ← 카페반응 81건
  [groq] 클라우드 논알콜릭 530원
  [groq] 덴코큐 60개 25,170원
  [groq] 소이 프로틴 파우더 17,900원
  [groq] QCY Crossky GTR2 1+1 29,840원
  [groq] 토니모리 세라마이드 모찌 토너 500m+500m 25,800원
[board-auto] 완료: 발행 12건 / 재포장 6건 / 실패 0건
[board-auto] 시작 2026. 8. 13. 오후 12:00:02
[ingest] collected=118 inserted=6
[board-auto] 대기글 12건
  [groq] 엔젯오리진 멀티비타민 7,450원
  [groq] 풀무원샘물 귀리차 20개 9,990원
  [groq] 유가네 닭갈비 볶음밥 16,300원  ← 카페반응 14건
  [groq] 춘천닭갈비 1kg+1kg 15,300원
  [groq] 건국 고칼슘 두유 23,250원
  [groq] 데스커 10%쿠폰+할인
  [groq] 머스크 멜론 2kg 4620원
  [groq] 크리넥스 마이비데 17600원
  [groq] 맥시칸치킨 1,960원
  [groq] 나이키 리액트X 39,280원
  [groq] 자연별곡 훈제오리 1.2kg 21,070원
  [groq] 쿠보타 찹쌀떡 12봉 9,900원
[board-auto] 완료: 발행 12건 / 재포장 7건 / 실패 0건
[board-auto] 시작 2026. 8. 13. 오후 6:00:01
[ingest] collected=118 inserted=6
[board-auto] 대기글 12건
  [groq] 폴햄 청바지 18,240원  ← 카페반응 13건
  [groq] 두메산골 닭다리살 2kg 19,460원
  [groq] 블루베리퓨레 100% 42포 13,983원
  [groq] 찰떡 일품 팥빙수 16,788원
  [groq] 국산 돌산갓김치 1.5kg 8,800원  ← 카페반응 2138건
  [groq] 알티지 오메가3 4박스 37,842원
  [groq] 강아지옷 1,000원
  [groq] 프레시웰 500ml X 80개 13,490원
  [groq] 국산 100% 돌산갓김치 2kg 9730원  ← 카페반응 449건
  [groq] 오레오 쿠키 12개 11,500원
  [groq] 크리넥스 마이비데 20,170원
  [groq] 스테이바 토망고 500g x 4팩 9,234원
[board-auto] 완료: 발행 12건 / 재포장 8건 / 실패 0건
[board-auto] 시작 2026. 8. 13. 오후 10:00:01
[ingest] collected=118 inserted=5
[board-auto] 대기글 12건
  [groq] 맥반석 구운란 60구 15,824원
  [groq] 하겐다즈바 9개 24,561원
  [groq] 산타바바라폴로 남성 드로즈팬티 10매+벨트 11,550원
  [groq] 풀무원 평양왕만두 1.4kg 2개 14,950원
  [groq] 고당도 블랙망고수박 2개 14,000원  ← 카페반응 130건
  [groq] 빙그레 바 아이스크림 20+20개 17,326원
  [groq] 월드컵 EVA 아쿠아슈즈 9900원
  [groq] 크랜베리바 5개 32,480원
  [groq] 유한락스 600ml 4+500ml
  [groq] 불스원 컴파운드 13,900원
  [groq] QCY T33 29,900원
  [groq] 한우 소곱창 10,800원  ← 카페반응 572건
[board-auto] 완료: 발행 12건 / 재포장 10건 / 실패 0건
[board-auto] 시작 2026. 8. 14. 오전 9:43:49
[ingest] collected=118 inserted=5
[board-auto] 대기글 12건
  [groq] 조선호텔 포기김치 8kg 62,780원  ← 카페반응 2315건
  [groq] 컴포트 샌들 12,830원
  [groq] 매일두유 24팩 28,800원  ← 카페반응 124건
  [groq] 비비고 사골곰탕 15,900원
  [groq] GC녹십자 밀크씨슬 1+1 6,860원
  [groq] 상하목장 아이스크림 SET 23,600원
  [groq] 한우 1++ 200G 17,560원  ← 카페반응 11건
  [groq] 몽쉘 케이크 4개 14,170원
  [groq] 베키아에누보 치아바타 9개입 23,900원  ← 카페반응 13건
  [groq] 쿠쿠 에코웨일 큐브 2L 381,586원
  [groq] 샤오미 무선 청소기 57,900원
  [groq] 스트링치즈 200g 5팩 17,980원
[board-auto] 완료: 발행 12건 / 재포장 4건 / 실패 0건
[board-auto] 시작 2026. 8. 14. 오후 12:00:01
[ingest] collected=118 inserted=6
[board-auto] 대기글 12건
  [groq] 숙성담은 간장불고기 15,900원
  [groq] 삼산주조장 해남막걸리 12도 750ml x3 24,370원
  [groq] 반스 로퍼 26,180원
  [groq] 오사카 2박3일 269,540원  ← 카페반응 41건
  [groq] 화이트 인덕션 315,456원
  [groq] 머스크 멜론 5,800원
  [groq] 푸고 빨대컵 21,430원
  [groq] LG 휘센 37만
  [groq] 니드포스피드 3850원
  [groq] 푸마 리딤 프로폼 23,730원
  [groq] 초벌 소곱창 160g 5개 21,950원  ← 카페반응 36건
  [groq] 보랄 BLDC 선풍기 69,570원
[board-auto] 완료: 발행 12건 / 재포장 7건 / 실패 0건
[board-auto] 시작 2026. 8. 14. 오후 6:00:02
[ingest] collected=118 inserted=6
[board-auto] 대기글 12건
  [groq] 터치 프리미엄 5kg+스푼 6,680원
  [groq] 고등어 필렛 1.4kg 27,380원  ← 카페반응 202건
  [groq] 삼육김 8,400원
  [groq] 오뚜기 XO 만두 8봉 23,370원
  [groq] 왕교자 2+2 29,868원  ← 카페반응 23건
  [groq] 광천김 12230원
  [groq] 커버낫 쿨 코튼 2팩 28,400원  ← 카페반응 14건
  [groq] 지평소주 25도 37,000원
  [groq] 수제 닭꼬치 7,920원
  [groq] 비비고 왕교자 4개+군만두 1개 29,690원
  [groq] 도톰한 3겹 퀼팅 화장지 20,704원
  [groq] 제주 특품 미니 밤호박 5kg 2천원대  ← 카페반응 29건
[board-auto] 완료: 발행 12건 / 재포장 8건 / 실패 0건
[board-auto] 시작 2026. 8. 14. 오후 10:00:01
[ingest] collected=118 inserted=6
[board-auto] 대기글 12건
  [groq] 헤어클리닉 3종세트 49,900원
  [groq] 아임닭 김치볶음밥 14,000원
  [groq] 듀얼센스 112,800원
  [groq] 설빙 검은콩 미숫가루 13,900원
  [groq] 좋은생각 1년 정기구독 40,000원
  [groq] 하이랩 3단 접이식 토퍼 3.5만원대
  [groq] 냉면사리 10개 세트 12,665원
  [groq] 슬개골 무릎보호대 1+1 14,900원
  [groq] 맘스럽 물티슈 7,990원
  [groq] 크로노스 골든 피치 11,610원
  [groq] 하남오징어 37,520원
  [groq] 한경희 초미세풍 발터치 리모컨 선풍기 29,900원
[board-auto] 완료: 발행 12건 / 재포장 6건 / 실패 0건
[board-auto] 시작 2026. 8. 15. 오전 6:00:01
[ingest] collected=118 inserted=1
[board-auto] 대기글 12건
  [groq] 데카트론 나바지 28,400원
  [groq] BLDC 모터 모바 헤어드라이기 24,910원
  [groq] 쿠쿠 창문형에어컨 37.3만
  [groq] 루모 20 24 28인치 57,740원
  [groq] 1+ 농협안심한우 등심 250g 14,900원  ← 카페반응 395건
  [groq] 보디가드 9,900원
  [groq] 월드콘 20개입 15,220원  ← 카페반응 28건
  [groq] 포크밸리 등뼈 13,960원
  [groq] 60분러시 음식물처리기 3.5L 17만7천원
  [groq] 파인뷰 X3700 157,310원
  [groq] 피죤 섬유유연제 14,900원
  [groq] 테라제로 15,600원
[board-auto] 완료: 발행 12건 / 재포장 6건 / 실패 0건
[board-auto] 시작 2026. 8. 15. 오후 12:00:01
[ingest] collected=118 inserted=6
[board-auto] 대기글 12건
  [groq] 다인경주빵 20,610원
  [groq] 오뚜기 현미밥 30개 20,088원
  [groq] 뚝배기불고기 400g 3700원
  [groq] 참맛나김치 2kg 9,990원  ← 카페반응 48건
  [groq] 대용량 제습제 570ml 24개입 12,720원
  [groq] 폴햄 쿨피케 13,490원
  [groq] 에픽게임즈 Sol Cesto 무료
  [groq] 밥도둑 꽃게탕 17,390원
  [groq] 블랙야크키즈 스노우 롱 덕다운자켓 67,200원
  [groq] 네파 브레보 46,860원
  [groq] 사과 10kg 9,947원  ← 카페반응 228건
  [groq] Moonlighter 무료
[board-auto] 완료: 발행 12건 / 재포장 7건 / 실패 0건
[board-auto] 시작 2026. 8. 15. 오후 6:07:32
[ingest] collected=118 inserted=6
[board-auto] 대기글 12건
  [groq] 다인경주빵 1kg 9900원
  [groq] 바리스타룰스 9,990원
  [groq] 소고기 모듬 5팩 29,680원  ← 카페반응 3703건
  [groq] 산과들에 마이포켓넛츠 24,790원
  [groq] 스너글 섬유유연제 17,950원
  [groq] 락토핏 코어맥스 16개월분+무선청소기 94,050원
  [groq] The Witcher 3: Wild Hunt 6,960원
  [groq] 맘스럽 아토클래식 7990원
  [groq] 수육용 통삼겹살 2kg 19,780원
  [groq] 여성 아이스 쿨링팬츠 3장 19,740원
  [groq] 깻잎찰순대 2,900원
  [groq] MSI G275L800 125,500원
[board-auto] 완료: 발행 12건 / 재포장 6건 / 실패 0건
[board-auto] 시작 2026. 8. 15. 오후 10:00:01
[ingest] collected=118 inserted=1
[board-auto] 대기글 12건
  [groq] 로인립 등갈비 500g 8325원
  [groq] 이미스 뉴로고 캡 3만대
  [groq] 삼광쌀 10kg 29,700원
  [groq] 부산 돼지국밥 15,700원
  [groq] 국산 통찜 오징어 1kg 13,610원
  [groq] 플랜잇 4in1 커피머신 151,000원
  [groq] 브리타 2.4L 28,410원
  [groq] 이마트 이머니500
  [groq] 록시 여름 래쉬가드 15,900원  ← 카페반응 20건
  [groq] CJ프레시웨이 냉동 블루베리 3kg 26,730원
  [groq] CAB 블랙앵거스 1kg 28,900원
  [groq] 파워에이드 600ml 20입+900ml 12입
[board-auto] 완료: 발행 12건 / 재포장 5건 / 실패 0건
[board-auto] 시작 2026. 8. 16. 오전 6:00:01
[ingest] collected=118 inserted=0
[board-auto] 대기글 12건
  [groq] 샤오커오라 캔디 500g 13,340원
  [groq] 스테인리스 밧드 밀폐용기 5개세트 9900원
  [groq] 도라지배즙 11,200원  ← 카페반응 31건
  [groq] 여행용 캐리어 20인치 29,900원  ← 카페반응 297건
  [groq] 아오리 청사과 10kg 15,900원
  [groq] 25W Qi2.2 차량용 거치대 2.9만원
  [groq] 프로쉬 올인원 35,900원
  [groq] 1kg 8,960원
  [groq] 일양약품 모기기피제 2개 6,900원
  [groq] 등갈비 2kg 19,800원  ← 카페반응 129건
  [groq] 에그앤 중란 30구 9310원
  [groq] 네파키즈 패딩자켓 37,120원  ← 카페반응 20건
[board-auto] 완료: 발행 12건 / 재포장 7건 / 실패 0건
[board-auto] 시작 2026. 8. 16. 오후 12:00:01
[ingest] collected=118 inserted=6
[board-auto] 대기글 12건
  [groq] 소머리국밥 600g 3팩 12,000원
  [groq] BBQ 닭다리 3팩 28,188원
  [groq] 폴햄 카고 반바지 13,490원
  [groq] 국산 돌산갓김치 1.5kg 8,500원  ← 카페반응 2136건
  [groq] 딱딱이 털복숭아 중과 2kg 9,580원
  [groq] 마운틴듀 제로 13,950원
  [groq] 지오지아 카라티 16,910원
  [groq] 레고 77256 36,700원
  [groq] 육개장 10팩+식혜 2.635원부터
  [groq] 메가MGC커피 3120원
  [groq] 빼빼로 10갑 11,551원
  [groq] 국산 통오이 1.5kg 10,900원  ← 카페반응 98건
[board-auto] 완료: 발행 12건 / 재포장 7건 / 실패 0건
[board-auto] 시작 2026. 8. 16. 오후 6:00:02
[ingest] collected=118 inserted=6
[board-auto] 대기글 12건
  [groq] LG 트롬 오브제 244만
  [groq] 한돈 제육볶음 10,980원
  [groq] LG 창호형에어컨 616원
  [groq] 청사과 5kg 12,960원
  [groq] 교자만두 60% 할인
  [groq] 파테크 헤어드라이어 14,900원
  [groq] 알로그랑 물티슈 14,900원
  [groq] 쌀로별 13,230원
  [groq] 베베앙 물티슈 20팩 16,119원
  [groq] 엄지네 꼬막비빕밥 18,900원
  [groq] SOTD 패밀리세일 6,900원
  [groq] 블랙야크 워킹화 34,120원
[board-auto] 완료: 발행 12건 / 재포장 6건 / 실패 0건
[board-auto] 시작 2026. 8. 16. 오후 10:25:14
[ingest] collected=118 inserted=6
[board-auto] 대기글 12건
  [groq] 30초빔 프로젝터 169,670원
  [groq] 티아시아 커리 6종 11개 14,400원
  [groq] 역전회관 바싹불고기 200g 5팩 19,900원  ← 카페반응 374건
  [groq] 테팔 믹서기 12만원대
  [groq] 멕시카나 양념치킨 17,860원  ← 카페반응 50건
  [groq] 신신너너짜짜 30입 20,650원
  [groq] 크리스토퍼 놀란 오디세이 메이킹북 75,600원
  [groq] 새우깡 20봉 17,880원
  [groq] 짱돌떡볶이 4팩 6,900원
  [groq] 데일리김치 7,900원
  [groq] 카스 올제로 16,940원
  [groq] 나비 빅팬 선풍기 17,900원
[board-auto] 완료: 발행 12건 / 재포장 7건 / 실패 0건
[board-auto] 시작 2026. 8. 17. 오전 11:39:00
[ingest] collected=118 inserted=6
[board-auto] 대기글 12건
  [groq] 스카트 거품 2배 13,590원
  [groq] K2 씬에어 코코 후디 130,454원
  [groq] 칵테일새우 29,900원
  [groq] 에디션 쿨맥스 청바지 25,830원
  [groq] 롯데웰푸드 티코 3종
  [groq] VGN 마우스 55,660원
  [groq] 그레이비 함박 스테이크 9,900원
  [groq] 철제 와이어 바구니 30,515원  ← 카페반응 11건
  [groq] 소형 선풍기 1+1 9,900원  ← 카페반응 19건
  [groq] 서설13도, 문배술25
  [groq] 한우 1++ 200G 18,020원  ← 카페반응 11건
  [groq] Blast the Past 0원
[board-auto] 완료: 발행 12건 / 재포장 7건 / 실패 0건
[board-auto] 시작 2026. 8. 17. 오후 12:00:01
[ingest] collected=118 inserted=6
[board-auto] 대기글 12건
  [groq] 매일두유 25,930원
  [groq] 스위치2 오비탈스 56,000원
  [groq] 콘칲 군옥수수맛 70g 4개 3,960원
  [groq] 짜파게티 7520원
  [groq] 몽쉘 생크림 408g 3+1
  [groq] PS5 99,000원
  [groq] 미닛메이드 자몽에이드 10,920원
  [groq] 비너스 아르보 35%+20%
  [groq] 캘빈클라인 반바지 16,920원  ← 카페반응 50건
  [groq] 나이키 가방 1만원대
  [groq] 100억유산균 꾸미 27,900원
  [groq] 여수 돌산 갓김치 8,900원  ← 카페반응 6381건
[board-auto] 완료: 발행 12건 / 재포장 10건 / 실패 0건
[board-auto] 시작 2026. 8. 17. 오후 6:00:02
[ingest] collected=118 inserted=6
[board-auto] 대기글 12건
  [openrouter] 해남 무화과 450g 2팩 13,200원
  [openrouter] NS2 데빌 메이 크라이5 헌터 에디션 43,800원
  [openrouter] 바리스타룰스 무라벨 블랙 20개 15,890원
  [openrouter] 오덴세 레고트 텀블러 720ml 18,900원 무배
  [openrouter] 연세우유 A2 프로틴 커피맛 16개 14,900원
  [openrouter] 온더고 골라담기 17개 40,300원 (토스·삼성카드 할인)
  [openrouter] LG 디오스 오브제컬렉션 식기세척기 + 인덕션 세트1,975,4
  [openrouter] 롯데웰푸드 월드콘 설레임 구구콘 돼지콘 12개+12개 골라담기 
  [openrouter] 아임닭 닭가슴살 김치볶음밥 20개 14,000원
  [openrouter] 세븐일레븐 모바일금액권 5만원권 44,950원  ← 카페반응 80건
  [openrouter] [11번가] 한돈 목살 1kg 13,470원
  [openrouter] 수뜰리에 블랑쉬 핸드워시 510ml 2개 3,500원
[board-auto] 완료: 발행 12건 / 재포장 4건 / 실패 0건
[board-auto] 시작 2026. 8. 17. 오후 10:00:02
[ingest] collected=118 inserted=5
[board-auto] 대기글 12건
  [openrouter] 허니듀 메론 1.6kg 2수 17,410원  ← 카페반응 11건
  [openrouter] 바르온 갈비탕 600g 5팩 19,710원
  [openrouter] 스파클 생수 2L 24개 7,200원
  [openrouter] 하림펫푸드 밥이보약 3.4kg+간식 7개 31,010원
  [openrouter] 채담카레 12팩 12,900원 특가
  [openrouter] [토스쇼핑] 익스트림 듀얼 아르기닌플러스 120정 9,900원
  [openrouter] 시골집 보리된장 1kg+1kg 11,470원  ← 카페반응 10847건
  [openrouter] [옥션] 국내산 60% 왕 떡갈비 160g 10봉 18,690원
  [openrouter] 컬리 보프 고체탈취제 300g 9,920원
  [openrouter] 부광약품 콤팩트헤드 초극세모 24입 13,060원
  [openrouter] 더마토리 시카 PDRN 패드 140매+케이스 22,900원
  [openrouter] 가야식 선지해장국 630g 3봉 9,300원
[board-auto] 완료: 발행 12건 / 재포장 7건 / 실패 0건
[board-auto] 시작 2026. 8. 18. 오전 6:00:02
[ingest] collected=118 inserted=0
[board-auto] 대기글 12건
  [openrouter] 일리 네스프레소 호환 캡슐 5종 100캡슐 54,390원
  [openrouter] 쿠진아트 에어프라이어 오븐 TOA-75KR 199,000원
  [openrouter] 에브리워터 500ml 40병 4,400원
  [openrouter] 지리산 프레시웰 2L 24개 10,900원
  [openrouter] 신라면10+너구리10+짜파게티10입 21,600원  ← 카페반응 11건
  [openrouter] 농협안심한우 1등급 등심+채끝+부채 38,900원  ← 카페반응 74건
  [openrouter] 디어 쿠페아 헤어컬러 샴푸 15ml 3입x3 6,900원
  [openrouter] 컨셉원 에어쿨 피케 카라티 12,100원
  [openrouter] 다우니 미스티크 1L 6개+증정 31,820원
  [openrouter] 바르온 삼계탕 1kg 4팩 16,720원
  [openrouter] 수박 11브릭스 6-8kg 9,900원  ← 카페반응 28건
  [openrouter] 타미진스 린넨 블렌드 데님 셔츠 53,116원  ← 카페반응 15건
[board-auto] 완료: 발행 12건 / 재포장 6건 / 실패 0건
[board-auto] 시작 2026. 8. 18. 오후 12:00:01
[ingest] collected=118 inserted=6
[board-auto] 대기글 12건
  [openrouter] 1+1 리피트인 약산성 샴푸 1000ml 8,900원
  [openrouter] 원산 물냉면 10인분 9,800원
  [openrouter] 치카부 초미세모 칫솔 18입 14,900원
  [openrouter] 모나리자 보타닉포레 와이드 30M 30롤 2팩 25,900원
  [openrouter] 카카오 쫀득초코칩 50개 골라담기 14,500원
  [openrouter] 고기 김치 잎새만두 2.8kg 13,400원
  [openrouter] 대만 자유여행·NO쇼핑 패키지 295,250원  ← 카페반응 12건
  [openrouter] 오아 소닉플로우 미니 드라이기 28,800원
  [openrouter] 앤드지 남성 여름 반팔 니트 카라티 14종 29,700원
  [openrouter] 에쏘브로 콜드브루 1kg 2개 8,800원
  [openrouter] 무항생제 유정란 20구 10,070원
  [openrouter] C2Y 퓨어 아쿠아 휩 클렌징폼 120ml 4개 9,800원
[board-auto] 완료: 발행 12건 / 재포장 3건 / 실패 0건
[board-auto] 시작 2026. 8. 18. 오후 6:00:02
[ingest] collected=118 inserted=6
[board-auto] 대기글 12건
  [openrouter] 수퍼이뮨젤리 7포 4,980원
  [openrouter] 푸마 운동 반팔/반바지 23,100원 균일가
  [openrouter] 헤드앤숄더 800ml×3+미니2개 22,192원  ← 카페반응 33건
  [openrouter] 밀키스 190ml 30개 7,550원 무배
  [openrouter] 이니스프리 올리브 비타민E 클렌징폼 150g 3개 15,780원
  [openrouter] 아이더 캄피로 초헤비 구스다운 433,630원
  [openrouter] 에코스텝 주방세제 본품 500ml+리필 300ml 3개 4,51
  [openrouter] 롯데온 25SS 서피비치 비치타올 5,460원
  [openrouter] 고래송이 미니 20개 8,380원 (11번가)
  [openrouter] 킹 데이지 물티슈 70매 20팩 16,900원
  [openrouter] 이니스프리 화산송이 모공 클렌징폼 150ml 3+30ml 2개   ← 카페반응 30건
  [openrouter] [토스] 안동식 순살찜닭 800g 2개 8,600원 외 베스트
[board-auto] 완료: 발행 12건 / 재포장 7건 / 실패 0건
[board-auto] 시작 2026. 8. 18. 오후 10:00:02
[ingest] collected=28 inserted=8
[board-auto] 대기글 12건
  [openrouter] 구워먹는 할루미치즈 200g 3개 7,600원  ← 카페반응 15건
  [openrouter] 역시즌 여아 하트 덕다운 자켓 72,900원
  [openrouter] 랜드미 2세대 BLDC 저소음 고속 드라이기 33,950원
  [openrouter] 깨끗한 나라 순수 프리미엄 30m 30롤 3팩 35,760원
  [openrouter] 부라보콘 24개 골라담기 23,940원
  [openrouter] 후디스 무가당 플레인 그릭요거트 400g 2개 6,600원
  [openrouter] 롯데 설레임/모나카/콘+바 24개 19,990원
  [openrouter] 난각 1번 무항생제 유정란 40구 18,900원  ← 카페반응 116건
  [openrouter] 퍼실 2.0 라벤더 2L 6개 45,044원
  [openrouter] 양념 LA 갈비 2kg 36,900원  ← 카페반응 2802건
  [openrouter] 마루짱 키츠네 유부우동 12개 19,900원
  [openrouter] 아메리칸솔루션 그랜드마스터 12.6kg 21,710원
[board-auto] 완료: 발행 12건 / 재포장 6건 / 실패 0건
[board-auto] 시작 2026. 8. 19. 오전 6:00:02
[ingest] collected=118 inserted=0
[board-auto] 대기글 12건
  [openrouter] 아삭단단 고당도 백도 2kg 12,777원  ← 카페반응 21건
  [openrouter] 마운틴듀 제로슈거 355ml*24캔 13,940원
  [openrouter] [롯데온] 코카콜라 제로 350ml 24개입 16,710원
  [openrouter] 고당도 하우스 수박 7~8kg 14,146원  ← 카페반응 34건
  [openrouter] 컬럼비아 남성 기능성 여름 냉감 반팔 티셔츠 30,000원  ← 카페반응 149건
  [openrouter] 제주흑돼지 갈비양념육 순살 250g 990원
  [openrouter] 마니커 버팔로 치킨윙봉 2kg 23,890원
  [openrouter] 내셔널지오그래픽 골든몰 구스다운 109,760원
  [openrouter] 하이뮨 프로틴 밸런스 액티브 바닐라봉봉 ZERO 18입 18,6
  [openrouter] 갤럭시 아이폰 맥세이프 투명케이스 1+1 9,900원 무배
  [skip] ppomppu-725763 — 각색 실패
  [openrouter] 펩시 제로슈거 제로카페인 355ml 48캔 26,840원
[board-auto] 완료: 발행 11건 / 재포장 10건 / 실패 1건
[board-auto] 시작 2026. 8. 19. 오후 12:00:02
[ingest] collected=118 inserted=6
[board-auto] 대기글 12건
  [openrouter] 호정가 옛날도나스 16개입 1+1 14,180원
  [openrouter] 마운티아 남성 반팔티 4,250원부터
  [openrouter] 베지밀 말차 소이 190ml 40병 14,450원
  [openrouter] 쌍계명차 오미자+녹차 100T 14,890원
  [openrouter] 한미 완전두유 검은콩 고칼슘 190ml 40개 8,820원
  [openrouter] 정다운 허브훈제오리 200g×6 20,900원
  [openrouter] MSI MAG 321UPD700 4K IPS 462,410원
  [openrouter] 산과들에 원데이 그래놀라 초코바 40개 11,900원
  [openrouter] [네이버] 3부 러닝반바지 6,900원 무배
  [openrouter] [네이버] 팰월드 스팀키 11,600원
  [openrouter] [29CM] 크록스 키즈 클래식 클로그 29,940원
  [openrouter] 셰프초이스 한돈 고기완자 700g 4,500원 / 제육 1.5k
[board-auto] 완료: 발행 12건 / 재포장 4건 / 실패 0건
[board-auto] 시작 2026. 8. 20. 오전 1:06:38
[ingest] collected=28 inserted=0
[board-auto] 대기글 12건
  [openrouter] 머스크 멜론 4kg 2수 15,900원 하루특가
  [openrouter] 로얄 밀크티 홍차 35,990원  ← 카페반응 104건
  [openrouter] 오브휴 딥케어 커브 마사지건 29,900원
  [openrouter] 해운대암소갈비집 뼈없는 갈비탕 800g×5팩 41,850원  ← 카페반응 91건
  [openrouter] 오리온 촉촉한 초코칩 320g 3개 9,230원  ← 카페반응 20건
  [openrouter] [G마켓] 6장세트 썸머에어 메쉬 반팔티 15,900원
  [openrouter] 더맑음 저온압착 퓨어참기름 700ml 13,900원
  [openrouter] 대운가 본가명인 국내산 배추김치 포기김치 10kg - 29,92
  [openrouter] 장순필 가마솥 육개장 600g 8p 21,760원
  [openrouter] 국내산 고춧가루 1kg 21,900원
  [openrouter] 남양 경기미 10kg 상등급 25,870원
  [openrouter] [11번가] 알로에 젤리스틱 60포 26,900원 (리유저블백 
[board-auto] 완료: 발행 12건 / 재포장 6건 / 실패 0건
[board-auto] 시작 2026. 8. 20. 오전 6:00:02
[ingest] collected=118 inserted=2
[board-auto] 대기글 12건
  [openrouter] 핫식스 더킹 8종 355ml 24캔 17,780원
  [openrouter] 베트남 칵테일새우 950g 19,900원 드라이아이스배송
  [openrouter] 네이버 국내산 대추방울토마토 2kg 8,560원
  [openrouter] 에너자이저 에버레디 AA/AAA 20알 6,700원
  [openrouter] 퓨리얼 퓨온 정수기 PPA-100 148,428원
  [openrouter] 오리온 통크 초코 20개 13,460원
  [openrouter] 숙취해소 짠한형 화깨수 9,900원
  [openrouter] 매직캔 호환 리필 250 20개 19,250원
  [openrouter] [롯데온] 동아제약 가그린 820ml 3개 11,870원
  [openrouter] Y존케어 이너 퍼퓸 아로마오일블랜딩 5,850원
  [openrouter] 옥주부 돈까스 9팩 28,110원
  [openrouter] 애슐리 폭립 500g 2개 20,980원 사은품
[board-auto] 완료: 발행 12건 / 재포장 7건 / 실패 0건
[board-auto] 시작 2026. 8. 20. 오후 12:00:02
[ingest] collected=28 inserted=5
[board-auto] 대기글 12건
  [openrouter] 수뜰리에 포밍 핸드워시 510ml×2 3,500원 무배  ← 카페반응 535건
  [openrouter] 1+1 이벤트 신상 남여공용 파자마
  [openrouter] 키즈 라이트 테리 반바지 10,000원
  [openrouter] 역시즌 네파 여성 아르테 럭스 윈드스토퍼 구스다운 자켓 354,
  [openrouter] 농협 청원생명쌀 10kg 31,980원
  [openrouter] 카이로 여름 방학 번들 Vol.13 - 9,120원
  [openrouter] 샤오미 구강세정기 2세대 MEO705 27,490원
  [openrouter] K2 트리퍼 롱다운 115,500원 무배 (토스 113,768원
  [openrouter] 유산균 낙산균 다이어트 30포 5,890원  ← 카페반응 26건
  [openrouter] 스윙칩 볶음고추장 60g 20개 21,020원
  [openrouter] 독거미 AULA F99 PRO 무선 47,900원 무배
  [openrouter] 포스트 콘푸라이트 시리얼 600g 3개+그래놀라 310g 10,
[board-auto] 완료: 발행 12건 / 재포장 5건 / 실패 0건
[board-auto] 시작 2026. 8. 20. 오후 6:00:02
[ingest] collected=118 inserted=6
[board-auto] 대기글 12건
  [openrouter] 춘천 가마솥 간장 찜닭 2kg 14,180원  ← 카페반응 14건
  [openrouter] 농심 신라면 120g 20개 11,560원
  [openrouter] [스팀] 톰 클랜시 고스트 리콘 와일드랜드 2,740원
  [openrouter] 삼육김 들기름 광천김 도시락김 32봉 4,900원
  [openrouter] 삼성 비스포크 AI 냉장고 4도어 902L 2,045,730원  ← 카페반응 15건
  [openrouter] 헤드앤숄더 샴푸트리트먼트 3개 23,810원  ← 카페반응 28건
  [openrouter] 역시즌 아르테 고어텍스 롱 구스다운 228,340원
  [openrouter] 초록매실 스파클링제로 350ml 24개 12,000원
  [openrouter] 쿠쿠몰 주력 84종 87% 할인 + 2만P  ← 카페반응 575건
  [openrouter] 농협 안심한우 1++ 등심 200g 1+1 33,900원  ← 카페반응 96건
  [openrouter] [G마켓] 남성 여성 래쉬가드 상하세트 17,090원
  [openrouter] [네이버] 제주식 접짝뼈국 600g 5,900원
[board-auto] 완료: 발행 12건 / 재포장 6건 / 실패 0건
[board-auto] 시작 2026. 8. 20. 오후 10:00:01
[ingest] collected=118 inserted=6
[board-auto] 대기글 12건
  [openrouter] 더단백 드링크 36팩 41,580원 무신사  ← 카페반응 143건
  [openrouter] 동원 테이크얼라이브 120ml x48개 13,490원
  [openrouter] 고소한 귀리 500g 1,890원~ 잡곡 8종
  [openrouter] 타미힐피거 포퍼먼스 티셔츠 45,649원
  [openrouter] 여름 냉감 침대패드 5컬러 SS 19,980원
  [openrouter] 토스 포스파티딜세린 징코PS 60캡슐 4박스 66,900원 무배
  [openrouter] 소노벨변산 1박+오션플레이 157,700원
  [openrouter] 고메 함박스테이크 10봉 16,730원
  [openrouter] 파리생제르맹 드로즈 10종+파우치 29,800원
  [openrouter] 씽크에어 제습기 18L 139,000원
  [openrouter] [11번가] 소문난오부자 도시락김 54봉 16,200원
  [openrouter] 펩시제로 라임/제로카페인 355ml 48캔 26,320원
[board-auto] 완료: 발행 12건 / 재포장 7건 / 실패 0건
[board-auto] 시작 2026. 8. 21. 오전 6:00:01
[ingest] collected=118 inserted=1
[board-auto] 대기글 12건
  [openrouter] 스틸시리즈 Apex Pro TKL Gen 3 27.1만원
  [openrouter] 저온압착 통참깨 참기름 180ml 2병 9,270원  ← 카페반응 22건
  [openrouter] [롯데온] 꽃보다오징어 오리지널 230g+230g 29,980원
  [openrouter] 풍년 통5중 하이클래드 10인용 105,510원
  [openrouter] 미니 단호박 보우짱 2kg 로얄과 4,500원  ← 카페반응 55건
  [openrouter] 스케쳐스 울트라 플렉스 슬립인스 64,490원
  [openrouter] 미에로화이바 데이톡 14포+TWS 카드 13,900원
  [openrouter] 미닉스 더 에어드라이 미니건조기 354,000원
  [openrouter] 빙그레 더단백 버라이어티팩 27팩+팝칩 39,900원
  [openrouter] 하림 양푼김치찌개 8입+훌라면 4입+닭칼국수 4입 11,500원
  [openrouter] 하림 맥시칸 치킨+고메피자 1+1 9,990원
  [openrouter] 진공 흡착 핸디 스팀다리미 59,900원
[board-auto] 완료: 발행 12건 / 재포장 5건 / 실패 0건
[board-auto] 시작 2026. 8. 21. 오후 12:00:01
[ingest] collected=118 inserted=6
[board-auto] 대기글 12건
  [openrouter] 블랙야크 아치 레터링 반팔티 19,720원
  [openrouter] 삼성 AI Q9000 인버터 에어컨 1,212,060원
  [openrouter] 쿠쿠 에코웨일 큐브 음처기/저당 6인용 사일런스 밥솥 350,3
  [openrouter] 플라잉팬 인덕션 세라믹 멀티핸들 프라이팬 2종 89,000원
  [openrouter] 프롭스 165W 20000mAh 53,900원
  [openrouter] 흰다리새우살 900g 2팩 + 오돌뼈 300g 29,900원
  [openrouter] 개별포장 두바이 쫀득쿠키 40g 16개 17,770원
  [openrouter] 불스원샷 스탠다드 360ml 3개 14,630원
  [openrouter] 물/비빔/동치미냉면 10인분 9,900원
  [openrouter] 덴티스테 플러스화이트 프로 160g×3 28,150원
  [openrouter] 카포드 듀얼코어 캡슐세제 70개 32,550원
  [openrouter] 누룽지백숙+녹두삼계탕 4팩 24,924원  ← 카페반응 1127건
[board-auto] 완료: 발행 12건 / 재포장 4건 / 실패 0건
[board-auto] 시작 2026. 8. 21. 오후 6:00:01
[ingest] collected=90 inserted=6
[board-auto] 대기글 12건
  [skip] ppomppu-726209 — 각색 실패
  [openrouter] 딱딱이 백도복숭아 4kg 15,380원
  [openrouter] 알뜰요금제 A 넥스트 100GB+ 5개월 2,900원
  [openrouter] 인텔 울트라5 250K+게임2개 228,114원  ← 카페반응 14건
  [openrouter] 메가마트 호주산 냉장 찜갈비 100g 1,680원
  [openrouter] 프롭스 메가위크 세일 특가
  [openrouter] 스위치2 인질 에디션 예판, 가격 다양
  [skip] ruliweb-106270 — 각색 실패
  [openrouter] 빙그레 더단백 드링크 18팩 2박스 38,610원
  [openrouter] 소불고기 500g 4팩 17,900원
  [openrouter] 닌텐도 스위치2+마리오카트 월드 인벤게임즈
  [openrouter] 오리온 통크+나샌드 20개 16,920원
[board-auto] 완료: 발행 10건 / 재포장 3건 / 실패 2건
[board-auto] 시작 2026. 8. 21. 오후 10:00:01
[ingest] collected=90 inserted=5
[board-auto] 대기글 12건
  [openrouter] NS 풍화설월 실물칩 64,800 3,000원
  [skip] ruliweb-106267 — 각색 실패
  [openrouter] 크라운 버터와플 237g 2개 4,800원
  [openrouter] [옥션] 두메산골 닭볶음탕용 냉장 닭 2kg 12,960원
  [openrouter] [카카오] 포코피아 68,400원
  [openrouter] 스파클 생수 무라벨 500ml 80개 8,700원
  [skip] ppomppu-726229 — 각색 실패
  [openrouter] [지마켓] 귀멸의 칼날 직소퍼즐 1,960원
  [openrouter] 국내산 한돈 제육볶음 300g×5팩 11,480원
  [openrouter] [컴퓨존] 7800X3D + RTX 5070 본체 247.9만
  [openrouter] 보양식 해신탕 3~4인분 2.2kg 26,900원  ← 카페반응 131건
  [openrouter] 하겐다즈 파인트 3개 26,900원
[board-auto] 완료: 발행 10건 / 재포장 5건 / 실패 2건
[board-auto] 시작 2026. 8. 22. 오전 6:00:01
[ingest] collected=90 inserted=0
[board-auto] 대기글 12건
  [openrouter] [11번가] LG OLED42C5ENA 1,099,930원
  [openrouter] 티스허그 이중 초극세모 광폭칫솔 6개 7,800원
  [openrouter] 필립스 PD 20W 10,000mAh 보조배터리 11,900원
  [openrouter] 크록스 오프코트 클로그 화이트 28,520원
  [openrouter] 슈퍼대디 퓨어 55 100매 10팩 11,970원
  [openrouter] [H몰] 킨즈&르베르 유모차·트라이크 라방 혜택가
  [openrouter] 이토엔 오이오차 녹차 18입+쟈스민티 6입 24,590원
  [openrouter] 무빙큐빅스 32인치 구글 스마트TV+삼탠바이미 스탠드 213,4
  [openrouter] [네이버] 하겐다즈 파인트 3개 22,710원
  [openrouter] 맘스터치 시그니처 순살치킨 2kg 17,600원  ← 카페반응 11건
  [openrouter] QCY C50I 노캔 이어폰 29,810원
  [openrouter] 미용티슈 180매 6팩 4,165원
[board-auto] 완료: 발행 12건 / 재포장 7건 / 실패 0건
[board-auto] 시작 2026. 8. 22. 오후 12:00:01
[ingest] collected=90 inserted=6
[board-auto] 대기글 12건
  [openrouter] 데카트론 S/S 시즌오프 9,900원부터
  [openrouter] 한돈 고추장양념 오돌뼈 250g 990원 무배
  [openrouter] 아카페라 심플리 디카페인 400mL 20입 21,070원
  [openrouter] 카카오 목우촌 저당 닭가슴살 14팩 16,647원
  [openrouter] 푸마 블랙에디션 메쉬 드로즈 3팩 14,960원
  [openrouter] bbq 닭다리 직화구이 바베큐 치킨 3세트 28,272원
  [openrouter] 돈불고기 미니피자 85g 5봉 7,900원
  [openrouter] [무신사] 커넥트킨록 전상품 최대 65% 할인
  [openrouter] [G마켓] 왕돼지구이 1.2kg 2팩 15,780원
  [openrouter] 3초 떡볶이 보통맛 7팩 9,900원  ← 카페반응 51건
  [openrouter] 미미네 오리지널+어묵 12인분 15,470원
  [openrouter] LG 트롬 21kg 드럼세탁기 853,600원
[board-auto] 완료: 발행 12건 / 재포장 5건 / 실패 0건
[board-auto] 시작 2026. 8. 22. 오후 6:00:01
[ingest] collected=90 inserted=2
[board-auto] 대기글 12건
  [openrouter] 베비에르 마왕파이 4종 8개 10,400원
  [openrouter] 마루짱 키츠네 유부우동 12개 19,900원
  [openrouter] [지마켓] 더 퍼펙트 생 유산균 100억 2박스+케이스 29,9
  [openrouter] 훈연초벌 돼지막창 1kg 19,900원  ← 카페반응 46건
  [openrouter] 데코소프트 24롤2팩+비데 22,900원, 울트라클린 19,90
  [openrouter] 초등 논술왕 13,090원 (G마켓)
  [openrouter] 드빈치 자연방목 체다치즈 15매x4팩 18,900원
  [openrouter] 네파 휘슬라이저 고어텍스 트래킹화 8.7만원
  [openrouter] [H몰] 이글루 s4+ 300만화소 홈캠 73,582원
  [openrouter] 샤인머스켓 첫출하 2KG 11,090원  ← 카페반응 79건
  [openrouter] 산지직송 고당도 꿀수박 8~9kg 17,790원  ← 카페반응 13건
  [openrouter] 청송 부사사과 실속형 4kg 9,900원  ← 카페반응 27건
[board-auto] 완료: 발행 12건 / 재포장 7건 / 실패 0건
[board-auto] 시작 2026. 8. 22. 오후 10:00:01
[ingest] collected=90 inserted=3
[board-auto] 대기글 12건
  [openrouter] 끌레도르바 아이스크림 24개 27,080원
  [openrouter] 네파키즈 한겨울 윈터스톰 덕다운 111,650원
  [openrouter] 국내산 돼지 머릿고기 300g 4,900원
  [openrouter] 민물장어 손질장어 1kg 28,000원
  [openrouter] 명란 떡갈비 500g 2팩 12,900원
  [openrouter] 썸머킹 초록사과 4kg 중과 9,790원  ← 카페반응 12건
  [openrouter] 목우촌 로스구이햄 250g 4개 8,000원  ← 카페반응 458건
  [openrouter] 카누 캡슐커피 6종 48개+스무스미디엄 16개 19,740원
  [openrouter] 스팀초벌 소곱창 200g 4,800원
  [openrouter] 후아유 맨투맨 1만원대 무배 득템
  [openrouter] 국산 개별 2구 절전 스위치 슬림 납작플러그 멀티탭 5,175원
  [openrouter] 목우촌 주부9단 살코기햄 1kg×2 14,060원  ← 카페반응 17건
[board-auto] 완료: 발행 12건 / 재포장 5건 / 실패 0건
[board-auto] 시작 2026. 8. 23. 오전 6:00:01
[ingest] collected=90 inserted=2
[board-auto] 대기글 12건
  [openrouter] 아이더 온더락 카고 아이스 조거 36,130원
  [openrouter] 블랙야크 M윈터디퍼다운 114,730원
  [openrouter] 포카리스웨트 340ml 24입 13,540원
  [openrouter] 폴햄 여성 팬츠 여러종 13,120원  ← 카페반응 12건
  [openrouter] 화산송이 바하 모공 클렌징폼 150ml 2개 13,000원
  [openrouter] 아이더 2PACK 기능성 아이스 반팔 티셔츠 24,340원  ← 카페반응 52건
  [openrouter] 뷰카 고불소 치약 8개+바디워시 18,900원
  [openrouter] [카카오] 수입 냉동 삼겹살 2kg 18,135원
  [openrouter] 아이더 기능성 반팔티 3장 32,060원  ← 카페반응 11건
  [openrouter] 카이로소프트 여름방학 번들 14 9,120원
  [openrouter] [네이버] 넨도로이드 토미에 재예약 63,900원
  [openrouter] 하림몰 치킨너겟2 4kg 29,960원  ← 카페반응 180건
[board-auto] 완료: 발행 12건 / 재포장 7건 / 실패 0건
[board-auto] 시작 2026. 8. 23. 오후 12:00:02
[ingest] collected=90 inserted=6
[board-auto] 대기글 12건
  [openrouter] 이츠웰 냉동 애플망고 1kg 2개 10,000원
  [openrouter] 오징어 1kg (3-5미내외) 13,920원  ← 카페반응 42건
  [openrouter] 베베드 물티슈 100매x20팩 15,900원
  [openrouter] 설화수 자음생2종 세트 171,000원  ← 카페반응 515건
  [openrouter] 11번가 서해안 생물오징어 700~800g 12,400원
  [openrouter] GNM 루테인 지아잔틴 오메가3 3개월 22,960원
  [openrouter] 아산맑은쌀 삼광 10kg 33,720원
  [openrouter] [롯데온] 햇 아오리사과 5kg 9,770원
  [openrouter] 대천해 서해안 갈치 500g 2팩 10,900원  ← 카페반응 214건
  [openrouter] 명장 김치찌개 250g 10개 22,490원
  [openrouter] [토스] 푸릇담 양배추즙 30팩 5,990원 (팩당 199원)
  [openrouter] 워셔블 욕실 거실 발매트 40x60 9,900원  ← 카페반응 51건
[board-auto] 완료: 발행 12건 / 재포장 7건 / 실패 0건
[board-auto] 시작 2026. 8. 23. 오후 6:00:02
[ingest] collected=90 inserted=6
[board-auto] 대기글 12건
  [openrouter] 차이슨 슈퍼소닉 BLDC 1600W 21,980원
  [openrouter] 레노버 YOGA Pad Pro 16+512GB 911,900원
  [openrouter] 푸마 드리블 스니커즈 43,210원 (롯데온)
  [openrouter] [옥션] 킨록 3시즌 기본정장 69,640원
  [openrouter] 흔한남매 한국사/국어 1권 13,610원
  [openrouter] 다우닝 플랫4인소파 전체천연가죽 2,736,250원
  [openrouter] IPX7 워터프루프 듀얼 제모기 19,000원
  [openrouter] 네추럴라이즈 키즈 비타민 젤리 3종 25,500원
  [openrouter] 솔리드 반팔 티셔츠 2장 11,900원  ← 카페반응 103건
  [openrouter] 아디다스 VL코즈 스니커즈 37,520원 옥션 특가
  [openrouter] 나이키 이니시에이터 53,940원
  [openrouter] 강릉 엄지네꼬막 꼬막무침 333g 22,000원  ← 카페반응 172건
[board-auto] 완료: 발행 12건 / 재포장 7건 / 실패 0건
[board-auto] 시작 2026. 8. 23. 오후 10:00:02
[ingest] collected=90 inserted=0
[board-auto] 대기글 12건
  [openrouter] 몽트라드 타워선풍기 39,900원
  [openrouter] 갤럭시 버즈 코어 SM-R410 48,750원 (지마켓)
  [openrouter] 지오다노 키즈 패커블 윈드브레이커 23,100원
  [openrouter] 물놀이 60cm 대용량 분수물총 2개 4,900원
  [openrouter] 국산 슬라이딩 2단 수납함 12,400원 (체감가 1만원대)
  [openrouter] 국내산 백숙용 생닭 1kg 8,320원
  [openrouter] 치과 칫솔 12개 6,900원 초극세모
  [openrouter] 프레시웰 생수 500ml 80개 13,490원
  [openrouter] 쿠킹 베어 간편떡볶이 560g 3개 9,900원
  [openrouter] 컨셉원 레더 벨트 3종 14,900원
  [openrouter] 이지앤프리 에어클립 16종+스팀뚜껑 2종 49,900원
  [openrouter] 도국 순대국밥 400g x 3세트 8,400원
[board-auto] 완료: 발행 12건 / 재포장 2건 / 실패 0건
[board-auto] 시작 2026. 8. 24. 오전 6:00:02
[ingest] collected=90 inserted=0
[board-auto] 대기글 12건
  [openrouter] 콜오브듀티 모던워페어3 21,120원  ← 카페반응 106건
  [openrouter] 파이어엠블렘 풍화설월 64,800원 (네이버)
  [openrouter] 고온 워싱 이불 겸 스프레드 11,350원
  [openrouter] K2 남성 고어텍스 구스다운 G900 트리니티 533,270원
  [openrouter] 잘풀리는집 키친타올 150매×24롤 11,970원  ← 카페반응 12건
  [openrouter] 무항생제 반숙란 30구 15,900원
  [openrouter] 에디션 쿨맥스 슬랙스 면바지 20,650원
  [openrouter] 카이뉴 4IN1 멀티 LED 고속 무선 충전+케이블2개 9,90
  [openrouter] 참맛나김치 여수 돌산갓김치 1.5kg 8,500원
  [openrouter] 블랙야크 슬립온 워킹화 이지온 44,400원
  [openrouter] 탑텐키즈 에슬레틱 카고팬츠 11,470원
  [openrouter] 난각1번 유정란 20구 6,880원  ← 카페반응 34건
[board-auto] 완료: 발행 12건 / 재포장 7건 / 실패 0건
[board-auto] 시작 2026. 8. 24. 오후 12:00:03
[ingest] collected=90 inserted=0
[board-auto] 대기글 12건
  [openrouter] 닌텐도 스위치2 본체+포켓몬 Z-A 727,800원
  [openrouter] [겜우리] NS2 메타포 리판타지오 예약 32,000원
  [openrouter] 벤션 10000mAh 보조배터리 19,290원 무배
  [openrouter] JMW 에어팜 BLDC 드라이어 65,000원
  [openrouter] 프롭스 USB4 40Gbps 240W CtoC 케이블 7,900
  [openrouter] 탄탄포크 캐나다 삼겹살/목살 100g 980원
  [openrouter] 스파클 생수 무라벨 2L 24개 7,200원
  [openrouter] 순대 트럭 4종 모듬순대 2팩 11,920원  ← 카페반응 169건
  [openrouter] 엘칸토 마쯔 남성 캐주얼 드라이빙슈즈 35,100원
  [openrouter] 파스텔 야돔 오리지널 1세트 9,510원
  [openrouter] 4세대 BLDC 무선 선풍기 19,900원
  [openrouter] 컬쳐랜드 5만원권 46,310원  ← 카페반응 414건
[board-auto] 완료: 발행 12건 / 재포장 5건 / 실패 0건
[board-auto] 시작 2026. 8. 24. 오후 6:00:02
[ingest] collected=90 inserted=0
[board-auto] 대기글 12건
  [openrouter] 글로벌나이프 G-4 오리엔탈 쿡스 18cm 79,750원
  [openrouter] 펫생각 이지하이드 트릿 30개 x 2봉 23,800원
  [openrouter] 햇꿀밤고구마 3kg 5,960원
  [openrouter] 지오다노주니어 경량패딩 34,200원
  [openrouter] [네이버] TC-7 케라틴 단백질 샴푸 500ml 6,990원
  [openrouter] 세부 3박4일 노옵션/노쇼핑 패키지 597,000원  ← 카페반응 37건
  [openrouter] [하이마트] 유코텍 P-EDITION 오픈형 이어폰 199,00
  [openrouter] 크라운 쿠크다스 쵸코케이크 202G 3개 12,750원
  [openrouter] 무항생제 특란 30구 9,900원  ← 카페반응 31건
  [openrouter] 스너글 드라이시트 40매입 2개 9,900원
  [openrouter] 삼성 M5 32인치+전용스탠드 392,420원
  [openrouter] 배홍동 8개 + 안성탕면 5개 + 짜파게티 5개 12,270원
[board-auto] 완료: 발행 12건 / 재포장 5건 / 실패 0건
[board-auto] 시작 2026. 8. 24. 오후 10:00:02
[ingest] collected=90 inserted=0
[board-auto] 대기글 12건
  [openrouter] 액츠 파워젤 6.2L 11,900원
  [openrouter] LG 일반냉장고 B502S53 507L 628,570원
  [openrouter] 에텐울프 Zephyr S3 에어펌프 42,400원
  [openrouter] 삼양라면 20입 10,800원
  [openrouter] 프리미엄 맥반석 구운란 30구 9,310원
  [openrouter] 보리먹인돼지 삼겹/목살 1kg 13,900원
  [openrouter] 삼성 갤럭시탭 S10 FE 128GB 627,610원
  [openrouter] 강아지 유모차 가드 쿠션 15,800원
  [openrouter] 보디가드 남성 드로즈 2종 4,250원
  [openrouter] 서울우유 무가당 블랙9곡 두유 20팩 9,800원
  [openrouter] 마츠야마 자유여행 2박3일 276,120원
  [openrouter] 프로틴 그래놀라 제로슈거 350gx3+비치백 13,960원
[board-auto] 완료: 발행 12건 / 재포장 8건 / 실패 0건
[board-auto] 시작 2026. 8. 25. 오전 6:00:02
[ingest] collected=90 inserted=0
[board-auto] 대기글 12건
  [openrouter] 알케어 플러스 패밀리 50억 유산균 90정 4,900원
  [openrouter] ASUS TUF F16 RTX5070 1,899,000원
  [openrouter] 믹순 데일리 마스크팩 10매 5,900원
  [openrouter] 키즈 비타민꾸미 2박스+사은품 25,560원
  [openrouter] 거봉 특품 1kg 7,790원 롯데온
  [openrouter] 트레몰로 패딩라이너 트렌치 54,900원
  [openrouter] 지오다노 쿨 브리프 3팩 9,900원 무배
  [openrouter] 코크제로 350CAN 24+190CAN 30 25,295원
  [openrouter] [네이버] 포차우동 5인x2세트 10인분 7,300원
  [openrouter] 남해안 고노리 다시멸치 하품 1.5kg 9,430원
  [openrouter] 서울우유 흰멸균우유 1L×10 16,500원  ← 카페반응 14건
  [openrouter] 순살 고등어 1kg 내외 8조각 18,180원
[board-auto] 완료: 발행 12건 / 재포장 6건 / 실패 0건
[board-auto] 시작 2026. 8. 25. 오후 12:00:02
[ingest] collected=90 inserted=0
[board-auto] 대기글 12건
  [openrouter] 경주농협 이사금 25년 햅쌀 20kg 상등급 57,900원
  [openrouter] 망고비데 26년형 직수 비데 MB-1804SC 99,900원
  [openrouter] [옥션] 햇 홍로사과 2kg 꼬마소과 14,920원
  [openrouter] [11번가] 토트넘·맨시티 티셔츠 6,930원부터
  [openrouter] [스팀] Deponia 무료 배포 (~21일 02시)
  [openrouter] 롯데온 BHC 뿌링클+콜라1.25L 19,900원  ← 카페반응 297건
  [openrouter] 맥반석 구운란 60구 중란 15,476원
  [openrouter] 락토바이오틱스맥스 유산균 4개월 23,900원
  [openrouter] Deponia 무료 배포
  [openrouter] PS5 콜오브듀티 모던 워페어 4 88,900원 예약
  [openrouter] Beholder: Conductor 에픽모바일
  [openrouter] 카라반 샌드위치 무료 배포
[board-auto] 완료: 발행 12건 / 재포장 7건 / 실패 0건
[board-auto] 시작 2026. 8. 25. 오후 6:00:02
[ingest] collected=90 inserted=0
[board-auto] 대기글 12건
  [openrouter] 향수 방향제 자동분사기 11,500원  ← 카페반응 54건
  [openrouter] 냉각 카라비너 BLDC 선풍기 9,900원
  [openrouter] 완도 활 특대 전복 1kg 9~10미 15,440원  ← 카페반응 1705건
  [openrouter] 지센 여름 원피스 29,900원 특가
  [openrouter] 쟌슨빌 폴리시 소시지 1.67kg 25,400원
  [openrouter] 이디야 아메리카노 350ml 12개 9,030원
  [openrouter] 무타공 욕실선반 일자형 5,930원
  [openrouter] 경북 홍로 햇 사과 4kg 12,660원  ← 카페반응 55건
  [openrouter] 소고기 육포 20g 990원 6개부터 무배  ← 카페반응 53건
  [openrouter] [G마켓] 29cm 스탠드 선풍기 19,900원 배송비포함
  [openrouter] 포켓비 휴대용 냉각 손선풍기 1+1 26,900원
  [openrouter] 스팸 클래식 340g 18개 48,764원
[board-auto] 완료: 발행 12건 / 재포장 4건 / 실패 0건
[board-auto] 시작 2026. 8. 25. 오후 10:00:05
[ingest] collected=90 inserted=0
[board-auto] 대기글 12건
  [openrouter] 토스 방수 매직밴드 2개 6,693원
  [openrouter] 남순남 순대국 일반 10인분 31,920원
  [openrouter] 내셔널지오그래픽 키즈 긴팔티 32,540원
  [openrouter] [롯데온] CJ푸드빌 3만원권 27,000원
  [openrouter] [카카오] 로지텍 MX ANYWHERE 3S 두산베어스 89,1
  [openrouter] [G마켓] 대한항공/진에어 면세점 30만원권 258,000원
  [openrouter] AHC 온리포맨 토너+로션 세트 13,930원
  [openrouter] 와룡막창 초벌막창 400g 3팩+소스80g 27,920원
  [openrouter] 로보락 Qrevo L 49.9만 하이마트  ← 카페반응 15건
  [openrouter] 홍콩 기화병가 동물 버터쿠키 1+1 23,900원
  [openrouter] 마늘근위볶음 250g×3팩 9,900원  ← 카페반응 20건
  [openrouter] 바이빠세 퍼퓸 바디워시 1L 3개 13,900원
[board-auto] 완료: 발행 12건 / 재포장 5건 / 실패 0건
[board-auto] 시작 2026. 8. 26. 오전 6:00:02
[ingest] collected=90 inserted=0
[board-auto] 대기글 12건
  [openrouter] [네이버] 3+3 9H 풀커버 강화유리 6매 9,900원
  [openrouter] 사생활보호 강화유리필름 2매 1,000원
  [openrouter] 테이크핏 단백질음료 16개 16,647원
  [openrouter] 피파네 삽결살 1kg+1kg 19,500원
  [openrouter] 카프리썬 오렌지망고 200ml 40개 15,130원
  [openrouter] 아쿠아 휩 폼클렌징 EX 225ml 4개 11,900원
  [openrouter] 자연별곡 수육 듬뿍 돼지국밥 500g 3팩 14,880원
  [openrouter] 팥/흑임자/고구마앙꼬절편 1kg 9,280원  ← 카페반응 12건
  [openrouter] 앤커 사운드코어 P40i 48,900원
  [openrouter] 추희자두 2kg 10,990원 토스 특가
  [openrouter] 프로젝트엠 남성 인기슬랙스 6종 택1 16,870원
  [openrouter] 데일리 코튼 롱 팬티라이너 81P×3팩 11,900원
[board-auto] 완료: 발행 12건 / 재포장 5건 / 실패 0건
[board-auto] 시작 2026. 8. 26. 오후 12:28:53
[ingest] collected=90 inserted=0
[board-auto] 대기글 12건
  [openrouter] 스카트 유리거울 이지앤퀵 30매 6팩 11,520원
  [openrouter] 아이더 기능성 카라 티셔츠 28,460원  ← 카페반응 803건
  [openrouter] 네파 남성 디플라이 하프 반바지 23,520원
  [openrouter] 지오다노 테이퍼드핏 슬랙스 23,800원
  [openrouter] 국산 원터치 흡착 코너선반 9,400원 무배
  [openrouter] 무주 황도 딱복 복숭아 2kg 10,580원
  [openrouter] [쿠팡] 브레이블리 디폴트 II 스위치
  [openrouter] [토스] 록키스 선 씨드 클렌징오일 300ml 5,400원
  [openrouter] 다이슨 에어랩 i.d. 멀티 스타일러 520,821원
  [openrouter] 아이스망고바 15개 13원  ← 카페반응 43건
  [openrouter] [오늘의집] 밥이보약 DOG 3.4kg 29,661원
  [openrouter] 코크제로 350ml 24+190ml 30 20,790원
[board-auto] 완료: 발행 12건 / 재포장 7건 / 실패 0건
[board-auto] 시작 2026. 8. 26. 오후 6:00:02
[ingest] collected=90 inserted=0
[board-auto] 대기글 12건
  [openrouter] 차오차이 레토르트 11팩 15,270원
  [openrouter] 리르 퓨어 페이셜 폼클렌저 120ml 3,000원 무배
  [openrouter] 오프라이스 한촌설렁탕 500g 5개 8,900원
  [openrouter] KG모바일 통화 200분 5GB+1Mbps 2,400원
  [openrouter] 난각번호1번 유정란 자연방목 계란 대란 20구 6,960원  ← 카페반응 22건
  [skip] ppomppu-727134 — 각색 실패
  [openrouter] [팔도감] 평택 꿈마지쌀 10kg 26,825원
  [openrouter] LG 휘센 제습기 20리터 36.9만원대!
  [openrouter] 버버리 허 EDP 30ml+비치백 63,648원
  [openrouter] 주니어 베이직 긴팔 티셔츠 3팩 14,800원  ← 카페반응 70건
  [openrouter] 닭다리 북채 2kg 14,880원
  [openrouter] 칵테일새우 900g 41/50 80-100미 9,830원  ← 카페반응 54건
[board-auto] 완료: 발행 11건 / 재포장 2건 / 실패 1건
[board-auto] 시작 2026. 8. 26. 오후 10:00:02
[ingest] collected=90 inserted=0
[board-auto] 대기글 12건
  [openrouter] 루치펠로 미스틱포레스트 100g 5개+칫솔 25,940원
  [openrouter] 오넛티 땅콩버터 230g 9,400원 (무첨가 100%)
  [openrouter] 쇠고기집 VIP 프리미엄 육포 선물세트 23,800원
  [openrouter] 횡성 흑찰옥수수 20개 15,960원 농할쿠폰가
  [openrouter] 아망떼 70평량 물티슈 72매×10팩 8,720원
  [openrouter] 나이키 줌 보메로5 포톤더스트 119,490원
  [openrouter] 꼬치어묵 10개입×3봉 8,940원
  [openrouter] 코렐 파인다이닝 2인 10P 65,900원
  [openrouter] 습기제로 대용량 제습제 275g 32개 25,900원
  [openrouter] 주종발효 단팥크림빵 15봉 17,010원 (W쇼핑)
  [openrouter] 크리오 퍼펙션 칫솔 30입 11,900원
  [openrouter] 펩타이드 토너 150ml 6,990원
[board-auto] 완료: 발행 12건 / 재포장 6건 / 실패 0건
[board-auto] 시작 2026. 8. 27. 오전 6:00:02
[ingest] collected=90 inserted=0
[board-auto] 대기글 12건
  [openrouter] 바디랩 검은콩두유 40포 20,900원
  [openrouter] 비비고 왕교자3+김치왕교자2 5봉 35,256원
  [openrouter] 국산 미단 전라도 포기김치 10kg 25,800원
  [openrouter] 폴햄키즈 버뮤다핏 6부 팬츠 9,910원
  [openrouter] 핀다이렉트Z MAX 110GB 요금제 12,900원
  [openrouter] 랩원오원 데님 클리어런스 9,340원
  [openrouter] 휘슬러 모던 커트러리 유니 5인세트 75,300원
  [openrouter] 셀렉스 프로핏 WPI 음료 330ml 36팩 50,048원
  [openrouter] 프레시웰 2L 24개 9,900원
  [openrouter] 레고 스피드 챔피언 5종 30,300원
  [openrouter] 태현쿡 매콤오돌뼈 300g 4팩 13,260원
  [openrouter] 맥심 모카골드 마일드 400개 47,040원  ← 카페반응 196건
[board-auto] 완료: 발행 12건 / 재포장 4건 / 실패 0건
[board-auto] 시작 2026. 8. 27. 오후 12:00:02
[ingest] collected=90 inserted=0
[board-auto] 대기글 12건
  [openrouter] 칼마아디 6개월분 180정 11,900원
  [openrouter] 아이더 온더락 카고 아이스 조거 팬츠 34,540원
  [openrouter] 오뚜기 열려라 참깨라면 2세트 4,280원
  [openrouter] 파워에이드 900ml 12입 11,510원
  [openrouter] 오리온 찍먹 오감자 20봉 19,860원
  [openrouter] 하이뮨 프로틴 밸런스 액티브 비건 250ml 24입 21,170
  [openrouter] 아디다스 에어로레디 드로즈 3장 15,980원
  [openrouter] 딱딱이 백도복숭아 4kg 중 19,980원  ← 카페반응 335건
  [openrouter] 동국제약 샐러드 미니볼 20포x2박스 9,900원
  [openrouter] 무선 공기압 종아리 마사지기 125,000원  ← 카페반응 22건
  [openrouter] 아임샐러드밀 21포+순수두유24팩 28,400원
  [openrouter] 카카오프렌즈 배뽈록 워치 거치대 11,000원 무배
[board-auto] 완료: 발행 12건 / 재포장 7건 / 실패 0건
[board-auto] 시작 2026. 8. 28. 오전 4:31:01
[ingest] collected=90 inserted=0
[board-auto] 대기글 12건
  [openrouter] 한양 오징어숏다리 20g 10봉 16,670원
  [openrouter] 아이더 초겨울 퍼텍스 프리마로프트 61,880원
  [openrouter] 제스프리 썬골드 키위 특대 2kg 19,900원
  [openrouter] 연세 아이스크림떡 6개 3박스 11,324원  ← 카페반응 131건
  [openrouter] 투끼 C to C 1M 5개 8,990원
  [openrouter] 호올스 블루베리 27.9g×20개 6,790원
  [openrouter] 휴가·집 함께 읽기 좋은 중고책 3,900원
  [openrouter] 레노버 온열 복부허리 마사지패드 31,790원
  [openrouter] 블랙야크키즈 스노우 롱다운 73,043원
  [openrouter] 뉴발란스 509 블랙 106,540원
  [openrouter] 스파클 생수 무라벨 500ml 80개 8,700원
  [openrouter] K2 시그니처 투르팬츠 40,630원
[board-auto] 완료: 발행 12건 / 재포장 7건 / 실패 0건
[board-auto] 시작 2026. 8. 28. 오전 6:00:02
[ingest] collected=90 inserted=0
[board-auto] 대기글 12건
  [openrouter] 블루베리 퓨레 14개 11,400원
  [openrouter] 한성 명란 떡갈비 500g 2팩 12,900원
  [openrouter] 한돈 삼겹/목살 1kg 18,800원  ← 카페반응 957건
  [openrouter] 마레주로 무소음 미니선풍기 18,880원
  [openrouter] 한우 1++ 보섭살 800g 25,880원  ← 카페반응 14건
  [openrouter] 에디션 센서빌리티 쿨소재 반팔 14종 11,140원
  [openrouter] 스팀 왜놈 사냥 1939 10,680원 광복절 할인
  [openrouter] 동원 노슈가 후르츠칵테일 822g 6개 11,900원
  [openrouter] 코야프 참나무 장작 10kg 5,290원
  [openrouter] 애슐리 케이준 컬리 프라이즈 740g 2팩 14,900원
  [openrouter] 트라이 에어로쿨 런닝 5장 11,980원
  [openrouter] 켈로그 감자칩 프링글스 110g 6개 (10,220원)
[board-auto] 완료: 발행 12건 / 재포장 7건 / 실패 0건
[board-auto] 시작 2026. 8. 28. 오후 12:00:01
[ingest] collected=90 inserted=0
[board-auto] 대기글 12건
  [openrouter] 부대찌개 500g 2팩+김치볶음밥 250g 8,420원  ← 카페반응 4673건
  [openrouter] 유니짜장 360g 4팩 12,900원
  [openrouter] 나일론 테이퍼드 슬랙스 21,800원
  [openrouter] 네이버 멤버십) 멜론 2KG 4,720원
  [openrouter] TCL 5.7평 벽걸이 에어컨 카드 327,720원
  [openrouter] 아워홈 치킨 가라아게 1kg 3팩 20,430원
  [openrouter] 새청무 특 20kg 59,000원 네이버 특가
  [openrouter] [토스] 거반도 납작 복숭아 500g 18,900원
  [openrouter] 스파오 맨투맨·집업·니트 등 9,420원  ← 카페반응 103건
  [openrouter] 테이크핏 맥스 9+9 골라담기 19,550원
  [openrouter] 덴티스테 브리즈민트 프로 180g 5개+칫솔 47,520원
  [openrouter] 마레주로 무선 BLDC 써큘레이터 62,800원
[board-auto] 완료: 발행 12건 / 재포장 6건 / 실패 0건
[board-auto] 시작 2026. 8. 28. 오후 6:00:02
[ingest] collected=90 inserted=0
[board-auto] 대기글 12건
  [openrouter] 옥션 루테인 2.0 6개월분 15,900원
  [openrouter] 아산맑은쌀 삼광 특등급 10kg 31,500원
  [openrouter] 왕돼지구이 1+1 2종 15,900원
  [openrouter] 카누 네스프레소 캡슐 40개 17,900원 잔증정
  [openrouter] 알로에 베라 젤리 스틱 겔 전잎 60포 27,460원
  [openrouter] 로투스 비스코프 샌드 바닐라 12개 14,630원
  [openrouter] 펩시 제로슈거/제로카페인 210ml 60캔 22,870원
  [openrouter] 파이토메이드 고칼슘&비타민D 두유 호두아몬드 190ml 24개 
  [openrouter] 여수 돌산갓김치 1kg 6,900원 (카드 6,560원)
  [openrouter] 모나리자 미용티슈 300매 6입 2개 (총12개) 17,190원
  [openrouter] K2 남성 초경량 KTR 엣지 패딩 72,230원
  [openrouter] 함박스테이크 1.8kg 15,790원
[board-auto] 완료: 발행 12건 / 재포장 10건 / 실패 0건
[board-auto] 시작 2026. 8. 28. 오후 10:00:01
[ingest] collected=90 inserted=0
[board-auto] 대기글 12건
  [openrouter] 순수공감 70평량 물티슈 72매 10팩 5,900원
  [openrouter] 인디고 버뮤다 반바지 9,460원 무배
  [openrouter] 아몬드브리즈 제로슈가 48팩 23,610원
  [openrouter] 조선호텔 포기김치 5kg 34,430원
  [openrouter] [롯데온] 피지 모락셀라 2.1L 13,840원
  [openrouter] 대구 빨간어묵 20개입+소스 6,900원  ← 카페반응 288건
  [skip] ppomppu-727261 — 각색 실패
  [openrouter] 비와이씨 프리미엄 60수 박서5매입 26,730원
  [openrouter] 곡물마켓 현미 500g 3개 5,470원  ← 카페반응 76건
  [openrouter] 폴햄 여성 포플린 반팔 오버핏 셔츠 12,220원
  [openrouter] 육식여행 소시지 4개 14,300원
  [openrouter] 앤커 사운드코어 붐3i 67,800원 (네이버)
[board-auto] 완료: 발행 11건 / 재포장 5건 / 실패 1건
[board-auto] 시작 2026. 8. 29. 오전 6:00:02
[ingest] collected=90 inserted=0
[board-auto] 대기글 12건
  [openrouter] 시티델리육즙가득핫도그2종혼합16입19,920원
  [openrouter] 오므론 HEM-7156T 혈압계 108,000원
  [openrouter] 해남 밤호박 설기 1kg 16,700원  ← 카페반응 26건
  [openrouter] 일리 캡슐 108개 70,930원 롯데온
  [openrouter] 노르웨이 고등어 특대 10팩 28,630원  ← 카페반응 13건
  [openrouter] 스팬윙 무선 미니 선풍기 9,900원
  [openrouter] 검은신화 오공 45,360원 n스토어  ← 카페반응 25건
  [openrouter] 베르데 엑스트라 버진 핸드피킹 올리브오일 1000ml 15,20
  [openrouter] 레노마 남성 SS 자켓 46,740원  ← 카페반응 132건
  [openrouter] 필립스 TAT3508 노캔 이어폰 18,905원
  [openrouter] 일리 캡슐 18개x4팩 신규가입시 개당 557원
  [openrouter] 폴햄 공용 20수 코튼 그래픽 반팔티 12,730원
[board-auto] 완료: 발행 12건 / 재포장 7건 / 실패 0건
[board-auto] 시작 2026. 8. 29. 오후 12:00:01
[ingest] collected=90 inserted=0
[board-auto] 대기글 12건
  [openrouter] 허시파피 남성 소가죽 페니 로퍼 61,000원
  [openrouter] 한돈 찜갈비 1kg 13,450원 무료배송
  [openrouter] 리얼 하이드로겔 아이패치 60+60매 14,020원
  [openrouter] 지마켓 전라도 배추김치 10kg 29,850원  ← 카페반응 2487건
  [openrouter] 한우 1++ 갈비 모듬 800g 48,430원  ← 카페반응 5595건
  [openrouter] 폴햄키즈 폴키베어 반팔티 5,040원
  [openrouter] 제크+빠다코코넛+롯데샌드 3종 10,890원  ← 카페반응 39건
  [openrouter] 인블룸 음식물쓰레기통 3L 19,740원
  [openrouter] 롯데온 미쯔 황치즈6P+미쯔6P+오뜨 2종 14,240원
  [openrouter] 탐진강 찰진쌀 10kg 28,990원 당일도정
  [openrouter] 도라에몽 진구의 목장 이야기 5,480원
  [openrouter] 오버핏 반팔 바람막이 5,200원 무배  ← 카페반응 364건
[board-auto] 완료: 발행 12건 / 재포장 7건 / 실패 0건
[board-auto] 시작 2026. 8. 29. 오후 6:00:02
[ingest] collected=90 inserted=0
[board-auto] 대기글 12건
  [openrouter] 유기농 아기 떡뻥 30g 10봉 12,580원
  [openrouter] 핀다이렉트Z MAX 100GB 6개월 체감가 7,000원
  [openrouter] 농부미학 참기름 들기름 350ml 1+1 12,900원
  [openrouter] 프로젝트엠 여성 스커트 4종 13,490원
  [openrouter] 삼성/LG/알파스캔/필립스 모니터 14종 108,480원
  [openrouter] 갤럭시워치9 링크브레이슬릿 풀구성 39,000원
  [openrouter] 스타우브 세라믹 그라탕 디쉬 27cm 36,900원
  [openrouter] 헬리코박터 프로젝트 윌 10개 15,500원
  [openrouter] 질레트 프로글라이드 센서티브 젤 170g 6개 22,900원
  [openrouter] 에브리워터 무라벨 500ml 40개 4,400원
  [openrouter] 무선 에어롤링 손목 마사지기 22,500원
  [openrouter] 코코에르 룩쿡 글라스 에어프라이어 32,900원
[board-auto] 완료: 발행 12건 / 재포장 5건 / 실패 0건
[board-auto] 시작 2026. 8. 29. 오후 10:00:01
[ingest] collected=90 inserted=0
[board-auto] 대기글 12건
  [openrouter] 꽃보다오징어 오리지날/소프트 230g+230g 29,980원  ← 카페반응 13건
  [openrouter] 카카오 엑스트라버진 500ml 2개+토마토 20,900원
  [openrouter] 프레시웰 생수 2L 24병 9,900원
  [openrouter] 한돈 고추장/간장 불고기 각 4팩(총 8팩) 16,550원  ← 카페반응 55건
  [openrouter] 오리온 찍먹 나쵸 치폴레마요 84g 14개 16,065원
  [openrouter] 애슐리 부채살 스테이크 1팩 9,810원
  [openrouter] 마인드브릿지 테이퍼드 하프 밴딩 반바지 9,910원 무배
  [openrouter] 홈스타 세정제 500ml 4개+배수구 1L 11,067원  ← 카페반응 186건
  [openrouter] 베지밀 고단백 검은콩 190ml 48팩 30,000원  ← 카페반응 98건
  [openrouter] 곰팡이제거제 500ml 8,164원
  [openrouter] 어가찬 국내산 햇다시멸치 1.5kg 8,640원
  [openrouter] 롯데마트제타 캐나다산 삼겹살 100g 1,221원
[board-auto] 완료: 발행 12건 / 재포장 4건 / 실패 0건
[board-auto] 시작 2026. 8. 30. 오전 6:00:03
[ingest] collected=90 inserted=0
[board-auto] 대기글 12건
  [openrouter] 네이버 프로야구 키링 4,700원 3개 무배
  [openrouter] 폴딩던전 무료
  [openrouter] 카스 레몬 스퀴즈 24캔+쿨러백 19,000원
  [openrouter] 비첸향 미니이지포크 450g 45,800원
  [openrouter] 3초 떡볶이 보통맛 7팩 9,900원  ← 카페반응 53건
  [openrouter] 부산 금강 육개장 630g 5팩 16,900원
  [openrouter] 도루코 페이스 쿨 크러쉬 쉐이빙폼 250ml 3개 9,930원
  [openrouter] 리고 100% 땅콩버터 1kg 2종 21,900원 (지마켓)
  [openrouter] 폴햄키즈 경량점퍼 3종 27,730원
  [openrouter] 아우라 섬유유연제 5.5L 13,857원  ← 카페반응 41건
  [openrouter] 효성 크레오라 냉감베개커버 2장 9,960원
  [openrouter] 푸마 인헤일 메탈릭 팀실버 스니커즈 29,310원
[board-auto] 완료: 발행 12건 / 재포장 7건 / 실패 0건
[board-auto] 시작 2026. 8. 30. 오후 12:00:02
[ingest] collected=90 inserted=0
[board-auto] 대기글 12건
  [openrouter] 맘스터치 시그니처 순살치킨 1kg 2팩 16,400원  ← 카페반응 11건
  [openrouter] 옵티멈 골드 스탠다드 웨이 초콜릿 5lb 124,019원
  [openrouter] 좋은느낌 오리지널 패드 18매x3팩 9,530원  ← 카페반응 721건
  [openrouter] [컨셉원] 와플 반팔 카라티 12,200원
  [openrouter] 마운틴벨리 초경량 패커블 바람막이 18,090원
  [openrouter] 매일 아몬드브리즈 48팩 23,610원~
  [openrouter] 플레이보이드로즈 10매 20,570원
  [openrouter] 카이로소프트 여름방학 번들 15-16 9,120원
  [openrouter] 남성 쿠션 클로그 9,810원 득템
  [openrouter] 빙그레 투게더 요맘때 3+2 21,520원
  [openrouter] 담양 새청무쌀 특등급 10kg 34,900원
  [openrouter] 메가커피 기프티콘 20% 할인 지마켓  ← 카페반응 18건
[board-auto] 완료: 발행 12건 / 재포장 8건 / 실패 0건
[board-auto] 시작 2026. 8. 30. 오후 6:00:02
[ingest] collected=90 inserted=0
[board-auto] 대기글 12건
  [openrouter] 스너글 오리지널 섬유유연제 6.6L 22,968원
  [openrouter] [지마켓] 메가커피 아이스아메리카노 1,600원  ← 카페반응 11건
  [openrouter] 베이직 긴팔티 3팩 14,800원
  [openrouter] 도브 바디워시 1L 3개 15,984원  ← 카페반응 144건
  [openrouter] 비타랩스 마그네슘 420 맥스 90정 2통 6개월분 9,200원
  [openrouter] 몽쉘 생크림 케이크 카카오 408g 2개 6,320원  ← 카페반응 41건
  [openrouter] [토스] 풀무원샘물 무라벨 2L 30개 13,500원
  [openrouter] 에그온 난각번호1번 무항생제 유정란 60구 20,477원
  [openrouter] 탐나유 국내산 방울토마토 2kg 6,900원 핫딜
  [openrouter] [동국제약] 이뮨128 28개 31,783원
  [openrouter] 알리 이어폰류 커뮤니티서 화제  ← 카페반응 2278건
  [openrouter] 메가커피 메뉴 20% 할인 + 금액권 10% 17원
[board-auto] 완료: 발행 12건 / 재포장 7건 / 실패 0건
[board-auto] 시작 2026. 8. 30. 오후 10:00:03
[ingest] collected=90 inserted=0
[board-auto] 대기글 12건
  [openrouter] 에텐울프 Air3 에어펌프 18,500원 득템
  [openrouter] 안동 홍로사과 2kg 13,790원
  [openrouter] [닌텐도] 도라에몽 진구의 목장이야기 11,800원
  [openrouter] [이마트] 애플워치 울트라 2세대 749,000원
  [openrouter] 농협안심 새청무 탄탄대로 쌀 10kg 26,900원
  [openrouter] 보디가드/제임스딘 런닝·드로즈 4,000원~
  [openrouter] BOSE 보스 QC 헤드폰 2세대 341,050원
  [openrouter] 보스 QC 헤드폰 2세대 341,050원 (29cm)  ← 카페반응 22건
  [openrouter] 하기스 매직컴포트 썸머 2박스 102,880원
  [openrouter] 조선호텔 포기김치 8kg 삼카 50,980원
  [openrouter] 머스크멜론 4kg 2수 15,600원 특가
  [openrouter] 푸마 페이크삭스 3켤레 5,900원
[board-auto] 완료: 발행 12건 / 재포장 4건 / 실패 0건
[board-auto] 시작 2026. 8. 31. 오전 6:00:02
[ingest] collected=90 inserted=0
[board-auto] 대기글 12건
  [openrouter] 시아스 김치볶음밥 3kg 15,200원 (첫구매 14,200원)
  [openrouter] 롯데온 꽃보다오징어 오리지날 230gx2 29,980원
  [openrouter] [GS샵] 깨끗한나라 순수한면 중형 68p 8,040원
  [openrouter] LG휘센 듀얼인버터 제습기 20L 377,108원  ← 카페반응 137건
  [openrouter] 푸마 의류/신발 80% 세일 9,900원~  ← 카페반응 18건
  [openrouter] 타미남성 코어 로고 티셔츠 32,873원  ← 카페반응 244건
  [openrouter] 이니스프리 선케어/클렌징 1+1 20%쿠폰  ← 카페반응 15건
  [openrouter] 의령 김가네 팥망개떡 20개 13,610원
  [openrouter] 국산 새청무쌀 상등급 10kg 28,900원
  [openrouter] 듀오덤 스팟패치 120매 11,510원
  [openrouter] 바쏘 엑스트라버진 올리브유 1L 2개 28,900원
  [openrouter] [핫딜] jorn p20 pro 로봇청소기 183,000
[board-auto] 완료: 발행 12건 / 재포장 8건 / 실패 0건
[board-auto] 시작 2026. 8. 31. 오후 12:00:02
[ingest] collected=90 inserted=0
[board-auto] 대기글 12건
  [openrouter] 마니커 버팔로 치킨윙봉 2kg 24,480원
  [skip] ppomppu-727436 — 각색 실패
  [skip] ppomppu-727434 — 각색 실패
  [openrouter] 질경이 여성청결제 퓨어폼3개+프로6정 30,000원
  [skip] ppomppu-727444 — 각색 실패
  [openrouter] 리퍼 돌체구스토 지니오 S 베이직 캡슐 커피머신 34,500원
  [skip] ppomppu-727447 — 각색 실패
  [openrouter] 오바코 멜라노셀 새치 샴푸 520ml 6,000원
  [openrouter] 물풍선 제조기 3다발 111개 5,200원
  [openrouter] 인테로 멀티비타민 6개월 25,570원
  [openrouter] 국내산 알토리 맛밤 50g×10봉 15,080원
  [openrouter] 켈로그 그래놀라 900g 8,720원 타임특가
[board-auto] 완료: 발행 8건 / 재포장 3건 / 실패 4건
[board-auto] 시작 2026. 8. 31. 오후 6:00:02
[ingest] collected=90 inserted=0
[board-auto] 대기글 12건
  [openrouter] [인더마켓] 넘버9 투뿔 한우 등심 500g 49,830원
  [openrouter] 노르웨이 순살 고등어 1kg 22,860원
  [openrouter] 빕스 오리지널 폭립+피자2종 23,520원
  [skip] ppomppu-727442 — 각색 실패
  [openrouter] 흑마늘 무뼈족발 300g 4팩 16,900원  ← 카페반응 19건
  [openrouter] 신안 산지직송 활새우 1kg 36미 내외 22,320원  ← 카페반응 118건
  [openrouter] 강씨네 양념 LA갈비 1kg 29,330원
  [skip] ppomppu-727455 — 각색 실패
  [openrouter] 롯데베스트아이스크림스틱바30개세트옥동자/스크류바/보석바등13,9
  [openrouter] 순땅콩버터 100% 크리미 300g×3개 11,900원
  [openrouter] 제주 흑돼지 맑은곰탕 560g 4팩 17,900원  ← 카페반응 998건
  [openrouter] 오향담은 순살족발 300g 4팩 19,890원
[board-auto] 완료: 발행 10건 / 재포장 7건 / 실패 2건
[board-auto] 시작 2026. 8. 31. 오후 10:00:02
[ingest] collected=90 inserted=0
[board-auto] 대기글 12건
  [openrouter] 국내산 깍두기 5kg 12,750원
  [openrouter] 리뉴 후레쉬 렌즈세척액 500ml 3개 14,430원
  [openrouter] 1+ 냉장 한우 국거리 600g 18,620원  ← 카페반응 1236건
  [openrouter] [네이버] 33떡볶이 춘천 국물 닭갈비 950g 4,600원 임
  [openrouter] 서울우유 고칼슘 무가당 블랙9곡두유 190ml 64팩 25,42
  [openrouter] 오리온 다이제샌드 93g+초코 98g 각5개 9,710원
  [openrouter] 하이큐 포스파티딜세린 5박스 97,900원
  [openrouter] 롯데온 한돈 뼈없는 감자탕 600g 3팩 12,850원  ← 카페반응 30건
  [openrouter] 아이더 스테롤 S 롱 구스다운 171,750원
  [openrouter] 프리미엄 냉장고 바지 1+1 9,900원
  [openrouter] 톡딜 바삭 찹쌀 누룽지 16입x2봉 9,900원
  [openrouter] 햇사과 5kg 중대과 22,350원
[board-auto] 완료: 발행 12건 / 재포장 6건 / 실패 0건
